protein,f_stat,p_value,eta_squared,p_adjusted
NP_001017,9.498944773909328,6.205620313116278e-06,0.4042285670825491,0.07080612777265673
NP_001135757,9.00363473752373,1.0939228584755597e-05,0.3914005260584721,0.12481659815206136
NP_000960,8.811953307352786,1.366177679856001e-05,0.38628666246272325,0.15588087327156971
NP_001003,7.672057235722378,5.300210580769824e-05,0.3540068740256191,0.6047540272658369
NP_000985,7.631517590722363,5.568139418713144e-05,0.35279621777417414,0.6353247076751697
NP_000975,7.631432661973257,5.5687151504277e-05,0.3527936767400918,0.6353903986638006
NP_054729,7.29244567488528,8.436336959163928e-05,0.34248981005910545,0.9625860470406042
NP_003467,7.13571153458306,0.00010241450065571353,0.33761397258414205,1.0
NP_000979,7.021634042313312,0.00011802414907324255,0.334019421524504,1.0
NP_055984,6.958225130566664,0.0001277417374413604,0.3320045035883499,1.0
NP_115805,6.179203744580303,0.0003430586999548405,0.30621643067754367,1.0
NP_003632,6.0580795038247315,0.0004010747254677865,0.3020268965764924,1.0
NP_002880,5.989142805841853,0.00043851448273643826,0.29961979180475484,1.0
NP_003237,5.782768233715687,0.0005736087466697728,0.2923133994897712,1.0
NP_001104488,5.731783309608166,0.0006131522587532954,0.2904848091868686,1.0
NP_066933,5.598364687649767,0.0007304518575834995,0.2856546848103949,1.0
NP_660093,5.583864284805201,0.0007445205048103921,0.2851257649460751,1.0
NP_006120,5.41597662161773,0.000929231512017436,0.2789443316277785,1.0
NP_000959,5.403615749294471,0.0009445687460879577,0.2784849905869194,1.0
NP_075378,5.281345761852218,0.0011110456323801129,0.27390960294385985,1.0
NP_000135,5.251390989955868,0.0011562472069759327,0.2727798210890687,1.0
NP_000981,5.236212276447778,0.0011798685231328109,0.2722059936331039,1.0
NP_066973,5.227109914425455,0.0011942708842701906,0.27186144655592415,1.0
NP_001191379,5.174898012365098,0.0012804445175479875,0.2698787763579248,1.0
NP_006724,5.10479889326527,0.0014062850517363166,0.26719982355138977,1.0
NP_003018,5.028625250510193,0.0015575022212370219,0.26426634527238724,1.0
NP_000098,4.980100372154412,0.0016624414137361545,0.26238535489836956,1.0
NP_079093,4.970290009052282,0.001684524108279024,0.2620039022429573,1.0
NP_056474,4.93231113062555,0.001772889612855293,0.2605234562539423,1.0
NP_076994,4.915702548585662,0.0018130140626438126,0.25987417258013573,1.0
NP_001166987,4.88750088964174,0.001883292745443763,0.2587690620479143,1.0
NP_919226,4.817040237809286,0.0020713538217638967,0.25599351316315705,1.0
NP_004173,4.806055689234063,0.00210236200526938,0.25555894168628857,1.0
NP_112595,4.802698285748236,0.002111934244983835,0.25542601454114205,1.0
NP_003017,4.791045567373441,0.002145505205251773,0.25496428871909327,1.0
NP_001928,4.771522138878222,0.002202982579971879,0.25418941008495977,1.0
NP_000659,4.73412689242616,0.00231752290283435,0.25270069534652706,1.0
NP_588614,4.679665343206262,0.002495358892121946,0.25052190482139663,1.0
NP_001363,4.662297178977431,0.0025549662105988163,0.2498243991221714,1.0
NP_001121687,4.652558559110394,0.002589025441867249,0.24943272765322408,1.0
NP_000610,4.643400126412224,0.0026214800224846763,0.24906401702090228,1.0
NP_839946,4.635895723213657,0.002648383789111945,0.2487616260612034,1.0
NP_067052,4.631386419278868,0.0026646858265405604,0.24857980587459294,1.0
NP_612392,4.6229596918784335,0.002695426245586579,0.2482397947676669,1.0
NP_054742,4.6199500741562805,0.0027064930728830402,0.24811828472991349,1.0
NP_001131080,4.59688972220892,0.002792849207423418,0.24718594296546212,1.0
NP_002510,4.591526722672305,0.0028133339163488066,0.24696878266984668,1.0
NP_055672,4.538790169983759,0.0030231549294957717,0.2448266649747476,1.0
NP_001020787,4.527034033150952,0.0030720739739019715,0.24434747758602918,1.0
NP_001127835,4.511179702324228,0.003139332832559108,0.24370028139037575,1.0
NP_078772,4.506618448959365,0.0031589609600777757,0.24351387917725045,1.0
NP_001138783,4.479414543779751,0.0032786637652498164,0.242400241261298,1.0
NP_002222,4.473130617975039,0.00330696850764156,0.24214253179277132,1.0
NP_000962,4.470873726255032,0.0033171951910661857,0.24204993182861728,1.0
NP_653254,4.453242994934542,0.0033982081076365345,0.24132576567473632,1.0
NP_004084,4.432291510065858,0.003497118684516189,0.24046340128927465,1.0
NP_000660,4.429277586873995,0.003511587717273857,0.24033918670955876,1.0
NP_055701,4.397973792799445,0.003665541275967989,0.23904663863151684,1.0
NP_001013009,4.39724394406453,0.003669211977391283,0.2390164503680023,1.0
NP_006250,4.3668290061371815,0.0038255731246153598,0.23775628360660556,1.0
NP_443167,4.342158932028938,0.003957398447445672,0.23673107119613346,1.0
NP_055029,4.33092090940241,0.004018980934848093,0.23626313870466642,1.0
NP_872620,4.32521456443176,0.004050625115003794,0.2360253163325447,1.0
NP_055601,4.322161938214103,0.004067657777473151,0.23589803172732976,1.0
NP_001124163,4.3141244311970635,0.004112855682375682,0.2355626908293907,1.0
NP_612459,4.308904614690713,0.0041424834642181515,0.23534475193198237,1.0
NP_001035492,4.301407044737776,0.004185422231211441,0.23503149425740819,1.0
NP_665803,4.24635884469965,0.0045149501361796286,0.23272362890819537,1.0
NP_653218,4.243036074740378,0.0045356700748004864,0.23258387788945697,1.0
NP_057394,4.232812824702256,0.004600031354615209,0.2321535829604711,1.0
NP_001129407,4.214322851856854,0.00471881784290399,0.23137411619050247,1.0
NP_859063,4.20007676979247,0.004812475283490565,0.2307724754635947,1.0
NP_659409,4.193146567804154,0.004858721015061167,0.23047945841455678,1.0
NP_001092084,4.191534309904107,0.0048695446950664575,0.23041125825335626,1.0
NP_003725,4.189956593015058,0.004880160344681235,0.2303445075082807,1.0
NP_000958,4.183708283672842,0.004922434855949768,0.23008003749319902,1.0
NP_148935,4.176429987574174,0.004972150176062835,0.22977174232944972,1.0
NP_001177893,4.174604115037681,0.004984702340987845,0.22969436300313184,1.0
NP_060633,4.152956250878976,0.005136014535156201,0.2287757538487918,1.0
NP_001129406,4.142414301709706,0.005211390806059724,0.22832762127581507,1.0
NP_006466,4.142380390296901,0.005211635091978626,0.22832617887961226,1.0
NP_653179,4.141414419867729,0.005218598519070569,0.22828508979609777,1.0
NP_060416,4.1093029946017285,0.005455573157773778,0.22691668452544453,1.0
NP_001153408,4.108127520836696,0.005464453523806199,0.22686650047662577,1.0
NP_001861,4.1061104242152275,0.0054797265293462264,0.22678037016297492,1.0
NP_689729,4.10033686444247,0.005523684092439103,0.2265337322255836,1.0
NP_477511,4.0995065659102226,0.005530035207685778,0.22649825015845998,1.0
NP_060150,4.092676729902387,0.005582561781165501,0.22620625963754057,1.0
NP_000935,4.068345127754752,0.005773867115308552,0.22516423607081618,1.0
NP_057726,4.061720992406969,0.005827099154236307,0.2248800650898379,1.0
NP_001001548,4.055069457397055,0.005881055715499671,0.22459450886995722,1.0
NP_001014,4.050473717499228,0.0059186336371035535,0.22439708679625686,1.0
NP_904358,4.039285276505116,0.006011146306712092,0.22391603739234578,1.0
NP_001074,4.030935349983954,0.006081149454543818,0.22355664150210275,1.0
NP_065394,4.030355133813567,0.006086044620121793,0.22353165558315416,1.0
NP_003376,4.029911644214186,0.006089788963804419,0.223512556452676,1.0
NP_001952,4.02400280722828,0.0061399017433789995,0.22325799936152405,1.0
NP_060395,4.016254644688941,0.006206252404033219,0.22292394972741478,1.0
NP_056244,4.013238684189474,0.006232276783554694,0.22279384371406583,1.0
NP_064538,4.006821610316798,0.006288020257225832,0.222516871496141,1.0
NP_065751,4.0045337664829646,0.006308017008564783,0.2224180763812812,1.0
NP_060791,3.9955805371035304,0.006386898183313853,0.22203121087788133,1.0
NP_005782,3.9950749574639826,0.006391382437272537,0.22200935349851994,1.0
NP_004749,3.992658538784447,0.006412859357194966,0.2219048691541603,1.0
NP_258429,3.992627253300955,0.006413137902313952,0.22190351620653193,1.0
NP_065828,3.9887852261809855,0.006447438792478351,0.22173733112204172,1.0
NP_004376,3.988179749505829,0.006452861426783421,0.22171113503662834,1.0
NP_997192,3.988053983637382,0.0064539883665008565,0.22170569352666325,1.0
NP_997219,3.9836343550401088,0.006493718776706861,0.22151442118948828,1.0
NP_001129627,3.9730562671167706,0.006589827603009354,0.22105624152447637,1.0
NP_056034,3.962564749282255,0.006686583974292551,0.2206012785251387,1.0
NP_001001,3.958090324912823,0.006728288431129357,0.22040708412196042,1.0
NP_000968,3.9463871880099743,0.006838628455722169,0.21989869864429126,1.0
NP_002130,3.9404078859548517,0.0068957135904846745,0.21963870113787728,1.0
NP_008909,3.938695899910402,0.006912147483690402,0.2195642270701558,1.0
NP_663722,3.9244420263562674,0.007050535539713575,0.21894360898853824,1.0
NP_937875,3.9235709507949976,0.007059083723064081,0.2189056500831364,1.0
NP_149078,3.921644996750985,0.007078021361851458,0.21882170958424513,1.0
NP_001019,3.920842090286796,0.007085931527341353,0.2187867104979357,1.0
NP_001107558,3.920056304927434,0.007093681747991368,0.21875245469231838,1.0
NP_078796,3.9171012132998815,0.007122905372873561,0.21862360248276175,1.0
NP_740753,3.90072688115383,0.007287075105897185,0.21790885403992044,1.0
NP_852610,3.8990443814498748,0.0073041611025345425,0.21783533792959067,1.0
NP_001098,3.8779290454258177,0.007522096638604438,0.2169115357585566,1.0
NP_062556,3.865134536887023,0.007657366231366915,0.21635070975292622,1.0
NP_001258745,3.8642716532222487,0.007666577837383839,0.21631285776631345,1.0
NP_000180,3.859022851221854,0.007722854662649211,0.2160825305712531,1.0
NP_004286,3.851796419336355,0.007801025157061639,0.21576519969521074,1.0
NP_073576,3.8230511145828054,0.008120042580090235,0.21450037314064527,1.0
NP_077305,3.8172296142898685,0.00818625247703712,0.2142437234590249,1.0
NP_056082,3.796713132319174,0.008424011668285075,0.21333788459085004,1.0
NP_001193903,3.7913671602326975,0.008487112301040108,0.21310150738202793,1.0
NP_001129626,3.788362523371548,0.008522788421302614,0.21296859215648115,1.0
NP_056311,3.7835896336655623,0.008579774663677063,0.21275736291749364,1.0
NP_001231293,3.7790436595293206,0.008634412604770814,0.2125560706131573,1.0
NP_938012,3.778936847584208,0.008635700628513768,0.2125513398230945,1.0
NP_001018077,3.7763856603155874,0.008666523125666466,0.21243832871752305,1.0
NP_004381,3.767460077894171,0.008775243455024274,0.21204269273026527,1.0
NP_001073863,3.764517714380393,0.008811387364094104,0.21191218218848773,1.0
NP_065757,3.7634565282908645,0.008824460123184667,0.2118651019466295,1.0
NP_001827,3.7490067420890396,0.009004446031839138,0.2112234671249994,1.0
NP_877437,3.7424831624274026,0.009086924335135789,0.21093344872676664,1.0
NP_078873,3.738033455686158,0.00914362348862659,0.21073550599758745,1.0
NP_001016,3.7256564067879885,0.009303237006939585,0.21018439719734494,1.0
NP_006364,3.7252013899122183,0.009309158650245527,0.21016412214262947,1.0
NP_055416,3.719358479163075,0.009385540964461423,0.20990367588853878,1.0
NP_001138771,3.717099082946767,0.009415248085849509,0.20980291782217247,1.0
NP_778228,3.7153364845414423,0.009438489650512442,0.20972429667274325,1.0
NP_002292,3.711424683265551,0.009490279449751098,0.2095497538813041,1.0
NP_065857,3.708117889971147,0.009534284958122445,0.20940214612368308,1.0
NP_001034796,3.7025033032914485,0.009609478079644353,0.2091513973960416,1.0
NP_001138770,3.7016232008783865,0.009621319436162823,0.20911207739947293,1.0
NP_001702,3.7013388112926053,0.009625148936768933,0.20909937099962905,1.0
NP_001138994,3.695040382500534,0.009710360513026558,0.20881785532146807,1.0
NP_006744,3.693533456803993,0.00973086135113674,0.2087504717936177,1.0
NP_001018079,3.6922394811399877,0.009748500289091935,0.20869260135642703,1.0
NP_006013,3.688497639651618,0.009799690891896373,0.20852520744233558,1.0
NP_001131147,3.686389795496152,0.009828647851739643,0.2084308803617397,1.0
NP_005443,3.683953701724379,0.00986222273638749,0.20832183593452597,1.0
NP_055410,3.683614937717016,0.0098669009086249,0.208306669800885,1.0
NP_002926,3.6813862259586383,0.0098977347412002,0.20820687806445115,1.0
NP_005267,3.6776195663228486,0.009950068941907322,0.20803816670707076,1.0
NP_056016,3.677408040938101,0.009953016227926294,0.20802869020287365,1.0
NP_003897,3.6745019499658707,0.009993598290749573,0.20789847206828738,1.0
NP_001138997,3.674318477481779,0.009996166034580872,0.2078902494692001,1.0
NP_060117,3.670900307539084,0.010044127174405648,0.2077370277491145,1.0
NP_000661,3.6614530955550872,0.010177905050594049,0.2073132417669854,1.0
NP_115560,3.6574712355687846,0.010234832363561954,0.20713448640376458,1.0
NP_001018060,3.657200132520274,0.010238719994693229,0.20712231299823117,1.0
NP_001034627,3.6560488604744354,0.010255246041267835,0.20707061298742893,1.0
NP_002336,3.654611007152382,0.010275923974928741,0.2070060340424264,1.0
NP_056392,3.654422994435183,0.010278630942345006,0.2069975889660674,1.0
NP_077007,3.6509952874145197,0.010328109756789057,0.20684359312121886,1.0
NP_733779,3.6498340064813246,0.010344927712366135,0.20679140694133696,1.0
NP_055579,3.646804813013236,0.01038892851271417,0.20665524731842588,1.0
NP_057733,3.643865300299788,0.01043180871885436,0.20652307407027612,1.0
NP_001164606,3.6435584904163267,0.010436294681791367,0.20650927602815744,1.0
NP_940941,3.629140438243993,0.010649334159613664,0.20586031695402876,1.0
NP_071896,3.6274617798801123,0.01067442371531156,0.2057846912492232,1.0
NP_059116,3.621628103124144,0.010762083574502309,0.20552176461391006,1.0
NP_005495,3.6148962279618764,0.010864150904417873,0.20521813930550387,1.0
NP_005245,3.6135100598363223,0.010885289666223817,0.20515559065515995,1.0
NP_062555,3.611279767714877,0.010919388987892015,0.205054931574882,1.0
NP_055756,3.604499738792456,0.011023718753637148,0.20474877402223182,1.0
NP_001011,3.59763467441897,0.011130390298603809,0.2044385362567346,1.0
NP_001630,3.5957581551633413,0.011159730542661155,0.20435369271702528,1.0
NP_001257810,3.591197662793112,0.011231364264131181,0.20414742257082383,1.0
NP_001280,3.5859846323446147,0.011313820721299233,0.20391150722087956,1.0
NP_004801,3.582440324357977,0.01137023369709978,0.20375102990652638,1.0
NP_001120665,3.581760833336307,0.011381081448913321,0.20372025687808387,1.0
NP_006346,3.5809663581867555,0.011393778214955786,0.20368427339144765,1.0
NP_073737,3.5756601277015907,0.011478948983025292,0.20344385938971785,1.0
NP_008986,3.5636427698566226,0.011674242051461784,0.20289884146201598,1.0
NP_115737,3.561951718492101,0.011701993037169359,0.20282208809067,1.0
NP_060365,3.5517762971489795,0.011870398504800284,0.20235993423217866,1.0
NP_060636,3.548034396302671,0.011932945614116567,0.20218984737403028,1.0
NP_065145,3.5432010841132486,0.012014232176474878,0.20197004338745778,1.0
NP_002392,3.5337620628595205,0.012174604167881707,0.20154043668385516,1.0
NP_001120664,3.5324368920419875,0.012197292779268166,0.20148008595686828,1.0
NP_061978,3.5317361251636967,0.01220930816720529,0.20144816805076798,1.0
NP_055543,3.531205874702801,0.012218407865814752,0.20142401497881357,1.0
NP_009129,3.530918335226791,0.012223345251077685,0.20141091685606285,1.0
NP_057136,3.5272341029047243,0.01228678751868546,0.20124305307933144,1.0
NP_056166,3.5262743365753244,0.012303369517173342,0.20119931189348061,1.0
NP_597717,3.5246843465503903,0.012330890031043174,0.20112683782770668,1.0
NP_003616,3.524557299306488,0.012333091739344803,0.2011210462615206,1.0
NP_065134,3.522989357049271,0.012360296840285404,0.20104956324886533,1.0
NP_002925,3.520708826999404,0.012399974833159652,0.20094557028274984,1.0
NP_003409,3.517021058462661,0.012464410874425059,0.20077734945483508,1.0
NP_110438,3.5156969028863476,0.01248763065978856,0.20071692964194926,1.0
NP_004086,3.5145187704652296,0.01250832680080107,0.20066316503036155,1.0
NP_001137532,3.5113691688931152,0.012563826865929488,0.2005193960007791,1.0
NP_001123498,3.5060736123670946,0.012657706114377072,0.20027755452200555,1.0
NP_001921,3.505322088674118,0.012671086707387083,0.20024322151387605,1.0
NP_001004019,3.5018242456333057,0.012733553838869129,0.20008338539378306,1.0
NP_004451,3.5015178189581846,0.012739041123035411,0.20006937999201602,1.0
NP_005348,3.4997827376653605,0.012770157147681545,0.19999006788425233,1.0
NP_055791,3.4932495578596683,0.012888014127780819,0.1996912892773636,1.0
NP_060034,3.492396076485353,0.01290349212418248,0.19965224096315212,1.0
NP_002498,3.4899107237459126,0.012948671972331361,0.19953850987973826,1.0
NP_689971,3.4888331742334837,0.012968310057990507,0.1994891905866897,1.0
NP_004949,3.4853436932870268,0.013032112908916265,0.1993294358077228,1.0
NP_001009,3.48476061360336,0.013042805187630782,0.19930273514252017,1.0
NP_001182760,3.4791800108220206,0.01314559190849276,0.19904709538250248,1.0
NP_001229840,3.4715512363229575,0.013287435704718435,0.19869736747276798,1.0
NP_004360,3.46411930830889,0.013427114476306288,0.19835636983198854,1.0
NP_001002843,3.4625146615324844,0.01345746811078806,0.198282706050345,1.0
NP_001120,3.4621877186235377,0.013463661131404625,0.19826769557236482,1.0
NP_789783,3.4606594310415963,0.013492648682187887,0.19819752196123974,1.0
NP_004927,3.4585275572957923,0.013533190564795813,0.1980996132660969,1.0
NP_079042,3.458047700069081,0.013542333062470463,0.1980775719873532,1.0
NP_001989,3.4577745529793984,0.013547540008629809,0.19806502498276804,1.0
NP_003496,3.4564238061492065,0.013573318916447771,0.19800297268972372,1.0
NP_079291,3.4436728719811143,0.01381913779591259,0.19741673082579486,1.0
NP_476507,3.443625469295111,0.013820060032982416,0.1974145498226102,1.0
NP_001018003,3.4375736566797817,0.01393831507604962,0.197136007816257,1.0
NP_001014437,3.432058300247066,0.014046982202925246,0.19688198841088225,1.0
NP_001035147,3.427668747495842,0.014134082424541342,0.19667970496560871,1.0
NP_058634,3.42513733363801,0.014184561366036946,0.19656300366861504,1.0
NP_071919,3.424586350155882,0.014195572761880507,0.1965375981579755,1.0
NP_054753,3.4221945684370674,0.014243473161911019,0.1964272959410573,1.0
NP_001252526,3.419867629665197,0.014290232410875714,0.19631995502889626,1.0
NP_005044,3.41980874531841,0.014291417696320934,0.19631723834152234,1.0
NP_036555,3.4193895392987352,0.014299858796197898,0.1962978973278298,1.0
NP_116114,3.4180807313544537,0.014326245431011348,0.1962375065354666,1.0
NP_001167561,3.41738492007278,0.014340293669970382,0.19620539683511232,1.0
NP_004333,3.4128282125275824,0.014432638615071483,0.19599505438595188,1.0
NP_000511,3.4105097871652226,0.014479854611708235,0.19588799115344693,1.0
NP_075060,3.408554552248635,0.01451979588272388,0.19579767763133205,1.0
NP_009118,3.4057485042268594,0.014577312928816722,0.19566802906521355,1.0
NP_246273,3.405664819322608,0.014579031808935142,0.1956641619079017,1.0
NP_005051,3.4056348762729503,0.01457964688634615,0.1956627782026757,1.0
NP_291032,3.402066484262481,0.014653136185427932,0.1954978443128655,1.0
NP_005727,3.3988113965059887,0.014720500979959476,0.1953473325878189,1.0
NP_001004,3.3922987934299007,0.01485622579160067,0.1950460277689901,1.0
NP_055118,3.391573527430345,0.014871418949720225,0.1950124594580867,1.0
NP_003786,3.3876458245086187,0.014953972338318503,0.1948306204704025,1.0
NP_061119,3.387510750094163,0.014956819620503384,0.19482436553350901,1.0
NP_057475,3.385689136253977,0.014995271849989533,0.19474000194757174,1.0
NP_005871,3.3811301669807365,0.015091946834065001,0.19452878693722303,1.0
NP_113662,3.370668518288851,0.01531618831950743,0.19404368431416524,1.0
NP_055674,3.3695403046860197,0.015340572204076175,0.19399133457648118,1.0
NP_057143,3.3680269482451792,0.015373341967997348,0.19392110331712,1.0
NP_056176,3.3592118720134674,0.015565637459406796,0.19351177327521366,1.0
NP_001265299,3.354404904584037,0.015671524679733,0.19328838545757315,1.0
NP_001265309,3.3530712969880625,0.015701030462005716,0.19322638855117522,1.0
NP_612355,3.3517421927187026,0.01573049266923005,0.19316459151434323,1.0
NP_058625,3.351423733774832,0.015737560260478844,0.19314978327981405,1.0
NP_001138422,3.350383204664809,0.01576067528782865,0.19310139523396977,1.0
NP_068506,3.346487727753976,0.01584751826695771,0.19292019112316744,1.0
NP_060898,3.3452892593160457,0.01587433356566334,0.19286442614494384,1.0
NP_001181926,3.3432085038925656,0.015920999064282904,0.19276758986909517,1.0
NP_057251,3.3347346488224074,0.016112485235333047,0.19237298501416306,1.0
NP_003363,3.332794242349458,0.016156660796881765,0.1922825711624958,1.0
NP_055946,3.331756806098849,0.016180329576400004,0.1922342231877175,1.0
NP_002100,3.330256650146745,0.01621461735153799,0.19216430070114093,1.0
NP_001013694,3.328492389134921,0.016255035833722443,0.19208205274810325,1.0
NP_057206,3.3276951032267488,0.01627333481975046,0.19204487864096056,1.0
NP_775811,3.327666948046971,0.01627398140781308,0.19204356582015442,1.0
NP_060729,3.327042042892477,0.01628833915840049,0.19201442662033735,1.0
NP_006186,3.3248700123576027,0.0163383434636776,0.19191312892887613,1.0
NP_003678,3.3188862012215314,0.016476908795445774,0.19163392857142544,1.0
NP_001185624,3.313353178386707,0.01660609539205939,0.19137558994192774,1.0
NP_001238907,3.313170424466703,0.016610379857036988,0.19136705428513445,1.0
NP_001073948,3.309065274941125,0.016706916431867405,0.19117527274749851,1.0
NP_003165,3.3057985794660256,0.016784142162619555,0.19102259651793704,1.0
NP_003617,3.30351179253927,0.016838417755578455,0.1909156841771068,1.0
NP_001248342,3.303242825165104,0.01684481322576098,0.19090310750080938,1.0
NP_001116244,3.3001513871532415,0.016918498043515515,0.19075852651808986,1.0
NP_056992,3.297348689579298,0.016985583019312155,0.1906274047401131,1.0
NP_001186284,3.2960656501764705,0.017016383569019952,0.1905673646736442,1.0
NP_061943,3.2956167829047125,0.01702717240445595,0.19054635774320336,1.0
NP_001153208,3.2952312299577153,0.017036444971000864,0.19052831304446055,1.0
NP_149077,3.2863551260488975,0.017251336573214527,0.19011266991134942,1.0
NP_036230,3.285025015669902,0.017283774546682278,0.19005034778323038,1.0
NP_478054,3.2848955781325087,0.017286934493736524,0.19004428249415053,1.0
NP_055211,3.280756728056081,0.017388285112020434,0.18985029299843242,1.0
NP_004696,3.2806665678302522,0.01739049961044625,0.18984606611978452,1.0
NP_060792,3.2743668286886525,0.017545942314679475,0.1895506134123945,1.0
NP_149130,3.271691139788912,0.017612388753437628,0.1894250605403599,1.0
NP_055478,3.270616037111137,0.01763915895014107,0.189374601929846,1.0
NP_115949,3.2705717725186836,0.01764026202744335,0.1893725242914591,1.0
NP_149129,3.2651870932532145,0.017774971377684846,0.18911970519735416,1.0
NP_038474,3.2638211720371326,0.01780930824707522,0.189055547987468,1.0
NP_002351,3.260544053292433,0.0178919635413477,0.18890158057737977,1.0
NP_976249,3.259019464500278,0.017930548973013542,0.1888299315730936,1.0
NP_003343,3.258442822079919,0.017945165031055192,0.18880282860230976,1.0
NP_001094058,3.2574661904389726,0.017969947083713043,0.18875692146763023,1.0
NP_127490,3.257058463315193,0.017980303424882223,0.18873775448110128,1.0
NP_660352,3.254605912088027,0.018042726346758242,0.18862244253332686,1.0
NP_006043,3.253682501742878,0.01806628605382706,0.1885790179235191,1.0
NP_862828,3.253245784265359,0.018077439227481024,0.1885584790794704,1.0
NP_001003962,3.2516508113907645,0.01811823195912183,0.18848345859422294,1.0
NP_072045,3.2478639439894965,0.018215458059856814,0.1883052854855865,1.0
NP_478056,3.2471366922625746,0.01823419031922857,0.18827105914451917,1.0
NP_001106197,3.247068027736842,0.01823595996036948,0.18826782746579812,1.0
NP_835739,3.240960613132707,0.01839405976595077,0.18798028055722243,1.0
NP_001257291,3.240301050131599,0.0184112164089062,0.18794921508095505,1.0
NP_065708,3.239721716479798,0.01842629948372978,0.1879219264533071,1.0
NP_008833,3.239689813364986,0.01842713045154689,0.18792042365248537,1.0
NP_073741,3.238224139462664,0.018465347229467938,0.18785137687411488,1.0
NP_940876,3.23436847856129,0.018566265580892624,0.18766968355032476,1.0
NP_057103,3.2306755056639194,0.01866344938650112,0.18749558046067086,1.0
NP_000181,3.225659571095354,0.01879627361367931,0.18725898754599846,1.0
NP_065833,3.2219312245081366,0.018895621711950573,0.1870830386271128,1.0
NP_000387,3.220709086593504,0.018928303211268437,0.18702534665665196,1.0
NP_001185619,3.2202534618429945,0.018940501827719725,0.18700383644053212,1.0
NP_005539,3.219689396229638,0.01895561480003737,0.18697720511350277,1.0
NP_001171564,3.217823263770945,0.01900570102725519,0.1868890866444053,1.0
NP_071441,3.2164732650867167,0.019042017941104855,0.18682532801938026,1.0
NP_079029,3.215330786694622,0.019072807141269743,0.18677136248695744,1.0
NP_004416,3.212450486581977,0.019150653622751226,0.18663527828801924,1.0
NP_001008661,3.209351965644347,0.01923475718690727,0.18648883305143,1.0
NP_919223,3.208254618779518,0.01926463219174653,0.18643695655678655,1.0
NP_003204,3.2075352319923107,0.01928424280946655,0.18640294433504045,1.0
NP_001201835,3.2062732525986664,0.01931869343311312,0.18634327175493517,1.0
NP_060552,3.199302029406097,0.01951012568945043,0.18601348031078047,1.0
NP_002606,3.1974291630851575,0.01956188169377506,0.1859248340413894,1.0
NP_000970,3.197291376678855,0.019565694856093118,0.18591831159031724,1.0
NP_443202,3.19637866133356,0.019590972750273702,0.1858751033739847,1.0
NP_006283,3.1952934363771246,0.019621071361909784,0.18582372253196858,1.0
NP_001478,3.195075265643176,0.019627127954409934,0.18581339228140123,1.0
NP_004719,3.1945934390748123,0.01964051054632612,0.1857905771598576,1.0
NP_001885,3.1921504953843236,0.019708504836855295,0.18567488088481648,1.0
NP_001987,3.191456813242102,0.019727855437657982,0.1856420225413248,1.0
NP_060496,3.1891922848905643,0.01979115949742152,0.18553473787676972,1.0
NP_001123990,3.1869101458902667,0.019855163838611266,0.18542659028518402,1.0
NP_001433,3.184260828913426,0.01992972874908811,0.18530100657898177,1.0
NP_004739,3.1810357358612693,0.020020881398742606,0.18514807749463114,1.0
NP_008980,3.1802260674205076,0.020043831695418155,0.18510967521267283,1.0
NP_002365,3.178824588513209,0.020083619974377603,0.185043195018055,1.0
NP_001002251,3.1753812900187337,0.020181715653544423,0.1848798135191367,1.0
NP_001248341,3.1744830481981254,0.020207385180463062,0.18483718195705334,1.0
NP_055097,3.173819379056758,0.020226372419108306,0.18480568061215244,1.0
NP_056355,3.16837793260878,0.020382731726256792,0.1845473081409117,1.0
NP_001243661,3.1683276626608845,0.020384181913642323,0.18454492044391893,1.0
NP_003557,3.168247861079079,0.02038648424393752,0.18454113003934375,1.0
NP_055580,3.1666741847442252,0.02043193966783778,0.18446637657738038,1.0
NP_001171565,3.1619844624187534,0.020568010641964687,0.18424352203224842,1.0
NP_001230156,3.161207486466709,0.02059064273894945,0.18420658854918168,1.0
NP_001092047,3.159913826437363,0.020628380940491423,0.18414508711396035,1.0
NP_001004125,3.1594313264144316,0.020642474170872536,0.18412214637620009,1.0
NP_036596,3.158338321023782,0.020674435541430707,0.18407017404208256,1.0
NP_005764,3.1541222946886807,0.020798189089649553,0.1838696402243367,1.0
NP_612208,3.1498015292224104,0.020925794552467535,0.1836640222252896,1.0
NP_065867,3.14488964500541,0.02107181963354629,0.18343014799874016,1.0
NP_001840,3.140473239157104,0.02120399436733536,0.18321975101496893,1.0
NP_006169,3.1374297261539166,0.021295568677439137,0.1830746953474474,1.0
NP_003133,3.135579994793557,0.02135141933947878,0.18298651085905857,1.0
NP_071448,3.1328225864577117,0.02143495142809429,0.1828550182346478,1.0
NP_004146,3.1325693773020267,0.02144263861485917,0.18284294131925083,1.0
NP_001034933,3.1289964357758704,0.021551407335831857,0.18267249032994154,1.0
NP_000934,3.127012558356049,0.021612041909454843,0.18257781663331707,1.0
NP_006275,3.126294094619472,0.021634043314817993,0.18254352502341137,1.0
NP_001484,3.12596801239229,0.021644036350782617,0.18252796047092637,1.0
NP_006477,3.123393284770195,0.02172310489932769,0.18240504278717878,1.0
NP_059112,3.1198601336843557,0.021832081672073567,0.18223630971995158,1.0
NP_004681,3.1177957793757964,0.02189601039420428,0.1821376898965135,1.0
NP_060334,3.1150781155719955,0.021980459380123156,0.18200782342546076,1.0
NP_068766,3.113711332232505,0.022023055309722112,0.1819424946339982,1.0
NP_060090,3.1120432696947753,0.022075153707649387,0.18186275131773225,1.0
NP_037533,3.1110757805092364,0.02210542824565968,0.18181649245297477,1.0
NP_060755,3.1102508123541086,0.022131276182444634,0.18177704385890206,1.0
NP_055082,3.108334587952119,0.022191433360278304,0.1816853985390865,1.0
NP_001092108,3.1068870961488426,0.022236984890560883,0.18161615720537927,1.0
NP_115698,3.1021133248334616,0.022387882901663943,0.18138771892763553,1.0
NP_056473,3.099621013614851,0.02246707515217809,0.18126840420304688,1.0
NP_006306,3.0995491699422084,0.0224693621509749,0.1812649643062306,1.0
NP_612444,3.098305414675498,0.022508991910468706,0.18120540834509943,1.0
NP_001182144,3.097972683936761,0.022519605676832588,0.18118947440167868,1.0
NP_000203,3.097038490846905,0.02254943251237496,0.18114473407221607,1.0
NP_620061,3.0946495397625813,0.022625888441285397,0.181030300303282,1.0
NP_055568,3.0935219508429705,0.022662066718097954,0.1809762762606341,1.0
NP_000419,3.093311871851641,0.022668813482590963,0.18096621035421134,1.0
NP_003281,3.0905708021127936,0.022757030187214172,0.18083484968979072,1.0
NP_056268,3.085377456487632,0.022925121617362147,0.18058585268867192,1.0
NP_003090,3.084275201034177,0.022960959058676306,0.18053298514223615,1.0
NP_002668,3.0842424444779053,0.02296202493254151,0.18053141393312513,1.0
NP_001457,3.083664578710446,0.022980836474785635,0.18050369488951967,1.0
NP_001713,3.08254160330195,0.023017437775210578,0.1804498226836523,1.0
NP_003869,3.0812707935831813,0.023058928502800963,0.1803888499174607,1.0
NP_075384,3.0806802668009827,0.023078234345949057,0.18036051367279407,1.0
NP_060379,3.0791542301366213,0.02312820007907332,0.18028727820159685,1.0
NP_001014809,3.077062834586286,0.02319685445485535,0.18018688953666503,1.0
NP_734467,3.075543090442046,0.023246872320610082,0.18011392517076466,1.0
NP_612143,3.0729167016483805,0.023333569087401633,0.17998779911763355,1.0
NP_114109,3.0727152282355097,0.023340233172837416,0.1799781222352808,1.0
NP_116201,3.0727064791131307,0.023340522608912884,0.17997770200479354,1.0
NP_008890,3.0722463923210888,0.02335574818395329,0.1799556028961106,1.0
NP_444251,3.0698567765853957,0.02343498886149774,0.1798408045693913,1.0
NP_036364,3.0677316813409914,0.023505686039505116,0.1797386869337029,1.0
NP_001265618,3.0663706446504873,0.02355107782210807,0.17967327140007086,1.0
NP_054765,3.064653187957245,0.023608482902449532,0.1795907103532588,1.0
NP_060585,3.0638178496634447,0.023636454707336517,0.17955054822176703,1.0
NP_001156863,3.0615607224620645,0.023712203501231092,0.17944200839911598,1.0
NP_005084,3.0584346301742618,0.023817519718410732,0.17929163469456164,1.0
NP_573566,3.0545662565577922,0.023948497177677573,0.17910547888506137,1.0
NP_065859,3.0540269337690673,0.023966815541052053,0.17907951861631694,1.0
NP_003874,3.0489953141188706,0.024138400235803107,0.17883724277839946,1.0
NP_057483,3.046950171775342,0.024208496283680027,0.17873872693194,1.0
NP_002640,3.0412257217658687,0.024405793159903405,0.17846285070219273,1.0
NP_699167,3.0406002152824243,0.02442744980085417,0.1784326946744247,1.0
NP_001243785,3.0400008076692386,0.024448221036173754,0.17840379481091437,1.0
NP_000289,3.039712771368333,0.024458208682772552,0.17838990669349392,1.0
NP_002442,3.0374224662856886,0.024537771655345625,0.17827945936636,1.0
NP_620482,3.035562728250194,0.024602569340284586,0.17818975379171342,1.0
NP_036233,3.032984214503921,0.024692696770642158,0.17806534523300227,1.0
NP_001171721,3.0318996905090874,0.024730703912138764,0.17801300768572462,1.0
NP_112570,3.030984157381236,0.024762834734149773,0.17796882020277183,1.0
NP_113649,3.0308517669273667,0.024767484490248563,0.17796243008896667,1.0
NP_001724,3.027923755385395,0.024870546346483533,0.17782107782974763,1.0
NP_001830,3.026202878253702,0.024931320648019267,0.17773797833214153,1.0
NP_001157,3.0262027503827253,0.024931325169461293,0.17773797215675127,1.0
NP_001304,3.0252360037890953,0.024965532424959306,0.17769128152560162,1.0
NP_001376,3.0246939589599764,0.024984732802910897,0.17766510025092705,1.0
NP_001171619,3.022859763655084,0.025049814508355837,0.17757649452702934,1.0
NP_055412,3.0227573829408363,0.025053452262691234,0.17757154818937027,1.0
NP_001005336,3.0224122985905666,0.02506571760223237,0.17755487562951458,1.0
NP_005373,3.01998873090517,0.02515202942986939,0.1774377632472473,1.0
NP_067040,3.0170244536842654,0.025258005761385986,0.17729447718053126,1.0
NP_058651,3.01627594181921,0.025284837112952735,0.1772582880139132,1.0
NP_787071,3.0159174307718812,0.025297698579655477,0.17724095353905764,1.0
NP_001034813,3.0156345241553306,0.025307852422505214,0.17722727412100608,1.0
NP_004231,3.0117272029055844,0.025448512063945786,0.1770382964047992,1.0
NP_057649,3.0089723674134343,0.02554815731719699,0.17690500651163146,1.0
NP_064703,3.005017150098142,0.025691910441291505,0.17671356186081824,1.0
NP_001129663,3.003710765541937,0.02573957031793376,0.17665030927419467,1.0
NP_001020767,3.003509014162068,0.025746938614451296,0.17664054000033014,1.0
NP_057085,3.0009805759094608,0.025839462054986786,0.17651808744266645,1.0
NP_001099008,3.0009256751721973,0.025841474760881812,0.17651542818957722,1.0
NP_008966,2.99994883608455,0.02587731293635145,0.17646810969905852,1.0
NP_110409,2.999824571221522,0.025881875547074464,0.17646208986767023,1.0
NP_003613,2.9986449731713103,0.02592522707733261,0.1764049415646967,1.0
NP_113640,2.9956191378690993,0.026036765133894052,0.17625831183721666,1.0
NP_940938,2.995197201270742,0.02605235693421185,0.17623786095561084,1.0
NP_443192,2.994015579095722,0.02609607149783435,0.17618058340364534,1.0
NP_006011,2.993637795147603,0.0261100633641576,0.17616226915242433,1.0
NP_955805,2.993578350696181,0.02611226567876288,0.17615938732371467,1.0
NP_000971,2.9930388920570516,0.026132260261360334,0.17613323379469628,1.0
NP_115551,2.9905615324921397,0.026224280021530322,0.17601310744045137,1.0
NP_689505,2.986655585498707,0.026370028047474514,0.1758236381768038,1.0
NP_001388,2.9819376003634486,0.026547166744179975,0.17559466243119565,1.0
NP_001135891,2.981309625996187,0.026570834629441886,0.17556417565298893,1.0
NP_000681,2.9796114208322457,0.026634945360842432,0.17548172022220537,1.0
NP_001157650,2.97877227962551,0.026666682231957558,0.17544097008710283,1.0
NP_653237,2.97769520837436,0.026707473671771006,0.17538865975786833,1.0
NP_036350,2.9750554106173275,0.02680771587327026,0.17526042411363976,1.0
NP_001184162,2.9738109871027256,0.026855102421007054,0.17519995888738987,1.0
NP_001166110,2.9733673180588935,0.026872017364535736,0.1751783993324275,1.0
NP_002617,2.972013420125895,0.026923701355508253,0.17511260134885345,1.0
NP_056936,2.970001587636975,0.02700068668607243,0.1750148090616967,1.0
NP_055532,2.969687421856814,0.02701272866146001,0.1749995358212599,1.0
NP_002730,2.9691667056943736,0.02703269964125067,0.17497421984180309,1.0
NP_002422,2.9688101673476077,0.02704638251040295,0.17495688490053177,1.0
NP_001025177,2.9670379974529615,0.027114496750274972,0.17487071095723156,1.0
NP_543022,2.9666499660218726,0.027129434000574222,0.17485184004874335,1.0
NP_061913,2.9662484954209356,0.02714489732421432,0.17483231465232305,1.0
NP_055055,2.9650838839378806,0.02718980461759187,0.1747756689104937,1.0
NP_078805,2.963606437802269,0.027246882589224596,0.17470379595685903,1.0
NP_068746,2.961416580678261,0.02733170534374723,0.1745972434903688,1.0
NP_116116,2.9609164498087206,0.027351114917295593,0.17457290462875394,1.0
NP_116205,2.9582689428023583,0.02745409371390863,0.17444403982388457,1.0
NP_001186011,2.956905879826995,0.02750726445028561,0.17437767837968113,1.0
NP_002729,2.9554746001962395,0.02756320794059955,0.17430798428738964,1.0
NP_068775,2.955149928461928,0.027575914123797344,0.17429217322939938,1.0
NP_071905,2.9550010683610353,0.02758174180894475,0.17428492374885368,1.0
NP_001032209,2.954124267585605,0.02761609265439604,0.17424222100539652,1.0
NP_060457,2.9540896451549723,0.02761744995874002,0.17424053470185416,1.0
NP_001018857,2.953017951080761,0.027659496891800698,0.1741883338767128,1.0
NP_000811,2.9508195960908736,0.027745949390577382,0.17408123420600727,1.0
NP_001185844,2.9506905927416733,0.027751031028341307,0.174074948545469,1.0
NP_062565,2.9496100879657834,0.027793630604063053,0.17402229742500128,1.0
NP_149094,2.948664115710723,0.027830980263091703,0.1739761963290919,1.0
NP_003358,2.9482005172656476,0.027849302908166493,0.1739536014022389,1.0
NP_115513,2.947453082555521,0.027878869125358627,0.17391717022007364,1.0
NP_060522,2.946408893230822,0.027920227023157967,0.17386626935502272,1.0
NP_001099011,2.9448847414284005,0.027980706147536852,0.17379196060439864,1.0
NP_060609,2.9441680013606644,0.028009192389364283,0.17375701191845128,1.0
NP_001254645,2.94067499771973,0.028148437815698334,0.1735866485907766,1.0
NP_001543,2.9384689309497567,0.028236739907299337,0.17347901648776667,1.0
NP_149132,2.9373997240155707,0.02827963736756204,0.17342684071219186,1.0
NP_055820,2.9353313122142315,0.02836281025304857,0.1733258864618248,1.0
NP_001243731,2.935324340750199,0.028363090998929284,0.1733255461595825,1.0
NP_006233,2.933895504677797,0.028420690400123787,0.17325579361626167,1.0
NP_056289,2.933768067869282,0.028425833368861352,0.17324957186793616,1.0
NP_005005,2.933457630243443,0.028438365628802788,0.17323441522091965,1.0
NP_004361,2.926666986407129,0.028713898768511492,0.17290273322901512,1.0
NP_004521,2.9266515776843365,0.028714527032642136,0.17290198030322543,1.0
NP_783322,2.9264363374604496,0.028723304530143795,0.17289146274599204,1.0
NP_055974,2.923736490446904,0.02883363419807835,0.17275951395823808,1.0
NP_003637,2.9218471458759097,0.02891109640342428,0.1726671515637703,1.0
NP_009165,2.9209007786800205,0.028949975770721496,0.1726208797560172,1.0
NP_002075,2.9189661425663167,0.029029619921772033,0.17252627128453846,1.0
NP_060205,2.917865157357917,0.02907504325382511,0.17247242073500507,1.0
NP_060036,2.916285315230762,0.029140347890497586,0.17239513645499072,1.0
NP_001701,2.9146047636462793,0.02920997766460622,0.17231290972346536,1.0
NP_057292,2.911135997313931,0.02935422840857348,0.17214313679319462,1.0
NP_001911,2.910440551756086,0.029383235169523753,0.17210909099904245,1.0
NP_056502,2.908237238117501,0.029475325279920386,0.17200120847377548,1.0
NP_001099010,2.9080829810356796,0.02948178351580382,0.17199365441353834,1.0
NP_115967,2.9055071521850255,0.0295898358209699,0.17186749418573283,1.0
NP_056308,2.9004453772679604,0.02980333334165626,0.17161946401538153,1.0
NP_001138450,2.8990898664888665,0.029860769486133504,0.17155301790765679,1.0
NP_689787,2.8986660205069077,0.029878751691791057,0.17153223911220633,1.0
NP_004664,2.897985250565665,0.02990765704962108,0.17149886259183791,1.0
NP_689419,2.8977009005615155,0.029919738830485834,0.17148492079565836,1.0
NP_000961,2.8947364691990902,0.030045987975283864,0.17133954557246303,1.0
NP_001243100,2.892674283286498,0.030134128541285905,0.17123838622452395,1.0
NP_065819,2.8923629295349174,0.03014745881654848,0.1712231107986591,1.0
NP_003583,2.8914641925728284,0.030185970584576352,0.17117901441866737,1.0
NP_005773,2.889803299069989,0.03025727191589088,0.171097510604467,1.0
NP_000421,2.8892001723857708,0.030283205791356863,0.17106790984156128,1.0
NP_001073869,2.8880159687601643,0.030334190550118996,0.17100978434071132,1.0
NP_976324,2.8873762783605033,0.030361767751799787,0.1709783823589216,1.0
NP_002928,2.885123928872815,0.030459068108985462,0.170867797063626,1.0
NP_002309,2.88496695638789,0.03046586093055676,0.17086008896786462,1.0
NP_940888,2.878934714177562,0.030728058565014097,0.1705637685629168,1.0
NP_003238,2.877068300387878,0.030809643405308475,0.17047204225166018,1.0
NP_057185,2.87676096181955,0.030823098707706127,0.17045693592080088,1.0
NP_055143,2.875345630486523,0.030885138381435893,0.17038736233597532,1.0
NP_057551,2.8747149361075146,0.030912824724797137,0.17035635546982597,1.0
NP_001121363,2.8721715724793935,0.031024727507961383,0.17023129240602697,1.0
NP_000573,2.871835434594397,0.03103954735610241,0.17021476090893584,1.0
NP_001012986,2.8714150304904176,0.031058092411938812,0.17019408421292048,1.0
NP_001106177,2.870936391886715,0.031079219910162666,0.1701705421204336,1.0
NP_056277,2.8705497018929913,0.031096299284740322,0.17015152159332997,1.0
NP_036469,2.8701047208831225,0.031115964954317746,0.17012963276572218,1.0
NP_001188291,2.8700802805325623,0.031117045443533435,0.17012843049979592,1.0
NP_001185982,2.869066598030713,0.03116189284891855,0.17007856251902212,1.0
NP_071745,2.868315779830125,0.03119515252435943,0.1700416222501504,1.0
NP_004879,2.8678601291990704,0.031215354310596157,0.17001920262752648,1.0
NP_001164006,2.8628661809924387,0.031437631417761354,0.16977340330313578,1.0
NP_002094,2.8590493449190766,0.031608589368305184,0.16958544259678118,1.0
NP_037478,2.857409896659851,0.031682307956514874,0.1695046815718719,1.0
NP_001154806,2.857371281106076,0.031684046407366814,0.16950277913785103,1.0
NP_001265871,2.855414333339845,0.03177227290492098,0.16940635672727802,1.0
NP_003519,2.8550499307577097,0.03178872880947637,0.16938839946998377,1.0
NP_115766,2.8529476050506415,0.03188383444179623,0.16928478459136995,1.0
NP_001026849,2.852688595141967,0.031895571398226095,0.1692720172830047,1.0
NP_612453,2.8526752263608413,0.031896177318492806,0.16927135828848744,1.0
NP_000889,2.8519796158431943,0.03192772082079685,0.16923706774258965,1.0
NP_003511,2.8484018687297374,0.032090455615602705,0.16906065577746626,1.0
NP_073729,2.848368255891587,0.03209198845454532,0.16905899803653465,1.0
NP_690865,2.8451378386671378,0.03223964868151155,0.16889964724042048,1.0
NP_002420,2.83968783067076,0.032490315679294696,0.1686306693582959,1.0
NP_542160,2.8381639656316553,0.032560754179814876,0.16855542988087213,1.0
NP_005419,2.8381092821326583,0.032563284699678195,0.16855272967875598,1.0
NP_003512,2.8377776053935335,0.032578637527873745,0.16853635152447485,1.0
NP_065123,2.8368952016678675,0.03261951815499975,0.1684927754011823,1.0
NP_006757,2.8361356939363493,0.032654746481041705,0.16845526464590108,1.0
NP_057231,2.834356380645127,0.032737426446645644,0.16836737422904133,1.0
NP_001248763,2.8343201305048416,0.03273911308091336,0.1683655834350493,1.0
NP_000496,2.828682114503521,0.03300250334816465,0.16808696576814344,1.0
NP_057307,2.8280096679441082,0.03303405982006916,0.16805372255824286,1.0
NP_000973,2.8244024801367984,0.033203856024974415,0.1678753515003782,1.0
NP_775949,2.823922763843398,0.03322650306665854,0.16785162434960424,1.0
NP_001116436,2.8219884940163023,0.033317976144137604,0.1677559400911553,1.0
NP_066407,2.8212059133406617,0.033355056876364246,0.16771722121915184,1.0
NP_036591,2.819979457498391,0.03341325306499062,0.1676565339823431,1.0
NP_114141,2.819528807081066,0.03343466237952316,0.16763423276721265,1.0
NP_006476,2.8191836494854727,0.03345106931061447,0.16761715123859267,1.0
NP_061036,2.8170179710347,0.03355419886909863,0.16750995782288375,1.0
NP_001839,2.816338385114892,0.0335866265769993,0.16747631503465665,1.0
NP_001188292,2.8162359495559204,0.033591517212027945,0.16747124374347822,1.0
NP_036267,2.8156071972078993,0.03362155175454841,0.16744011466177733,1.0
NP_689518,2.8154140715101548,0.03363078249345603,0.16743055267846338,1.0
NP_078962,2.814463138612255,0.033676270958485424,0.16738346716221952,1.0
NP_031401,2.814254384658583,0.03368626510958371,0.16737312998109058,1.0
NP_057387,2.8132496007751353,0.033734411133372236,0.16732337100648506,1.0
NP_001192048,2.810215979945043,0.03388019261167813,0.16717310374225364,1.0
NP_002283,2.8088076230304786,0.033948086655988995,0.1671033238063841,1.0
NP_057359,2.8082810066600365,0.03397350888169878,0.1670772285129749,1.0
NP_001029058,2.80744597836,0.03401385881968809,0.1670358472057358,1.0
NP_003102,2.8051853209164177,0.03412333937992511,0.16692379568257246,1.0
NP_061164,2.802745852443289,0.03424187684371132,0.1668028474069755,1.0
NP_001081,2.802317662071835,0.03426272591564181,0.16678161420537563,1.0
NP_003007,2.802191365355626,0.0342688778812201,0.16677535116838715,1.0
NP_004071,2.8001590959215434,0.03436802335678634,0.16667455825470842,1.0
NP_659477,2.799455624328352,0.034402409756596274,0.16663966303016886,1.0
NP_060619,2.798810248810034,0.0344339867699289,0.16660764705097442,1.0
NP_001257572,2.7961546411147578,0.03456422746275361,0.16647588098945823,1.0
NP_001441,2.792792006613652,0.03472985380380265,0.16630897384507248,1.0
NP_001078837,2.792216274000178,0.034758291327516413,0.16628039017836121,1.0
NP_612464,2.7915910099222727,0.03478920189250173,0.16624934517954257,1.0
NP_001017979,2.7907575771630317,0.03483044643471279,0.16620796079854777,1.0
NP_001138468,2.7906855684654945,0.0348340122733784,0.1662043849898939,1.0
NP_659570,2.7891169794783446,0.0349117791830442,0.16612648437005562,1.0
NP_001349,2.788962451600517,0.03491944973956184,0.1661188092855995,1.0
NP_001257,2.788115160227928,0.03496153825091511,0.1660767235403022,1.0
NP_009000,2.787276932393955,0.035003226689502696,0.16603508380894236,1.0
NP_073614,2.787243021921354,0.03500491424421873,0.16603339918780455,1.0
NP_000329,2.7856721052490765,0.035083180578555515,0.16595535095541175,1.0
NP_510880,2.7848040426628464,0.03512650464904089,0.16591221652540947,1.0
NP_001265665,2.7839961937272024,0.03516687180319165,0.16587207013116956,1.0
NP_963848,2.7838325814158855,0.035175052969425025,0.16586393887760295,1.0
NP_001028229,2.782313996150805,0.0352510786304791,0.16578846020810703,1.0
NP_055594,2.781324826090796,0.03530068867989139,0.16573928786400255,1.0
NP_001489,2.780337924887533,0.035350254831010425,0.16569022252906565,1.0
NP_055625,2.7775213292905594,0.03549210040391133,0.16555015933381667,1.0
NP_001180500,2.77731169071789,0.03550268076885166,0.1655397325814986,1.0
NP_002755,2.7767543087842723,0.035530826997075764,0.16551200891881504,1.0
NP_001129507,2.774831694160288,0.035628085755355386,0.165416365704955,1.0
NP_003179,2.7740981318019986,0.03566526469988607,0.16537986781790587,1.0
NP_066548,2.773679649768183,0.035686491965540135,0.16535904510412638,1.0
NP_055796,2.7730415447677395,0.03571888391029043,0.16532729245118788,1.0
NP_001020366,2.7721012931821782,0.03576666745707083,0.1652805003216282,1.0
NP_001263223,2.769692908567886,0.035889354487030546,0.16516062182348068,1.0
NP_000984,2.769201188380155,0.03591445542011545,0.16513614198266113,1.0
NP_057124,2.769093453352421,0.035919957344456556,0.16513077830088857,1.0
NP_008853,2.766934791272725,0.0360303767055698,0.16502329291057594,1.0
NP_001714,2.7659466518782496,0.03608103543721701,0.1649740816495075,1.0
NP_060566,2.762843914557975,0.03624056815359241,0.16481952159433613,1.0
NP_001070143,2.7590351453559276,0.03643737143317844,0.1646297129534023,1.0
NP_068581,2.7582146534186855,0.036479907429386775,0.1645888127382358,1.0
NP_065717,2.758043769646144,0.03648877266781412,0.1645802939506455,1.0
NP_001075223,2.755314482303248,0.03663065822033332,0.16444421172836696,1.0
NP_009115,2.7542036763603797,0.03668856338075137,0.16438881426793614,1.0
NP_004369,2.753753884539484,0.036712036691462016,0.16436638042538473,1.0
NP_003110,2.74925577869676,0.0369476104478151,0.16414196636685885,1.0
NP_006320,2.749105655090003,0.036955498799315686,0.16413447450279578,1.0
NP_005304,2.7471521510954577,0.037058301311183144,0.1640369733498696,1.0
NP_001165358,2.7456869080719875,0.03713559759948667,0.16396382681372554,1.0
NP_060773,2.7449844309578055,0.03717271289732222,0.16392875384720762,1.0
NP_004865,2.742007239077589,0.03733042620076974,0.16378007725844596,1.0
NP_001193928,2.737544567730383,0.03756808971033006,0.16355711894612723,1.0
NP_075447,2.737245109402036,0.03758409188590144,0.1635421535330451,1.0
NP_056012,2.7345678285729393,0.037727462208064576,0.16340833277474218,1.0
NP_079341,2.733837061389531,0.03776669057167322,0.16337179879069055,1.0
NP_056261,2.732967874848962,0.037813402729378574,0.16332834051255427,1.0
NP_079359,2.7325957531309344,0.03783341915676481,0.16330973349545141,1.0
NP_066278,2.7325565705973167,0.03783552740383078,0.16330777422255985,1.0
NP_001008727,2.729919987927502,0.03797766197903882,0.16317591416440969,1.0
NP_055868,2.72695506987634,0.03813813672290608,0.16302758383008556,1.0
NP_009035,2.7263490932436576,0.03817101854974079,0.16299726126993988,1.0
NP_001875,2.725246875986054,0.03823090058240522,0.16294210161399394,1.0
NP_997264,2.724683629261024,0.038261537421727984,0.1629139115369571,1.0
NP_001230894,2.7225199797701487,0.03837945462496016,0.1628056048408781,1.0
NP_078895,2.7192564293471717,0.038558005566233074,0.16264218692011229,1.0
NP_002966,2.718389915686998,0.03860555291414389,0.1625987866891602,1.0
NP_001121699,2.7182697128621243,0.038612153328388646,0.1625927658512912,1.0
NP_039268,2.718047594250778,0.03862435298234414,0.16258163992699112,1.0
NP_003498,2.7180144927337944,0.03862617138274369,0.1625799818462374,1.0
NP_006511,2.7175623739870076,0.03865101669453099,0.16255733420894017,1.0
NP_000989,2.717409426900399,0.038659425234051054,0.16254967247064897,1.0
NP_114108,2.7170335776835857,0.0386800960118863,0.16253084406737633,1.0
NP_001153392,2.7170008663128464,0.03868189558073394,0.16252920533060405,1.0
NP_001158886,2.716613879355002,0.03870319148401403,0.16250981801464098,1.0
NP_997700,2.715993708829151,0.038737344011420545,0.1624787467702026,1.0
NP_758961,2.714528134678556,0.03881817272465943,0.1624053106857724,1.0
NP_378669,2.714279453606727,0.038831904652717165,0.16239284865020137,1.0
NP_660157,2.7138560508923795,0.03885529575072973,0.16237163001936256,1.0
NP_056278,2.71264016563607,0.03892254653805801,0.16231069051637356,1.0
NP_078849,2.7116166279745118,0.03897924904120991,0.1622593844951771,1.0
NP_690867,2.7109506658044156,0.039016186859225595,0.1622259989883059,1.0
NP_005091,2.7109391846448707,0.03901682397335719,0.1622254234002517,1.0
NP_003759,2.7102298908004183,0.039056204447378604,0.1621898626477005,1.0
NP_055885,2.7071885217359943,0.039225515710415326,0.1620373480681056,1.0
NP_061916,2.703555605829034,0.03942872299442873,0.16185509658108815,1.0
NP_004987,2.7035022066319763,0.039431717738977974,0.16185241712714446,1.0
NP_001658,2.701571074322769,0.0395401732911923,0.1617555056527707,1.0
NP_054890,2.7006272216226903,0.03959329036975347,0.16170813142431717,1.0
NP_795361,2.7005531860207523,0.039597459886693546,0.16170441517357992,1.0
NP_116313,2.700036344678068,0.0396265794836142,0.1616784711692266,1.0
NP_001159884,2.6999977014385848,0.03962875756268409,0.16167653132107918,1.0
NP_037541,2.6982238613836613,0.039728867210881556,0.1615874768348014,1.0
NP_001128717,2.697490433718823,0.03977033348807968,0.16155065004687919,1.0
NP_694573,2.696134515200211,0.039847108227193506,0.16148255829788888,1.0
NP_002759,2.695933382310197,0.03985850940992464,0.16147245682991365,1.0
NP_001035088,2.6955573987727934,0.03987983074229116,0.16145357321049558,1.0
NP_112533,2.694260313543227,0.03995347385082626,0.16138842110647497,1.0
NP_778225,2.692952416086304,0.0400278688693855,0.16132271565641182,1.0
NP_000036,2.6920092106288513,0.04008160586861923,0.16127532501687572,1.0
NP_004365,2.690711204486986,0.04015567508977007,0.1612100989299748,1.0
NP_002888,2.690651243669457,0.04015909999803641,0.161207085594697,1.0
NP_001075949,2.689140720649732,0.040245476387252656,0.16113116700624483,1.0
NP_055581,2.6886046652800792,0.04027617444347218,0.16110422166531427,1.0
NP_005142,2.687469791380486,0.040341242249658134,0.16104717042056516,1.0
NP_002462,2.6873923572609533,0.040345685759847615,0.16104327744721755,1.0
NP_001248335,2.6872508323771664,0.04035380834752655,0.16103616223969452,1.0
NP_001104768,2.6862093406052954,0.040413633486363766,0.1609837972048271,1.0
NP_443108,2.6851359540871993,0.040475383735221124,0.16092982169734413,1.0
NP_004480,2.684990790904821,0.04048374200210939,0.16092252159758103,1.0
NP_003167,2.6839344293244554,0.04054461775352174,0.16086939448809195,1.0
NP_001230161,2.6838328763507295,0.040550474855445426,0.16086428677639497,1.0
NP_003251,2.683212645741156,0.040586265273862394,0.16083309028768625,1.0
NP_997226,2.6823295077578186,0.040637281405461245,0.16078866602595576,1.0
NP_005349,2.6820195337347768,0.04065520287244342,0.1607730723675951,1.0
NP_006488,2.6820143450687515,0.04065550292789867,0.1607728113398705,1.0
NP_001124432,2.6797547355258238,0.040786385081905074,0.16065912107318192,1.0
NP_005861,2.6797019338666432,0.04078944852754371,0.16065646403583195,1.0
NP_001001662,2.679515148865233,0.04080028726677811,0.1606470646748703,1.0
NP_036569,2.679226735217464,0.04081702897090277,0.16063255076210414,1.0
NP_958839,2.6787626762090535,0.04084398090737256,0.1606091967499543,1.0
NP_115875,2.677501264169214,0.04091733221359552,0.16054570896191106,1.0
NP_219482,2.6773960473916585,0.040923456546757504,0.16054041289080037,1.0
NP_066187,2.6771659406602963,0.04093685352716415,0.1605288302692453,1.0
NP_055985,2.6755477882362135,0.04103118772625788,0.1604473701381902,1.0
NP_699194,2.6748923628399934,0.041069459324033226,0.1604143705779471,1.0
NP_005239,2.6700964281246096,0.04135059406923238,0.16017282441268973,1.0
NP_872418,2.6699981313832675,0.041356376283134454,0.16016787226608478,1.0
NP_001243469,2.669415548543523,0.04139066280539908,0.1601385207999546,1.0
NP_872349,2.668675246574594,0.04143427259907386,0.1601012202288244,1.0
NP_076934,2.668310947348837,0.04145574967632244,0.16008286357132318,1.0
NP_001258848,2.666097338457041,0.041586491852687875,0.1599713048780183,1.0
NP_060077,2.6654559431434723,0.041624451649021614,0.1599389751013742,1.0
NP_060933,2.6643908859076912,0.04168756178043465,0.1598852849857743,1.0
NP_001180449,2.662275728742905,0.041813180080613764,0.15977863840954226,1.0
NP_057086,2.661079404423971,0.041884397081455485,0.1597183075495926,1.0
NP_055831,2.658425922771766,0.042042792326858446,0.1595844610466914,1.0
NP_001161940,2.6576400839375447,0.042089816737450825,0.1595448137038467,1.0
NP_079120,2.6524681123562766,0.042400623219824546,0.15928378270774904,1.0
NP_005751,2.6511981687744473,0.04247729052458824,0.15921966346819227,1.0
NP_004710,2.6502476858216464,0.04253476260320511,0.15917166734272903,1.0
NP_001265488,2.649489788285198,0.042580645569384484,0.15913339219255923,1.0
NP_003550,2.6490821172150882,0.04260534639058477,0.1591128026496997,1.0
NP_001128716,2.6481669756689112,0.042660847153008566,0.1590665794942575,1.0
NP_057670,2.647144523980428,0.042722941602153404,0.1590149301681847,1.0
NP_036520,2.64705535400005,0.042728361267046745,0.15901042543022476,1.0
NP_001123616,2.6457127738666113,0.04281004524320736,0.15894259439705824,1.0
NP_001243582,2.6457044136231933,0.04281055437865594,0.1589421719790899,1.0
NP_001023,2.6453109200322436,0.04283452483862124,0.15892228945081904,1.0
NP_003671,2.645153841549981,0.042844097345272655,0.15891435229316367,1.0
NP_001229862,2.6439202507176356,0.04291934799739061,0.15885201388198428,1.0
NP_004888,2.643277978341987,0.04295857982004234,0.158819553562808,1.0
NP_004778,2.6430047268264953,0.04297528168423251,0.15880574272542838,1.0
NP_002113,2.641387160942812,0.043074284874877695,0.1587239774783994,1.0
NP_073208,2.6410273643018245,0.043096337268203805,0.15870578819955133,1.0
NP_060621,2.63943848376424,0.04319385701706515,0.15862545399832126,1.0
NP_001372,2.6388060667872755,0.043232733921563404,0.15859347456754103,1.0
NP_000080,2.6377473179569932,0.04329789737381603,0.1585399313710031,1.0
NP_001193937,2.636632055837101,0.04336664541800662,0.15848352280604877,1.0
NP_001026886,2.6353908835452144,0.0434432834100774,0.15842073696939662,1.0
NP_001747,2.6348788644127774,0.043474938261848485,0.15839483328307302,1.0
NP_115514,2.6329191149601106,0.04359631040981448,0.1582956723809226,1.0
NP_057413,2.6320188611723245,0.04365217898653881,0.15825011281804208,1.0
NP_006362,2.6316815429380225,0.043673130966685035,0.15823304072674843,1.0
NP_112224,2.6305617928842286,0.04374275463069943,0.15817636383214517,1.0
NP_659448,2.63000361263031,0.0437775025639127,0.15814810831627538,1.0
NP_000086,2.629309740056209,0.04382073615626917,0.15811298130570045,1.0
NP_001177317,2.6277799917986173,0.04391620223349037,0.15803552807979948,1.0
NP_443089,2.627726373672474,0.043919552120438986,0.15803281306295047,1.0
NP_872308,2.627333247339944,0.04394412119321986,0.15801290611410984,1.0
NP_065821,2.6265674464663786,0.04399202067063446,0.1579741251417833,1.0
NP_001032208,2.625375678824098,0.04406666755530976,0.15791376565210877,1.0
NP_055115,2.624631988123918,0.044113313158912745,0.15787609554297904,1.0
NP_055398,2.6229814009460606,0.044217017520969175,0.1577924764324634,1.0
NP_001244957,2.6219936284308636,0.044279194693334294,0.1577424277161382,1.0
NP_004588,2.620232262782119,0.04439028428676701,0.15765316761845954,1.0
NP_006175,2.6200301261334062,0.04440305089992201,0.1576429228015453,1.0
NP_056335,2.6195801001963868,0.04443148698205328,0.15762011340860724,1.0
NP_705838,2.6183585726214584,0.044508764323976234,0.15755819452200132,1.0
NP_116078,2.618204882366952,0.044518496729954,0.1575504033618604,1.0
NP_001231513,2.618100856677289,0.04452508534512512,0.15754512981098648,1.0
NP_443204,2.61749148865029,0.044563700137141476,0.15751423675697576,1.0
NP_001185463,2.616730002356165,0.044612001547627476,0.15747562859751144,1.0
NP_116211,2.616536926456105,0.044624256758387035,0.15746583888308116,1.0
NP_001654,2.6137503098659534,0.04480150873325498,0.15732452102122887,1.0
NP_003186,2.6102720649017166,0.04502374258506124,0.15714806203670453,1.0
NP_001070,2.609847825572263,0.04505092364886114,0.15712653438968782,1.0
NP_057399,2.6075467333167808,0.045198641115636366,0.1570097483504726,1.0
NP_005225,2.6067019992885263,0.04525298987713677,0.15696686791875986,1.0
NP_056511,2.6059868597862814,0.045299051833808286,0.15693056256096666,1.0
NP_006099,2.604461935120006,0.04539742851590718,0.1568531365422521,1.0
NP_001181973,2.603047579966227,0.0454888630699679,0.15678131183019367,1.0
NP_000349,2.60152108471551,0.04558775387119247,0.156703778614036,1.0
NP_001128573,2.6000305496369616,0.04568452252186324,0.15662805811485825,1.0
NP_001190991,2.598011425487738,0.04581593595545223,0.15652546313459323,1.0
NP_443076,2.5954442012911754,0.045983568116387374,0.15639498224996257,1.0
NP_714914,2.595399514517044,0.045986491454775395,0.15639271065735325,1.0
NP_001544,2.5941059469063856,0.04607119520335202,0.15632694856874768,1.0
NP_000537,2.594038715047068,0.04607560185650227,0.15632353037087096,1.0
NP_919442,2.5921066844331286,0.046202415324477455,0.1562252903584008,1.0
NP_001229338,2.591436019188953,0.04624651759058308,0.15619118298089504,1.0
NP_004351,2.591298872670425,0.04625554138858329,0.15618420791267115,1.0
NP_000599,2.5912489283909736,0.046258827998113976,0.15618166779215914,1.0
NP_004603,2.5894561689381277,0.04637695619943915,0.15609047955330746,1.0
NP_001338,2.58842280642823,0.04644518330997479,0.15603790888577926,1.0
NP_004550,2.5876905357496796,0.04649359175825301,0.15600065181905254,1.0
NP_001638,2.5854876171136647,0.04663952510310005,0.15588855008675415,1.0
NP_115547,2.585133494619212,0.04666302678951936,0.15587052678580599,1.0
NP_000997,2.5839196927575445,0.04674367180199601,0.1558087436883804,1.0
NP_060587,2.583636408756631,0.046762513237195366,0.15579432309504795,1.0
NP_653319,2.5825953116698104,0.04683182263638008,0.1557413217370347,1.0
NP_004840,2.581631032829035,0.04689610957220415,0.15569222519291426,1.0
NP_006384,2.5785174389265233,0.047104290731993445,0.15553365663881008,1.0
NP_056104,2.578255520417257,0.04712184519068001,0.15552031498380256,1.0
NP_001454,2.57735722537144,0.04718210093704454,0.15547455425686466,1.0
NP_005766,2.5756601968506447,0.04729614427021163,0.1553880911084325,1.0
NP_000091,2.575434755625375,0.04731131503501151,0.1553766036062085,1.0
NP_110386,2.574906467893947,0.047346884501337,0.1553496831418996,1.0
NP_001020262,2.5739631139361236,0.047410466739516086,0.15530160748166633,1.0
NP_932064,2.5734239651417163,0.047446843781830575,0.15527412866250842,1.0
NP_710154,2.572765828797769,0.047491286867877805,0.15524058297663185,1.0
NP_056518,2.5720096505084897,0.047542401955474684,0.15520203673243527,1.0
NP_060903,2.5714979361536074,0.047577023294133165,0.15517595005961626,1.0
NP_001107604,2.5712748921336557,0.04759212178802151,0.15516457900014888,1.0
NP_001034230,2.5708581324402604,0.047620346287037874,0.15514333125617502,1.0
NP_954988,2.570649116701941,0.04763450789827954,0.15513267456197144,1.0
NP_075068,2.570305966122829,0.047657766781001976,0.15511517840272188,1.0
NP_005656,2.5695285354670383,0.047710503324780766,0.15507553699955723,1.0
NP_775767,2.5681336140866993,0.0478052731914541,0.15500440024839002,1.0
NP_055507,2.5678025645205835,0.04782779204080004,0.15498751596783583,1.0
NP_777283,2.566551127954886,0.0479130137946284,0.15492368376082893,1.0
NP_115921,2.566287095385548,0.047931013557498896,0.1549102149811453,1.0
NP_001002913,2.563696657104649,0.04810796890635495,0.15477804925901045,1.0
NP_008886,2.5636934164218093,0.04810819068878829,0.15477788389152833,1.0
NP_005960,2.563415125182442,0.048127239901497455,0.1547636828400875,1.0
NP_115797,2.563305589384116,0.04813473976314915,0.15475809315665895,1.0
NP_006004,2.561839442611296,0.04823523857679341,0.1546832676097585,1.0
NP_001076,2.5616668576120967,0.048247082405966986,0.15467445877494507,1.0
NP_004872,2.56018989256446,0.0483485595859651,0.1545990661444038,1.0
NP_002703,2.5599170951410133,0.048367325869546424,0.15458513955315276,1.0
NP_000963,2.558840133706376,0.04844148330092562,0.154530155073949,1.0
NP_115705,2.5585080851433384,0.04846437040502882,0.15451320082628028,1.0
NP_001171501,2.5580480189615247,0.0484960992276936,0.15448970893381656,1.0
NP_071412,2.555514749930952,0.04867118011340553,0.1543603318007137,1.0
NP_001073922,2.5551227346305003,0.04869832966934937,0.15434030756447478,1.0
NP_001647,2.5545843021849204,0.048735644201024886,0.15431280275927908,1.0
NP_005942,2.553886190093114,0.04878406739414965,0.15427713835688453,1.0
NP_060579,2.5538279585712003,0.04878810868141113,0.15427416335137675,1.0
NP_954699,2.5530559990358306,0.048841714539450444,0.15423472253005965,1.0
NP_001010862,2.5524991891237305,0.0488804166439595,0.15420627181186747,1.0
NP_001171172,2.547990301376841,0.04919494544801188,0.15397581549010467,1.0
NP_733796,2.5479902725665666,0.04919494746418817,0.15397581401716506,1.0
NP_061984,2.5477161496372975,0.04921413463776391,0.15396179911468552,1.0
NP_004335,2.5473301958423775,0.049241162055497535,0.15394206592205498,1.0
NP_002561,2.5470098081191024,0.04926360929635328,0.15392568431725742,1.0
NP_001129606,2.546572827688179,0.049294241813916465,0.15390334023894514,1.0
NP_005119,2.5464645617571775,0.049301834241924906,0.15389780410509343,1.0
NP_001087199,2.545186279205718,0.049391565433799106,0.15383243417480005,1.0
NP_001018118,2.5449552834356948,0.04940779795724644,0.15382062023362658,1.0
NP_068835,2.543171063139498,0.04953335819101254,0.15372935777748442,1.0
NP_001136,2.542794279332104,0.04955991416409278,0.153710082855166,1.0
NP_002592,2.5424376535148148,0.04958506248239143,0.15369183833524178,1.0
NP_057655,2.540941209395588,0.04969072676606664,0.15361527359472646,1.0
NP_060245,2.5408077875672297,0.04970015862150485,0.1536084464675909,1.0
NP_619538,2.5406836720071446,0.049708934202874325,0.15360209543858847,1.0
NP_060821,2.5400235569885337,0.04975563358452442,0.1535683155611539,1.0
NP_004364,2.5398944383749598,0.04976477311174386,0.15356170789591228,1.0
NP_000467,2.5398604573609855,0.04976717870115912,0.15355996889505988,1.0
NP_001035089,2.5366926933447487,0.049991942122257244,0.15339782509024,1.0
NP_001123579,2.535843433194862,0.050052372016917285,0.15335434466585998,1.0
NP_647473,2.5336254953588355,0.05021053552805815,0.153240769610395,1.0
NP_001230162,2.5329682289208724,0.05025750164690271,0.15320710678497462,1.0
NP_848639,2.5323262991616096,0.05030341418103317,0.15317422686546106,1.0
NP_061936,2.532321961705591,0.050303724549837746,0.15317400469040582,1.0
NP_002678,2.5322742333184127,0.05030713990434989,0.1531715599185368,1.0
NP_003482,2.5307813270200303,0.05041408641465013,0.1530950822562389,1.0
NP_055437,2.530720028484439,0.05041848247065674,0.15309194179828226,1.0
NP_002463,2.530004676540046,0.05046981259519804,0.15305529103271923,1.0
NP_001265115,2.5287482379124917,0.050560094707274905,0.15299091023192093,1.0
NP_115679,2.528635164250665,0.05056822758035322,0.15298511577772508,1.0
NP_001869,2.5284397441184607,0.0505822863377287,0.15297510129582495,1.0
NP_001138792,2.5269254056929262,0.050691361956830834,0.15289748962154157,1.0
NP_115724,2.5255393152060157,0.05079140579222161,0.15282643834093415,1.0
NP_001163931,2.5255093950851313,0.050793567507423656,0.1528249044980269,1.0
NP_919268,2.5247624645657845,0.05084756266324494,0.1527866116066514,1.0
NP_006618,2.5228725885509236,0.05098443658432375,0.1526897078598233,1.0
NP_996826,2.5194073833895887,0.051236359130467125,0.15251197121773713,1.0
NP_037408,2.5191228318959515,0.05125710129541307,0.15249737274378167,1.0
NP_001264044,2.5187075058505353,0.051287391210491175,0.15247606418107895,1.0
NP_000328,2.5185939605803402,0.05129567522602439,0.1524702384834124,1.0
NP_116126,2.5184461163508036,0.05130646361962134,0.15246265287979577,1.0
NP_060280,2.5137706306490193,0.05164881033429461,0.15222269261652113,1.0
NP_057225,2.5123590998739354,0.05175261205264001,0.15215022182342894,1.0
NP_002939,2.5121395767860673,0.05176877411713427,0.1521389499588419,1.0
NP_001156793,2.510131545491232,0.051916846311963506,0.1520358295495669,1.0
NP_001265178,2.509965768567055,0.05192908956010151,0.1520273151229496,1.0
NP_001191217,2.5098628898890922,0.0519366889847047,0.15202203111124404,1.0
NP_060926,2.5097880752043102,0.05194221607966604,0.1520181884692818,1.0
NP_620169,2.5096378885604573,0.051953313210400816,0.1520104744574312,1.0
NP_001002,2.508584126393556,0.05203124109966463,0.15195634629761412,1.0
NP_689473,2.5076737773771742,0.052098657143937556,0.1519095792172607,1.0
NP_065912,2.507309234683664,0.05212567783346118,0.1518908502310924,1.0
NP_002015,2.5063886910185533,0.05219397273683236,0.15184355208976316,1.0
NP_891553,2.505780589464803,0.05223913657642558,0.15181230453676184,1.0
NP_671714,2.5054074126232675,0.05226687179993435,0.15179312754843866,1.0
NP_003005,2.505271985518797,0.0522769406350913,0.1517861679417851,1.0
NP_001070142,2.502094814391376,0.05251371511557158,0.15162286016011212,1.0
NP_001013012,2.5020095566395013,0.052520083548561664,0.15161847701347558,1.0
NP_001028219,2.5016808454663675,0.05254464424451207,0.15160157737226354,1.0
NP_076965,2.499842369344161,0.0526822231143007,0.15150704554540093,1.0
NP_001073921,2.499819045742632,0.05268397079701969,0.1515058461436672,1.0
NP_000445,2.4993909995313444,0.05271605539800427,0.15148383353072475,1.0
NP_689816,2.497798304867059,0.05283560850575213,0.15140191792320415,1.0
NP_055619,2.497026873527381,0.052893611918340924,0.1513622359150263,1.0
NP_001139,2.4968066500894133,0.052910182018750584,0.15135090706029955,1.0
NP_068762,2.495886010059914,0.05297950907767045,0.15130354371616128,1.0
NP_006418,2.495885852071907,0.0529795209824275,0.15130353558784,1.0
NP_001035972,2.493682479189484,0.05314580980732622,0.15119015916159598,1.0
NP_006684,2.4903383741984984,0.05339918445791515,0.15101802750724574,1.0
NP_058520,2.490167628275415,0.05341215372036448,0.15100923680154504,1.0
NP_644810,2.489039859338317,0.05349789399071259,0.15095117002392874,1.0
NP_001312,2.487189480473155,0.05363886903043562,0.15085588016192172,1.0
NP_000990,2.486828544819869,0.053666410804763275,0.15083729038968058,1.0
NP_008974,2.485134247337987,0.053795885383593686,0.1507500157445964,1.0
NP_490597,2.483814893296759,0.05389692314847019,0.15068204231696486,1.0
NP_004902,2.483006385583142,0.053958933103377196,0.15064038243380784,1.0
NP_444281,2.4826067564541723,0.05398960963056357,0.15061978928072445,1.0
NP_116243,2.4825206999862894,0.05399621781329699,0.15061535460339834,1.0
NP_038286,2.482444735059406,0.05400205174734335,0.15061143992669127,1.0
NP_002613,2.4809948614868187,0.05411351922811776,0.15053671713013317,1.0
NP_899050,2.48047545125742,0.05415350767404823,0.15050994484920435,1.0
NP_001895,2.4803017629595976,0.054166886187886155,0.15050099194992983,1.0
NP_127501,2.4799395956380827,0.05419479308041691,0.15048232314482957,1.0
NP_005940,2.479444017759281,0.05423300317306792,0.15045677603487576,1.0
NP_000485,2.4793511681271467,0.05424016505954665,0.1504519894522595,1.0
NP_001122395,2.479014014624758,0.054266179066220326,0.15043460806724768,1.0
NP_002527,2.478340174184788,0.0543182083393853,0.1503998672188716,1.0
NP_065883,2.4780759640291996,0.054338622373369116,0.15038624469499431,1.0
NP_689622,2.4779203080645775,0.054350652613321865,0.1503782189583622,1.0
NP_057088,2.4768609102727956,0.054432601207007054,0.1503235915967799,1.0
NP_060947,2.476635978474047,0.054450016406263645,0.15031199218758345,1.0
NP_005315,2.475938674976348,0.05450403996834411,0.1502760312368,1.0
NP_005543,2.4742807256383017,0.05463270406701655,0.15019051616545978,1.0
NP_001093634,2.473857270543121,0.054665614514443,0.15016867209154594,1.0
NP_849163,2.4731385001430466,0.054721521752699454,0.15013159150708108,1.0
NP_932348,2.473117256199158,0.054723175010775796,0.15013049550585067,1.0
NP_002584,2.472846564757397,0.05474424526861465,0.1501165299534748,1.0
NP_057046,2.4727906050685324,0.054748602103570285,0.15011364281578832,1.0
NP_001098673,2.472220616254962,0.054792999216911775,0.15008423416909245,1.0
NP_653168,2.4717718271640257,0.05482798117457401,0.1500610774056354,1.0
NP_150281,2.4707753498200935,0.054905733590632715,0.15000965633637164,1.0
NP_443161,2.4704435935646294,0.05493164399298436,0.14999253538805035,1.0
NP_006828,2.470200516661308,0.05495063620553866,0.1499799904781029,1.0
NP_055392,2.468420163515893,0.055089939238877825,0.1498880972799337,1.0
NP_005040,2.466638395488275,0.0552297051589578,0.14979611115794658,1.0
NP_003520,2.4660556705050065,0.05527549202743824,0.1497660228929236,1.0
NP_000054,2.464194928964264,0.055421950668917995,0.14966993160589856,1.0
NP_653173,2.464077562595522,0.05543120150260064,0.14966386991480296,1.0
NP_001093148,2.46380525531909,0.055452670724135164,0.14964980556503416,1.0
NP_004130,2.4620977712066052,0.05558748090511869,0.14956160541780958,1.0
NP_004837,2.4615392820740336,0.0556316458312951,0.1495327526724402,1.0
NP_001008212,2.4605256401707063,0.05571189320390012,0.14948038075807088,1.0
NP_005937,2.460048696635582,0.05574969144345492,0.14945573624812022,1.0
NP_001159639,2.4599955989403774,0.05575390106698605,0.1494529925086214,1.0
NP_006348,2.4575144342093767,0.05595096297133728,0.14932476249882962,1.0
NP_001265536,2.4564661773873064,0.0560344270892769,0.14927057552384582,1.0
NP_001034931,2.4562380227787903,0.05605260959642508,0.14925878073584356,1.0
NP_783302,2.4558439373620398,0.05608402959786205,0.14923840714034656,1.0
NP_004081,2.4550649415923846,0.05614618968527494,0.14919813141465504,1.0
NP_057715,2.4548697752055997,0.05616177375992131,0.14918804030309782,1.0
NP_001027,2.4539783677613465,0.05623300759648379,0.1491419468843767,1.0
NP_001168,2.453901728489026,0.05623913616480821,0.14913798374280016,1.0
NP_001159643,2.4538167304609653,0.05624593393067045,0.14913358831317308,1.0
NP_001033729,2.4528364258966837,0.056324393498324306,0.14908289138740427,1.0
NP_001009555,2.4512330102835023,0.05645295925870305,0.1489999569485922,1.0
NP_620168,2.451032376980078,0.05646906707675182,0.14898957833247026,1.0
NP_996896,2.4509885554067545,0.05647258589471294,0.14898731144039465,1.0
NP_005624,2.45097314260647,0.05647382357534047,0.14898651413263092,1.0
NP_004841,2.450487805503517,0.0565128109930072,0.1489614067665341,1.0
NP_005742,2.4501996557167494,0.05653597091194973,0.14894649955602574,1.0
NP_835224,2.448806888632028,0.05664804726071386,0.14887443844479858,1.0
NP_001171846,2.447864585881228,0.05672400003267322,0.1488256772239276,1.0
NP_055987,2.4471037451931226,0.05678540031388276,0.148786302020398,1.0
NP_001258547,2.4464354841950025,0.05683938392976267,0.14875171501727671,1.0
NP_005726,2.44612738309247,0.05686429022720451,0.14873576776543906,1.0
NP_001155971,2.4457450375043823,0.05689521341094152,0.14871597680292872,1.0
NP_001128715,2.445355361223084,0.05692674670606335,0.14869580544237124,1.0
NP_002576,2.4447939602484836,0.0569722068535952,0.14866674317466136,1.0
NP_001177945,2.4441011460548627,0.05702835816500129,0.148630875251046,1.0
NP_115874,2.444027810684821,0.057034305084297944,0.1486270784033074,1.0
NP_060362,2.443852714627189,0.057048506487927815,0.14861801288534562,1.0
NP_001015508,2.443416160011252,0.05708392917131327,0.14859540962986723,1.0
NP_004863,2.443257466298461,0.05709681123699198,0.14858719273270993,1.0
NP_378663,2.443140782812681,0.05710628494086764,0.14858115095422605,1.0
NP_057097,2.442917276076463,0.05712443615033708,0.14856957771299933,1.0
NP_003581,2.441965916143158,0.057201761317487824,0.14852031250992745,1.0
NP_000512,2.440957180339544,0.057283863699053646,0.14846806992834297,1.0
NP_067026,2.4398290032419214,0.05737582650592762,0.1484096338691108,1.0
NP_006640,2.4397680159074846,0.05738080204258006,0.148406474686669,1.0
NP_001229489,2.4386646022398755,0.057470896162134646,0.1483493131131583,1.0
NP_006313,2.4377985858864375,0.05754170529200063,0.148304444366385,1.0
NP_775855,2.4367251010531668,0.05762959842940301,0.14824882000959155,1.0
NP_001197,2.435098817834833,0.057763007298221945,0.14816453766571477,1.0
NP_001034966,2.4350932093913933,0.05776346790687808,0.14816424697852792,1.0
NP_057460,2.43417037845377,0.05783930769986767,0.14811641369162876,1.0
NP_001103159,2.4336202431994907,0.05788456586346941,0.14808789586132515,1.0
NP_006207,2.431858314056534,0.05802975235135728,0.14799654838650936,1.0
NP_001020,2.4317146842973676,0.058041603689817936,0.147989101017022,1.0
NP_001229609,2.431392779895742,0.058068173770816786,0.1479724094278007,1.0
NP_006294,2.4301871191470217,0.058167796933101396,0.1479098869370141,1.0
NP_604391,2.4292694522573983,0.058243737248261034,0.1478622929228064,1.0
NP_064522,2.427783055635876,0.05836695135539048,0.14778519094230289,1.0
NP_001265409,2.427388028175525,0.058399740549498674,0.14776469783340943,1.0
NP_005462,2.427015429660681,0.05843068482462944,0.14774536738295457,1.0
NP_000301,2.4267674297131623,0.05845129023956022,0.14773250063329943,1.0
NP_001243589,2.4265725561315317,0.05846748664893673,0.14772238991668213,1.0
NP_055262,2.4258674413970978,0.05852612772903777,0.1476858041167028,1.0
NP_057145,2.425631978381926,0.05854572310913702,0.1476735861106802,1.0
NP_877496,2.4254024398968514,0.05856483172782233,0.14766167518706363,1.0
NP_001001563,2.4251440378643703,0.05858635060187074,0.14764826611406026,1.0
NP_056009,2.4248752655009302,0.058608741427586555,0.1476343184531925,1.0
NP_001176,2.4248224428456644,0.05861314296580604,0.14763157722303843,1.0
NP_872321,2.424705893931812,0.05862285576675458,0.14762552885818378,1.0
NP_060606,2.4243027818068588,0.05865646214372393,0.14760460848860205,1.0
NP_000426,2.423822989348956,0.05869648613163016,0.14757970728988215,1.0
NP_001035149,2.423402231635809,0.05873160783294352,0.14755786879333055,1.0
NP_056481,2.42235047586749,0.05881949197694719,0.1475032748465035,1.0
NP_000068,2.4214865199235702,0.05889178150738606,0.1474584238756748,1.0
NP_004121,2.421202586196003,0.05891555829624721,0.14744368285373416,1.0
NP_001006611,2.420441470324602,0.058979341725452196,0.14740416539341403,1.0
NP_000988,2.420354875250531,0.05898660296080969,0.14739966910816238,1.0
NP_005587,2.4202158943784786,0.05899825874808571,0.14739245269040882,1.0
NP_006030,2.4196647520395427,0.05904450347706752,0.1473638340721292,1.0
NP_001230694,2.4187995273630643,0.059117174655488554,0.14731890253803073,1.0
NP_061955,2.418589205899168,0.05913485322261627,0.14730797972764753,1.0
NP_689759,2.417245961192188,0.05924788370641463,0.14723821321226366,1.0
NP_001171534,2.4170467528808484,0.05926466484154036,0.14722786559992643,1.0
NP_037450,2.4159686311406428,0.05935556692127498,0.14717185963413798,1.0
NP_002577,2.4157566707904854,0.059373454707856536,0.1471608479119931,1.0
NP_006523,2.4155268966111256,0.05939285189658524,0.14714891040809627,1.0
NP_001177666,2.4143148411903823,0.05949527611492097,0.1470859347191183,1.0
NP_004648,2.4139700263201966,0.059524446621949056,0.14706801721029936,1.0
NP_065393,2.4128981929157374,0.05961521197916941,0.1470123170542306,1.0
NP_056170,2.4108870280892694,0.05978589361856628,0.1469077828616294,1.0
NP_061882,2.4107746121581637,0.059795448351997814,0.1469019390694761,1.0
NP_001185727,2.4106083705919636,0.059809580749736316,0.14689329707677423,1.0
NP_997246,2.409908158200215,0.05986914311527003,0.14685689493002776,1.0
NP_002854,2.409377340988203,0.059914335463387994,0.1468292971098869,1.0
NP_056046,2.4085631256294007,0.059983721480675184,0.14678696161197305,1.0
NP_542786,2.4085530700202797,0.05998457890137704,0.1467864387397385,1.0
NP_775922,2.4055556017398465,0.060240710607228486,0.1466305476106358,1.0
NP_005780,2.4049467256262496,0.06029287136565025,0.14659887446446077,1.0
NP_001107573,2.404528818843699,0.060328698279563636,0.14657713399739006,1.0
NP_003674,2.4039595933116695,0.060377531707613355,0.14654751980075767,1.0
NP_001010,2.403214812203274,0.06044148525391145,0.1465087691478251,1.0
NP_071751,2.4020624632331034,0.0605405689125578,0.14644880597288124,1.0
NP_073570,2.4017864915955376,0.060564322028780634,0.14643444437142505,1.0
NP_003003,2.401421671984919,0.060595736582449745,0.14641545836765843,1.0
NP_002086,2.4013968051778605,0.060597878448364735,0.14641416421433986,1.0
NP_057152,2.399992507240037,0.06071895777245041,0.14634107339869348,1.0
NP_005008,2.3999479751325743,0.06072280128526675,0.1463387553894466,1.0
NP_065083,2.3989739827011647,0.06080692590639479,0.14628805346186755,1.0
NP_079479,2.398767341144518,0.06082478861483532,0.14627729580174048,1.0
NP_001138231,2.3976067831074936,0.06092520761780831,0.14621687267055708,1.0
NP_001106984,2.396787121122118,0.060996229334838184,0.14617419274990823,1.0
NP_057122,2.3967526062818316,0.06099922176618926,0.14617239546345306,1.0
NP_001015053,2.396670829651137,0.061006312369804416,0.1461681370901882,1.0
NP_001020766,2.396051727683182,0.061060019401320526,0.14613589707317626,1.0
NP_000535,2.3951806542602103,0.06113566449412522,0.14609053140490005,1.0
NP_005381,2.3947388453235874,0.06117406731320755,0.14606752006950444,1.0
NP_699163,2.394064621723037,0.06123271823253038,0.14603240117467692,1.0
NP_003734,2.393995138766112,0.06123876575119995,0.1460287817888358,1.0
NP_036434,2.393506479661037,0.06128131345124274,0.1460033265385044,1.0
NP_001124464,2.393429637946923,0.0612880067551383,0.14599932355867118,1.0
NP_945314,2.392877635416448,0.0613361103368906,0.14597056652498214,1.0
NP_057044,2.3926043665139054,0.06135993789940314,0.14595632963615063,1.0
NP_001230726,2.3912600077640906,0.06147729264881224,0.14588628370432874,1.0
NP_066971,2.3911853983103213,0.06148381215024564,0.1458823959465931,1.0
NP_001130002,2.3891476631560677,0.06166213873236249,0.1457761997304494,1.0
NP_001012321,2.3884247394844222,0.06172552673720034,0.14573851834154755,1.0
NP_002353,2.3883262199675643,0.061734170219278114,0.14573338289163554,1.0
NP_055241,2.38767642932494,0.06179120888368839,0.14569951021563443,1.0
NP_005222,2.3863071652179637,0.061911574419842616,0.14562812360085653,1.0
NP_057705,2.3857769013319023,0.06195824994803194,0.14560047507652668,1.0
NP_001018100,2.3857307643230428,0.06196231272808677,0.1455980693590755,1.0
NP_001007249,2.384753285141489,0.06204845081260284,0.1455470975754089,1.0
NP_663788,2.3846234874828736,0.06205989787209843,0.14554032866880465,1.0
NP_003282,2.38419983326193,0.062097275202117344,0.14551823448965223,1.0
NP_001184222,2.383698857777878,0.062141503134430065,0.1454921064205388,1.0
NP_776185,2.3831993694744646,0.062185630921264744,0.14546605432360757,1.0
NP_060788,2.3831490883239406,0.06219007478295539,0.14546343169289597,1.0
NP_620158,2.3808175303234655,0.06239648528106825,0.14534180152585177,1.0
NP_009080,2.3806677471197064,0.06240976867286136,0.1453339866159186,1.0
NP_078789,2.380322099899924,0.062440432811909544,0.14531595199306044,1.0
NP_056448,2.37748770954836,0.06269245118775917,0.14516803503154177,1.0
NP_937762,2.3774869896669926,0.06269251532377797,0.14516799745693676,1.0
NP_001230631,2.3773371063620634,0.06270587021868267,0.14516017414324003,1.0
NP_000415,2.376871221615036,0.06274739949867723,0.14513585589400735,1.0
NP_001264156,2.376407146359984,0.062788794631738,0.1451116307210396,1.0
NP_663719,2.3759131685989097,0.06283288683821474,0.145085843100021,1.0
NP_671722,2.3752830375161627,0.06288917664790213,0.1450529454711917,1.0
NP_848613,2.3736428434202406,0.06303593060571919,0.1449673030075949,1.0
NP_996919,2.3724123670467896,0.06314624884682705,0.1449030426219786,1.0
NP_001239029,2.372231927928718,0.06316244220593012,0.1448936185592403,1.0
NP_001254628,2.3718722108253636,0.06319473702252258,0.14487483045812202,1.0
NP_056234,2.371742661485948,0.06320637176625561,0.14486806386624945,1.0
NP_077286,2.3710879955161435,0.06326519943563301,0.1448338678630007,1.0
NP_001545,2.3705899317989245,0.06330999137891237,0.14480785003319827,1.0
NP_008922,2.369800946585841,0.06338101096567635,0.14476663181906904,1.0
NP_115598,2.369710913396622,0.06338912022437215,0.14476192804708,1.0
NP_055443,2.3693115840680776,0.0634251000981612,0.14474106451575397,1.0
NP_001159693,2.3692781307250708,0.06342811518978513,0.14473931665184103,1.0
NP_003293,2.3686744851858035,0.06348254516675628,0.14470777626676695,1.0
NP_570968,2.3683976608402197,0.0635075215828653,0.14469331145994688,1.0
NP_008987,2.3673706891726773,0.06360026512688322,0.14463964518984948,1.0
NP_009143,2.3673200977386104,0.06360483740065546,0.1446370012685028,1.0
NP_001186102,2.366758152431456,0.06365564596303727,0.14460763276323288,1.0
NP_059453,2.3665394689738957,0.06367542922361304,0.14459620333670117,1.0
NP_005362,2.366530035143812,0.06367628279501208,0.14459571027347692,1.0
NP_000615,2.3660395337257767,0.06372067893348521,0.14457007322083262,1.0
NP_115544,2.365931074360752,0.0637304999269725,0.14456440416440922,1.0
NP_001186814,2.3656065153682104,0.06375989771364574,0.1445474393599024,1.0
NP_004633,2.3656019017667376,0.06376031569977916,0.1445471982005966,1.0
NP_001099040,2.3652695453050514,0.06379043390779458,0.1445298251126949,1.0
NP_001166171,2.364749116980451,0.06383762359550202,0.1445026196293307,1.0
NP_114431,2.364436968701242,0.06386594417227387,0.14448630119224293,1.0
NP_847884,2.3635822980729633,0.06394355052619492,0.14444161767385777,1.0
NP_694453,2.3632682851029125,0.06397208723979977,0.1444251994116865,1.0
NP_060813,2.3629859061264744,0.06399775992887222,0.1444104346042214,1.0
NP_066022,2.362364213346485,0.06405431762144768,0.14437792623021717,1.0
NP_061743,2.362179640252161,0.06407111846670706,0.14436827441015407,1.0
NP_002461,2.3615804275030117,0.06412569221689939,0.14433693847406764,1.0
NP_872333,2.3612834382857337,0.06415275782860207,0.1443214065199973,1.0
NP_078954,2.3608765224086388,0.0641898598300583,0.14430012470145281,1.0
NP_060600,2.3603700000705756,0.06423607355729519,0.14427363195700305,1.0
NP_057568,2.360297566813937,0.06424268486949103,0.14426984333107026,1.0
NP_001230106,2.3600509134560403,0.06426520310657467,0.14425694186042615,1.0
NP_001258604,2.3593860235836326,0.06432594330158606,0.14422216213874714,1.0
NP_001092264,2.3591683410721145,0.06434584179563675,0.14421077477080993,1.0
NP_060548,2.358403295971078,0.06441582351446999,0.14417075146643013,1.0
NP_940916,2.3575386491667953,0.06449500711646018,0.14412551299622825,1.0
NP_056346,2.357453921450619,0.06450277160110522,0.14412107977019162,1.0
NP_060703,2.3537474614546485,0.06484334249051639,0.1439271009291521,1.0
NP_003647,2.35290451637165,0.06492104581539647,0.14388297283923163,1.0
NP_055871,2.351605903558765,0.06504093375954972,0.14381498168610835,1.0
NP_001015055,2.3506948216598618,0.06512517592306057,0.14376727394764183,1.0
NP_001036010,2.3501143579166164,0.06517890429154481,0.1437368758695383,1.0
NP_006258,2.3498596092367614,0.06520249799365864,0.14372353435433918,1.0
NP_003248,2.3491864282244648,0.06526488584002438,0.14368827700006764,1.0
NP_001858,2.3490121235452484,0.06528104938130286,0.14367914744905513,1.0
NP_689594,2.34863251069944,0.06531626520758618,0.1436592638046251,1.0
NP_001158887,2.3485963490870176,0.06531962082158287,0.14365736965658057,1.0
NP_005569,2.3480210086113127,0.06537303250607499,0.143627232150882,1.0
NP_005655,2.3475077276132668,0.06542071946772142,0.1436003436565436,1.0
NP_001265104,2.3472211979755904,0.06544735483861507,0.14358533291678136,1.0
NP_085130,2.3469089562897016,0.06547639261122673,0.14356897457281648,1.0
NP_008941,2.346196157176046,0.0655427292142882,0.14353162868084487,1.0
NP_002023,2.345593457446983,0.06559887143397315,0.14350004871669808,1.0
NP_808881,2.34512659169961,0.06564239333343634,0.1434755845140112,1.0
NP_115717,2.3428550094110356,0.06585456251862733,0.14335653152780845,1.0
NP_006521,2.3427653942226674,0.06586294664172461,0.14335183414251665,1.0
NP_002883,2.341905588564814,0.06594344125072693,0.1433067628418778,1.0
NP_002716,2.3418501631549,0.06594863349799039,0.14330385726060227,1.0
NP_037368,2.341155178883295,0.06601377398490971,0.14326742223882868,1.0
NP_872363,2.340042912871782,0.06611815885371618,0.14320910448946408,1.0
NP_003401,2.339983780047731,0.06612371298032434,0.14320600384591667,1.0
NP_056089,2.338700217773959,0.06624438729869976,0.14313869442502034,1.0
NP_055117,2.3385535716107237,0.06625818815426332,0.14313100369387105,1.0
NP_757345,2.3369064169986156,0.06641339769206032,0.14304461061043072,1.0
NP_001017992,2.336220010006685,0.06647818342116663,0.1430086034942993,1.0
NP_057385,2.3357990906997297,0.06651794239215618,0.1429865216712627,1.0
NP_005752,2.3357520149805566,0.06652239051085473,0.14298405196397296,1.0
NP_115740,2.335714623052158,0.06652592383189433,0.1429820902818732,1.0
NP_001121695,2.335626170067937,0.0665342828681955,0.14297744976238178,1.0
NP_036467,2.335251703592822,0.06656968245848821,0.14295780352617396,1.0
NP_006566,2.3352088973838208,0.0665737302642267,0.14295555765790166,1.0
NP_783297,2.334966651002103,0.06659664196697437,0.14294284775040286,1.0
NP_065699,2.3348114873809327,0.06661132147505067,0.14293470660402996,1.0
NP_001071062,2.33375851603803,0.0667110243382994,0.14287945507131905,1.0
NP_003635,2.3335810134535695,0.06672784611978719,0.14287014045061255,1.0
NP_001166935,2.333118431389257,0.0667717044232975,0.14284586505571592,1.0
NP_001186731,2.332145574150467,0.0668640361799114,0.1427948069383881,1.0
NP_001186750,2.3310498085947886,0.0669681844687234,0.1427372909834609,1.0
NP_543011,2.3305460779299887,0.06701611606469368,0.1427108479293058,1.0
NP_079390,2.329394279624363,0.06712584119938647,0.14265037880375983,1.0
NP_003285,2.328433051188238,0.06721754815459514,0.1425999080186568,1.0
NP_071363,2.3281880898920444,0.06724093878058195,0.1425870449969466,1.0
NP_001230707,2.327367004902696,0.06731940060347562,0.14254392666030274,1.0
NP_981948,2.3256154081053038,0.06748708433487995,0.14245192906790438,1.0
NP_036524,2.3248995268851433,0.06755573612784209,0.14241432377922533,1.0
NP_055419,2.3243695542487197,0.06760660418443468,0.14238648215628996,1.0
NP_997320,2.323989902751773,0.06764306738850709,0.14236653640419195,1.0
NP_001626,2.3237815089169582,0.06766309062610967,0.14235558762211922,1.0
NP_150648,2.3235191385749627,0.06768830847604378,0.14234180257639015,1.0
NP_598004,2.322507659511112,0.06778561446313201,0.1422886549027158,1.0
NP_001159872,2.322477898525954,0.06778847961831652,0.14228709102652182,1.0
NP_001231737,2.3214996130869596,0.06788272813698551,0.14223568104155865,1.0
NP_067041,2.3202344271400386,0.06800480937167849,0.14216918497699776,1.0
NP_037489,2.319801776650965,0.06804660689254316,0.14214644322273248,1.0
NP_057376,2.3187045682206286,0.06815272022776328,0.14208876437018902,1.0
NP_653265,2.3185904128740797,0.06816376984364197,0.14208276292325445,1.0
NP_006727,2.3168628756449796,0.0683312028804389,0.14199193149457642,1.0
NP_001001668,2.3152205065532687,0.06849075922074377,0.14190556024807163,1.0
NP_002087,2.3147865855364262,0.06853297630209583,0.14188273768708423,1.0
NP_000095,2.3147105467752014,0.06854037692598151,0.1418787382184192,1.0
NP_000966,2.3144750034235138,0.06856330667683952,0.1418663489286558,1.0
NP_689699,2.3144441364439206,0.06856631208874106,0.14186472533709038,1.0
NP_478070,2.313962869974452,0.06861318823773802,0.14183941010637327,1.0
NP_001025035,2.3133874459605703,0.0686692771602415,0.14180914010801596,1.0
NP_001032242,2.313225756629146,0.06868504585086549,0.14180063410752033,1.0
NP_001241,2.3128863768435024,0.06871815540239884,0.14178277978608952,1.0
NP_068602,2.312019419152302,0.06880280672216475,0.1417371669161765,1.0
NP_001191385,2.311536994545295,0.06884995625820692,0.14171178321934283,1.0
NP_001171649,2.3115163944634376,0.06885197030961603,0.14171069927306254,1.0
NP_000974,2.3112608886824644,0.06887695573055305,0.14169725470371997,1.0
NP_060473,2.310797714366025,0.06892227155856363,0.14167288165990485,1.0
NP_003396,2.310601215538002,0.0689415054379607,0.14166254112919202,1.0
NP_001006658,2.309542706771994,0.06904520686175354,0.14160683400479604,1.0
NP_062559,2.308959809863933,0.0691023788474717,0.14157615426015313,1.0
NP_612409,2.30777789185343,0.06921844828204828,0.14151393937038376,1.0
NP_998763,2.306332118705979,0.06936069200809357,0.1414378231668816,1.0
NP_689739,2.3059708995204296,0.06939627606662005,0.14141880380690788,1.0
NP_006127,2.3058720247935733,0.0694060194647916,0.1414135975854236,1.0
NP_001007232,2.3056514184527397,0.06942776352777018,0.1414019813917699,1.0
NP_258412,2.3055745543668404,0.0694353412206714,0.14139793398138048,1.0
NP_000518,2.3023050642002003,0.069758425376211,0.14122573802498978,1.0
NP_071400,2.3021660866972153,0.0697721917752911,0.14121841689343442,1.0
NP_001035247,2.302041171774846,0.06978456750269288,0.14121183645153412,1.0
NP_055874,2.301691760115616,0.06981919639582247,0.14119342912292268,1.0
NP_006253,2.301548647639133,0.06983338465346355,0.1411858895978238,1.0
NP_001120700,2.3013765456046076,0.06985045073435138,0.1411768226545957,1.0
NP_068800,2.301143770405455,0.06987353989253717,0.14116455893010138,1.0
NP_002446,2.3009252148158623,0.069895225474696,0.14115304404467535,1.0
NP_004505,2.3009012288025157,0.06989760582719617,0.14115178029157,1.0
NP_003651,2.3002006630655454,0.06996716482072965,0.1411148678848811,1.0
NP_056002,2.299968277665765,0.06999025344223414,0.14110262293069517,1.0
NP_037461,2.2991524288052405,0.07007137174654773,0.14105963109725775,1.0
NP_077312,2.298745333309857,0.0701118832830637,0.14103817725232476,1.0
NP_009114,2.298569092593981,0.07012942882194653,0.14102888907213595,1.0
NP_001230228,2.297067968358934,0.07027904864455484,0.140949769174353,1.0
NP_997186,2.2967470336107074,0.07031107778343462,0.14093285174482093,1.0
NP_061865,2.296225955848288,0.07036311188267567,0.14090538275975684,1.0
NP_075565,2.295647521978515,0.07042091812916218,0.14087488814926155,1.0
NP_001728,2.295345549265815,0.07045111468599397,0.1408589675086227,1.0
NP_002586,2.29472986310437,0.0705127215590686,0.14082650540284522,1.0
NP_002786,2.2946345684161478,0.07052226171378592,0.14082148076298898,1.0
NP_203752,2.294224549412433,0.07056332416916773,0.14079986086206003,1.0
NP_060886,2.29379706474482,0.07060616097068917,0.14077731885515798,1.0
NP_036424,2.2937028164312205,0.0706156087399701,0.14077234881921133,1.0
NP_008816,2.2933098135763443,0.07065501816338382,0.14075162381466852,1.0
NP_036286,2.2932183470783394,0.07066419333615698,0.14074680018570757,1.0
NP_073571,2.2931637081611673,0.07066967482917001,0.1407439186910356,1.0
NP_002119,2.292628468359683,0.07072339349046201,0.14071569070711779,1.0
NP_001852,2.2919519235524186,0.07079135188237311,0.14068000779201079,1.0
NP_001005505,2.29083161662097,0.07090402798479888,0.14062091307135688,1.0
NP_060115,2.2906533329315835,0.0709219754268344,0.1406115080910244,1.0
NP_055689,2.2889780255638206,0.07109084485789043,0.14052312072442555,1.0
NP_061899,2.2889532052726014,0.07109334970933108,0.1405218110965956,1.0
NP_001001433,2.2887195289496995,0.07111693649005522,0.14050948110942615,1.0
NP_001137292,2.288340421288638,0.07115521926913418,0.14048947665029204,1.0
NP_002890,2.2861148473880655,0.07138037220825132,0.1403720205101408,1.0
NP_001001790,2.284850497249649,0.07150859562124545,0.14030527929228073,1.0
NP_056141,2.283195589001377,0.07167677172076455,0.14021790603212936,1.0
NP_073568,2.283192923657629,0.07167704289535916,0.14021776529714947,1.0
NP_001171621,2.2806254631891782,0.0719387307271344,0.14008217733070014,1.0
NP_036595,2.2800349928792083,0.07199904784137642,0.1400509884577325,1.0
NP_001123201,2.279831852022474,0.07201981044150263,0.14004025795507496,1.0
NP_001138,2.279804436983222,0.07202261292864458,0.14003880979086789,1.0
NP_443084,2.279717296533256,0.07203152152914132,0.14003420667622513,1.0
NP_061060,2.278950248216549,0.07210998596727995,0.13999368592371123,1.0
NP_919247,2.2773610617419746,0.07227281935541531,0.13990972204300642,1.0
NP_001244928,2.2758035539340384,0.07243275974126116,0.13982741597934514,1.0
NP_001128504,2.27538123068618,0.07247618839357428,0.1398050957108209,1.0
NP_006319,2.27481365758841,0.07253459405128283,0.1397750969964402,1.0
NP_079305,2.2740748774457433,0.07261068737216693,0.139736046108365,1.0
NP_002413,2.2737796143153655,0.07264112113929012,0.13972043791936423,1.0
NP_001128245,2.2736722117499415,0.07265219461300126,0.1397147602683247,1.0
NP_056062,2.273013381888383,0.07272015816348372,0.1396799307261808,1.0
NP_005917,2.2726649277736244,0.07275612940098541,0.13966150829387006,1.0
NP_064570,2.2718070759105786,0.0728447612395636,0.13961615113258383,1.0
NP_938408,2.2710437270802024,0.07292371895739679,0.13957578660430137,1.0
NP_722550,2.2704548918367484,0.07298468351319654,0.139544647456408,1.0
NP_543136,2.270358552868699,0.0729946626827063,0.1395395525852381,1.0
NP_054868,2.269192778158676,0.07311552521730943,0.1394778959903319,1.0
NP_004506,2.2690111080926267,0.07313437780618463,0.13946828685635115,1.0
NP_001009571,2.2665545993680833,0.07338977140712231,0.13933833286712932,1.0
NP_998839,2.266018080616324,0.0734456683857094,0.13930994478093348,1.0
NP_056371,2.2659902399647467,0.0734485701007115,0.13930847163533386,1.0
NP_037507,2.265708324001692,0.07347795941152008,0.13929355419821537,1.0
NP_060229,2.265277423080909,0.07352290264610262,0.13927075230001384,1.0
NP_004454,2.2650285890147797,0.07354886857230518,0.1392575842470117,1.0
NP_001074919,2.2648160312496244,0.07357105623314532,0.1392463355809391,1.0
NP_002032,2.2646850223586004,0.07358473478050173,0.13923940237670762,1.0
NP_002190,2.264448017970532,0.07360948663298285,0.13922685943405835,1.0
NP_525129,2.2640711476139748,0.07364886251645633,0.13920691363589646,1.0
NP_071362,2.2631619019030627,0.07374394738358103,0.1391587881590378,1.0
NP_001092741,2.262471247875682,0.07381625399899647,0.13912222892761283,1.0
NP_001138439,2.261810038349524,0.07388554364865678,0.13908722540821686,1.0
NP_001193884,2.2611733008599306,0.07395232958594083,0.1390535147141169,1.0
NP_065798,2.2610843962132634,0.0739616593372641,0.13904880763916364,1.0
NP_659482,2.2609512548534565,0.0739756335138354,0.13904175834600227,1.0
NP_006448,2.260832286419022,0.07398812234432547,0.13903545935390152,1.0
NP_987091,2.2597759747456236,0.07409910116222995,0.138979527039946,1.0
NP_001245257,2.259625575267468,0.07411491589365245,0.13897156270957356,1.0
NP_116136,2.2595439760124316,0.07412349757412821,0.13896724159951335,1.0
NP_004438,2.2586647344333173,0.07421602852187928,0.13892067837833066,1.0
NP_001716,2.258546543503236,0.07422847557871687,0.138914418792603,1.0
NP_060277,2.2578225922147257,0.0743047621932413,0.13887607515756223,1.0
NP_001153576,2.256342604035701,0.0744609576629918,0.13879767786608754,1.0
NP_004808,2.252535946104995,0.07486419816393032,0.1385959676431189,1.0
NP_787048,2.2519666764862643,0.07492468627410473,0.1385657946089973,1.0
NP_001184224,2.2517403822772115,0.07494874472288338,0.13855379973536683,1.0
NP_075394,2.250862123931221,0.07504218900329028,0.1385072439090215,1.0
NP_001153171,2.2498694243128896,0.07514794811786535,0.1384546155765817,1.0
NP_008925,2.248472699347677,0.0752970002375544,0.13838055680383707,1.0
NP_001265102,2.2480122095342483,0.07534620560500588,0.13835613738738617,1.0
NP_001153173,2.247770254227599,0.07537207232618597,0.1383433061310514,1.0
NP_002310,2.2476905448466704,0.07538059573970664,0.13833907893818034,1.0
NP_003629,2.247520347260583,0.07539879834597961,0.13833005278491783,1.0
NP_067051,2.2470629043718096,0.07544774331704727,0.13830579210517877,1.0
NP_115992,2.2464051361709974,0.07551817749678964,0.13827090469199246,1.0
NP_000282,2.2463697473030084,0.07552196879705277,0.1382690276192881,1.0
NP_005549,2.2461605569602274,0.07554438373656171,0.1382579317177757,1.0
NP_037468,2.2460427047003493,0.07555701460974884,0.13825168045695949,1.0
NP_001265114,2.2459216551718715,0.07556999032364767,0.1382452595083693,1.0
NP_079199,2.2457546083986726,0.07558790025490421,0.13823639852578287,1.0
NP_203753,2.245597451770936,0.07560475364153821,0.1382280619987998,1.0
NP_001264129,2.244397267696868,0.07573358317037641,0.13816439174139192,1.0
NP_002742,2.244391753459888,0.075734175576865,0.138164099187146,1.0
NP_569735,2.244380774063251,0.07573535513098793,0.13816351668182777,1.0
NP_008889,2.2442245095191304,0.07575214513255525,0.1381552260745973,1.0
NP_060688,2.244201377283504,0.07575463091135344,0.1381539987814901,1.0
NP_001073886,2.24418182864362,0.07575673166151123,0.1381529616152424,1.0
NP_055950,2.2423280575422435,0.0759562046358309,0.13805459719802926,1.0
NP_997403,2.2405272516869132,0.07615047506510686,0.13795902170935911,1.0
NP_001073291,2.2396611302367018,0.07624408669665672,0.13791304586194023,1.0
NP_542776,2.239257408183259,0.07628776037251109,0.13789161363098149,1.0
NP_775901,2.239107001419886,0.07630403732849828,0.137883628774914,1.0
NP_065147,2.2390227347482647,0.07631315813087039,0.13787915512657076,1.0
NP_689862,2.2379064418400296,0.07643408438149746,0.1378198876718271,1.0
NP_001165161,2.237084687631877,0.07652322462321422,0.13777625298314236,1.0
NP_001379,2.2353029646948808,0.07671685073911824,0.13768162932073066,1.0
NP_689688,2.233693165576411,0.07689220923513601,0.13759611831970336,1.0
NP_064575,2.2330344687013324,0.07696407639146298,0.13756112407737517,1.0
NP_001229488,2.2329823526624,0.0769697653448707,0.13755835521475596,1.0
NP_060422,2.2328991314466804,0.07697885058026045,0.13755393373455177,1.0
NP_036380,2.2316105055199453,0.0771196646874477,0.13748546422802796,1.0
NP_001029345,2.230870459331379,0.07720064787828979,0.13744613789637003,1.0
NP_149072,2.230691627531103,0.07722023001828913,0.1374366341695089,1.0
NP_778235,2.230163256485622,0.07727811546954394,0.13740855352113865,1.0
NP_004587,2.2300577094873626,0.07728968375530984,0.13740294393308103,1.0
NP_001138898,2.229292262499409,0.07737363034255083,0.1373622599458989,1.0
NP_055693,2.227815337654885,0.07753585917148033,0.13728374961757672,1.0
NP_997176,2.2273692521835717,0.07758492421457319,0.13726003380885993,1.0
NP_003440,2.2272368134626537,0.0775994970789807,0.13725299254983836,1.0
NP_079130,2.2267671633065316,0.07765119670841056,0.1372280221251898,1.0
NP_001172011,2.2267188080596223,0.07765652163963431,0.13722545108464182,1.0
NP_079139,2.2261040179442206,0.0777242544106735,0.13719276145909112,1.0
NP_073743,2.225333726105446,0.07780920144872455,0.1371517999981126,1.0
NP_004111,2.2243589574280023,0.07791682935038503,0.1370999595894434,1.0
NP_002652,2.22420842423383,0.0779334633824894,0.13709195333755486,1.0
NP_005898,2.2239802650744274,0.07795868182436733,0.13707981819122514,1.0
NP_001439,2.2229872462022455,0.07806853407944075,0.13702699832440784,1.0
NP_001014305,2.222372408876051,0.0781366267338914,0.1369942911469646,1.0
NP_001264237,2.2220763241207133,0.07816943874660767,0.13697853959771433,1.0
NP_066403,2.221921663745357,0.07818658356317544,0.1369703115205621,1.0
NP_001164014,2.2212833713789046,0.07825738048652538,0.1369363521075141,1.0
NP_055446,2.220152028328321,0.07838302014808894,0.13687615408603127,1.0
NP_001159898,2.220095852383444,0.07838926387044058,0.1368731647820204,1.0
NP_060542,2.21963494866136,0.07844050993450467,0.13684863781996218,1.0
NP_710155,2.2184324914708227,0.07857436206893688,0.13678464257489015,1.0
NP_060417,2.2183875701720486,0.07857936687062535,0.13678225166181035,1.0
NP_001258662,2.217910821943151,0.07863250204850715,0.1367568761657188,1.0
NP_006097,2.2178217050194946,0.07864243835834683,0.13675213264510538,1.0
NP_055439,2.21750610911656,0.07867763645983784,0.13673533366946006,1.0
NP_073599,2.2167843728031564,0.07875818942999332,0.1366969136323277,1.0
NP_037481,2.2156279727938104,0.07888742486230371,0.13663534810438036,1.0
NP_001171896,2.2153290141717252,0.07892086950776091,0.13661943043126612,1.0
NP_002506,2.2148333533593276,0.07897635014583304,0.1365930383059081,1.0
NP_065885,2.2140177668124843,0.0790677246794063,0.1365496077933396,1.0
NP_001026870,2.213851696018114,0.07908634325670323,0.13654076388041736,1.0
NP_060681,2.2136256384975095,0.07911169403383435,0.13652872515086903,1.0
NP_055321,2.213368807470004,0.0791405055727398,0.13651504716590646,1.0
NP_996668,2.213225930388082,0.07915653813453967,0.1365074378097627,1.0
NP_001106207,2.212084777321694,0.0792847045468911,0.13644665739819434,1.0
NP_036221,2.211588693636917,0.07934048504707009,0.13642023218273294,1.0
NP_071442,2.211074971196137,0.07939828967717737,0.13639286568748707,1.0
NP_004665,2.211057517712645,0.07940025429232331,0.1363919358929411,1.0
NP_055154,2.210272218077386,0.07948869954565972,0.13635009877332793,1.0
NP_001814,2.209863942009307,0.07953472048138158,0.13632834611783803,1.0
NP_001018855,2.2084306180547717,0.07969649312248711,0.1362519709708831,1.0
NP_055697,2.208334114219968,0.07970739671638451,0.13624682824637377,1.0
NP_003642,2.2066855746686524,0.07989388618779575,0.13615896751385995,1.0
NP_002079,2.206545118624363,0.07990979502214648,0.13615148092782767,1.0
NP_444272,2.206534792521514,0.07991096473737141,0.1361509305209228,1.0
NP_003206,2.2064018484513674,0.07992602581883157,0.13614384420945386,1.0
NP_055659,2.2052028333960076,0.08006198739117885,0.13607992791373652,1.0
NP_001017437,2.2040161927686066,0.08019677031111343,0.13601666195274456,1.0
NP_005057,2.2031272227614673,0.08029788929316074,0.1359692602836943,1.0
NP_001153174,2.2020690684346027,0.0804184166194413,0.13591283058561607,1.0
NP_057513,2.2019262729585716,0.08043469515643256,0.13590521496407762,1.0
NP_006592,2.200955141691435,0.08054548932882494,0.13585341866835438,1.0
NP_003283,2.2003951736716227,0.080609443192182,0.13582354936919294,1.0
NP_001138632,2.199820875219811,0.08067508573185853,0.1357929135244196,1.0
NP_006801,2.1987697441963863,0.08079536694236497,0.13573683550777996,1.0
NP_001324,2.1982195228610935,0.08085839939182987,0.13570747820516152,1.0
NP_001012418,2.197998719534651,0.0808837078844962,0.13569569658527522,1.0
NP_060218,2.197011393783276,0.08099697078590362,0.13564301094623737,1.0
NP_036450,2.196537829283841,0.08105135207676029,0.135617738336179,1.0
NP_006741,2.196060112530732,0.08110624665070805,0.13559224263632252,1.0
NP_997175,2.195774242805709,0.081139113550026,0.13557698507566499,1.0
NP_064511,2.1947421619293412,0.08125788282674747,0.13552189593291267,1.0
NP_937802,2.1938029102482495,0.08136611846735269,0.135471755609666,1.0
NP_958850,2.193416554035523,0.08141068185953963,0.13545112896443748,1.0
NP_003694,2.1927553904620223,0.08148699810023827,0.1354158287201458,1.0
NP_689645,2.1922396598577776,0.08154657636806076,0.13538829129935398,1.0
NP_060138,2.191880600153936,0.08158808103430086,0.1353691182809919,1.0
NP_005398,2.1917124093004436,0.08160752982137182,0.13536013695756677,1.0
NP_038470,2.1910103776694774,0.08168875875259454,0.13532264673805056,1.0
NP_002345,2.190549451669003,0.08174213375559793,0.1352980303854476,1.0
NP_057692,2.190328547158597,0.08176772656932059,0.1352862321958871,1.0
NP_000168,2.190285829172629,0.08177267655744264,0.13528395065305396,1.0
NP_003879,2.1902260780921092,0.08177960076731203,0.13528075936233058,1.0
NP_001005333,2.1899459485774018,0.08181207107396123,0.13526579739877578,1.0
NP_009223,2.189882594625544,0.08181941630362845,0.1352624135367421,1.0
NP_004881,2.188337279783011,0.08199878080236335,0.13517986695989714,1.0
NP_776170,2.1882310772891627,0.08201112193087175,0.13517419332857694,1.0
NP_001074008,2.1879083812551987,0.08204863165108668,0.1351569535560683,1.0
NP_004395,2.1845642939801917,0.08243834007732212,0.1349782579437578,1.0
NP_001092281,2.1839674735722863,0.08250808298802136,0.134946358310384,1.0
NP_001005340,2.1838732906711438,0.08251909427032916,0.13494132408525422,1.0
NP_004891,2.182650071616008,0.08266223703752977,0.13487593576804366,1.0
NP_002570,2.182475393598004,0.08268269804633718,0.13486659738481163,1.0
NP_004690,2.182171718751439,0.0827182810479948,0.1348503622800394,1.0
NP_149035,2.18169983292555,0.08277360404972588,0.13482513304852917,1.0
NP_001186226,2.180655266146121,0.08289619674573578,0.13476928037077607,1.0
NP_005509,2.178252378609476,0.08317888426399232,0.13464077130416835,1.0
NP_002197,2.177399071921211,0.08327949973047748,0.13459512633897244,1.0
NP_775886,2.176528059660846,0.08338232651647857,0.13454852930329472,1.0
NP_056251,2.175471141195557,0.08350726825272228,0.13449197999896798,1.0
NP_757366,2.1752561916926023,0.08353270067571425,0.1344804784489153,1.0
NP_872415,2.1718673105610913,0.083934676190993,0.13429910528283565,1.0
NP_079100,2.170851002010874,0.08405559744076847,0.13424469755740895,1.0
NP_001265099,2.1707904219251257,0.08406281072435881,0.13424145420757314,1.0
NP_694540,2.1702144806269024,0.08413141862089304,0.13421061812302973,1.0
NP_064706,2.1698298023579983,0.08417727337974125,0.13419002109976313,1.0
NP_056418,2.169730346438906,0.08418913281442328,0.13418469572170388,1.0
NP_000417,2.16960737993772,0.08420379799845935,0.13417811137638622,1.0
NP_078868,2.1685069488466837,0.08433514919251126,0.1341191834043381,1.0
NP_003246,2.1665884266698643,0.0845646330373194,0.1340164275534883,1.0
NP_009055,2.1661984732650943,0.08461135238352206,0.13399553870673145,1.0
NP_004575,2.1659593299890822,0.08464001611013053,0.13398272788989782,1.0
NP_005849,2.165764941845271,0.08466332252581123,0.13397231430967815,1.0
NP_001006659,2.163607489981596,0.08492241744160386,0.1338567204952624,1.0
NP_003976,2.1634000586190276,0.08494736958386848,0.13384560493294284,1.0
NP_004937,2.1631260904650196,0.08498033656681339,0.1338309234462444,1.0
NP_001790,2.1621617895760084,0.08509647246435431,0.13377924424506882,1.0
NP_002056,2.161810428136137,0.08513882760761668,0.13376041240854028,1.0
NP_945353,2.161710009102161,0.08515093651100572,0.13375503012272227,1.0
NP_001265157,2.1603916327695525,0.08531006853448116,0.13368436123718536,1.0
NP_006817,2.1586908047053344,0.08551579598089057,0.133593174768635,1.0
NP_001147057,2.157548830154741,0.08565419987929176,0.1335319393327855,1.0
NP_954712,2.157286973751602,0.08568596714020586,0.13351789673948564,1.0
NP_619649,2.157063898704755,0.08571303876178274,0.13350593351788856,1.0
NP_000396,2.153442755862747,0.0861536669441411,0.1333116901708878,1.0
NP_001163886,2.152594119836263,0.08625725259563768,0.13326615550828208,1.0
NP_002105,2.1524592781813063,0.08627372282407555,0.13325891996451844,1.0
NP_003787,2.1515602563257055,0.08638361290324553,0.13321067576013615,1.0
NP_891552,2.1500813223397985,0.08656468693425093,0.13313130004897697,1.0
NP_001159447,2.150055685797205,0.08656782904664308,0.13312992398459797,1.0
NP_079408,2.1490012353156347,0.08669716374936826,0.13307332162536872,1.0
NP_001248340,2.1482944472633974,0.0867839619196891,0.13303537746845223,1.0
NP_060247,2.1459987617246457,0.08706647700924529,0.13291210989139327,1.0
NP_001306,2.1456710244963735,0.08710688319897132,0.13289450907558695,1.0
NP_079224,2.145516675711551,0.087125918995639,0.13288621967354886,1.0
NP_085056,2.1452606470436133,0.08715750396688635,0.1328724691376498,1.0
NP_036340,2.144569206813455,0.0872428597463892,0.13283533176644846,1.0
NP_940820,2.1445575305152693,0.08724430184835873,0.1328347046031941,1.0
NP_004233,2.1435965235860057,0.0873630730994295,0.13278308340116055,1.0
NP_006484,2.142524808780353,0.08749571428538207,0.13272550819404516,1.0
NP_005162,2.140309800661433,0.08777048336347462,0.13260648817123222,1.0
NP_001193844,2.1402630110056666,0.08777629670267276,0.1326039736493929,1.0
NP_060383,2.139834111131737,0.08782960262587823,0.13258092347156666,1.0
NP_001139313,2.1393660541707344,0.08788781150965053,0.13255576749359868,1.0
NP_002739,2.1387850990100836,0.08796011347832995,0.13252454171047062,1.0
NP_003705,2.1383000244033115,0.088020527551428,0.13249846769299803,1.0
NP_008969,2.1381201464620294,0.08804294098376671,0.13248879838899758,1.0
NP_000248,2.1368994722005916,0.08819518961731519,0.1324231755847446,1.0
NP_000473,2.1352645318097654,0.08839951305794419,0.13233526649657418,1.0
NP_056969,2.1349961950291982,0.08843309232971246,0.13232083659783805,1.0
NP_795352,2.1323856536459913,0.08876042651308388,0.132180428823561,1.0
NP_055278,2.132233344758896,0.08877956114684098,0.1321722354984175,1.0
NP_056173,2.131831840885657,0.08883002168629028,0.13215063620255393,1.0
NP_001028255,2.1312542410114226,0.08890266320225605,0.13211956176309042,1.0
NP_009005,2.130854068777488,0.08895302485745857,0.13209803149245034,1.0
NP_001180418,2.130739779918169,0.08896741324991936,0.13209188226883528,1.0
NP_056163,2.1306527670022617,0.08897836927153649,0.1320872005478191,1.0
NP_009140,2.130525189785299,0.08899443524609396,0.13208033617742715,1.0
NP_031385,2.1299254861215284,0.08906999495107835,0.13204806729914245,1.0
NP_060158,2.1296080463697233,0.08911001630346613,0.13203098551728498,1.0
NP_001158286,2.1271495266942972,0.08942057407377967,0.13189866710005724,1.0
NP_001131,2.1255998139137557,0.08961687834139474,0.13181524026657976,1.0
NP_002766,2.1241032938536946,0.08980684635607102,0.13173466177578858,1.0
NP_976225,2.123923017269035,0.0898297573135204,0.13172495397021383,1.0
NP_001025226,2.123908189836205,0.08983164195506577,0.13172415551057423,1.0
NP_001017995,2.12387664924094,0.089835651053078,0.13172245703956845,1.0
NP_001035207,2.123140976364438,0.08992921167038566,0.13168283893794863,1.0
NP_006328,2.1222538514033924,0.090042160788337,0.13163505989695465,1.0
NP_001884,2.121720809492869,0.09011009490227823,0.13160634863764348,1.0
NP_550433,2.120181711847862,0.0903065295172724,0.13152343749882114,1.0
NP_997555,2.120130310230912,0.09031309714323302,0.13152066822222497,1.0
NP_006303,2.1198587401021967,0.09034780366320502,0.13150603701188243,1.0
NP_689475,2.119068274773597,0.09044889927759206,0.1314634468103809,1.0
NP_005052,2.118879965211533,0.09047299928162247,0.13145330009185446,1.0
NP_060601,2.118772474986737,0.090486758790891,0.13144750807015043,1.0
NP_003932,2.118478644822414,0.0905243816172165,0.13143167488098595,1.0
NP_060130,2.1182539152024638,0.09055316698503645,0.1314195648205147,1.0
NP_694983,2.118079492322703,0.0905755148131751,0.13141016541899903,1.0
NP_689968,2.11765301523176,0.09063017974887275,0.13138718231683616,1.0
NP_976043,2.11730021376995,0.09067542557981709,0.13136816871854368,1.0
NP_689663,2.1170926034330715,0.09070206140771554,0.13135697954494058,1.0
NP_653320,2.116960764765777,0.09071897992956801,0.13134987394110853,1.0
NP_001156,2.116692223460191,0.09075345073833305,0.13133540022431137,1.0
NP_817092,2.116683638368195,0.09075455295992392,0.13133493750098257,1.0
NP_003024,2.116540930219976,0.09077287687896111,0.13132724567784076,1.0
NP_995314,2.1155494865922013,0.09090027989775296,0.13127380412019424,1.0
NP_006381,2.115455544351699,0.09091236081529229,0.13126874003218258,1.0
NP_065089,2.1154441355164213,0.09091382809221919,0.13126812501892188,1.0
NP_055363,2.1147076064572006,0.09100860144543742,0.1312284192863563,1.0
NP_001185537,2.11456722258564,0.09102667643317015,0.13122085088465385,1.0
NP_055282,2.11378915858068,0.09112691921449068,0.1311789013607066,1.0
NP_599031,2.1135423199118075,0.09115874359958664,0.13116559214295573,1.0
NP_001165780,2.112138648743028,0.09133992347362746,0.13108990027886863,1.0
NP_004893,2.1107523198128564,0.0915192118220165,0.13101513063527592,1.0
NP_065700,2.109417357492404,0.09169218357497426,0.13094311921289473,1.0
NP_003785,2.1073080800282273,0.09196613792967356,0.13082931484008317,1.0
NP_006849,2.107188938195494,0.09198163609481633,0.1308228857487758,1.0
NP_000146,2.1068492760494193,0.09202583397488863,0.13080455649276265,1.0
NP_001319,2.105425267359373,0.09221135730067012,0.13072770401328096,1.0
NP_001244030,2.105004180174978,0.09226628784129216,0.13070497570973666,1.0
NP_001158287,2.104232978568978,0.09236697383687241,0.1306633467964123,1.0
NP_003529,2.103192236036608,0.09250302129615191,0.13060716193463612,1.0
NP_054740,2.1027956868469353,0.09255491052585617,0.13058575217249632,1.0
NP_001264125,2.102574124549873,0.09258391481602919,0.13057378952501156,1.0
NP_066565,2.102331413148647,0.09261569792938103,0.13056068461191592,1.0
NP_000079,2.1018605851624748,0.09267738348836804,0.13053526168890658,1.0
NP_002183,2.1017211458498135,0.09269565987404775,0.130527732210263,1.0
NP_000936,2.1016488250178367,0.09270514039689215,0.1305238269606534,1.0
NP_073609,2.1014307795679246,0.09273372968756727,0.13051205252110615,1.0
NP_619646,2.101335834122161,0.09274618127659645,0.13050692537379302,1.0
NP_653174,2.101267019603496,0.09275520695904249,0.13050320928441084,1.0
NP_003280,2.101037543200388,0.09278531121294627,0.13049081697767204,1.0
NP_002382,2.1006954251410277,0.09283021035320416,0.13047234108042433,1.0
NP_055563,2.100008980778696,0.09292036273742207,0.13043526766263489,1.0
NP_060668,2.099486945777468,0.09298898033494023,0.13040707153268113,1.0
NP_059120,2.0975749289376404,0.09324072532772343,0.1303037841536588,1.0
NP_001541,2.096358849168221,0.09340118769377126,0.13023807861220435,1.0
NP_057373,2.0960726041446036,0.09343899723710412,0.1302226111731679,1.0
NP_056307,2.0943265763986743,0.09366995186665888,0.13012825149639212,1.0
NP_612361,2.094077024632594,0.09370300684912453,0.13011476342678926,1.0
NP_060851,2.093687136230601,0.09375467335855643,0.1300936894390862,1.0
NP_115712,2.0927651995439955,0.09387695601555357,0.13004385347045866,1.0
NP_000967,2.092421514302669,0.09392258130574166,0.13002527384974105,1.0
NP_001153175,2.0923860678399593,0.09392728817123568,0.1300233575691747,1.0
NP_006167,2.0916642530386045,0.09402318685447554,0.1299843335125287,1.0
NP_001107595,2.0915180578928596,0.09404262169964257,0.12997642921992525,1.0
NP_001239225,2.091364961703423,0.0940629781759581,0.12996815165654116,1.0
NP_001229569,2.0912504240420775,0.09407821053241723,0.12996195876223032,1.0
NP_001095838,2.0909371980565497,0.09411987878892811,0.12994502261242383,1.0
NP_009043,2.090549244584934,0.09417151308283937,0.12992404502838714,1.0
NP_002559,2.090522970810994,0.09417501096949601,0.12992262430520787,1.0
NP_067650,2.0904402242630877,0.09418602803603364,0.1299181498534063,1.0
NP_062457,2.089345172844025,0.09433194478092037,0.12985893151018169,1.0
NP_001093326,2.0892454697170284,0.09434524132999682,0.12985353935020633,1.0
NP_065892,2.0882682567324173,0.09447566112731538,0.12980068602837636,1.0
NP_057706,2.0875592048928824,0.09457040251041383,0.12976233239023416,1.0
NP_689775,2.087278122249036,0.09460798570545563,0.12974712728825694,1.0
NP_699170,2.0864895696200425,0.09471350022571312,0.12970446787597825,1.0
NP_776155,2.08641973663844,0.09472284998418917,0.12970068982387736,1.0
NP_001099033,2.0858508827398774,0.09479904608138863,0.12966991289083726,1.0
NP_000679,2.0857310541487757,0.09481510438405849,0.12966342947844023,1.0
NP_001167538,2.0854530909628894,0.09485236466733482,0.1296483897077501,1.0
NP_001122392,2.0853786004580375,0.09486235237512695,0.1296443591572445,1.0
NP_004823,2.08476001885283,0.09494533180375675,0.12961088734984536,1.0
NP_001124334,2.0845085431461308,0.09497908626815156,0.12959727911825905,1.0
NP_004880,2.0842522699505697,0.09501349677894588,0.1295834108399604,1.0
NP_001158729,2.083870870314272,0.09506473098908208,0.12956277049950946,1.0
NP_002405,2.0835158855894824,0.09511244115839963,0.12954355878469773,1.0
NP_001230890,2.0833021618277074,0.09514117708304133,0.12953199168092736,1.0
NP_001121138,2.082622372162553,0.09523263382223848,0.12949519823131384,1.0
NP_852091,2.0824335588007408,0.09525805145722761,0.12948497820226815,1.0
NP_001004298,2.08238733184016,0.0952642754409746,0.12948247600761456,1.0
NP_001231122,2.0818274373503844,0.09533969111650605,0.1294521686332299,1.0
NP_005720,2.0814768811609654,0.09538693949469587,0.12943319177353435,1.0
NP_001162580,2.0810586983566584,0.09544333268286095,0.12941055296125029,1.0
NP_001005366,2.079347171738859,0.09567447780166358,0.12931788520578322,1.0
NP_001139542,2.0789665468312197,0.0957259564735595,0.12929727422319526,1.0
NP_005745,2.07786941798755,0.09587449262030415,0.12923785882119918,1.0
NP_002085,2.077637795423304,0.09590587998669992,0.12922531418233155,1.0
NP_734465,2.07686580932824,0.09601056517958716,0.1291835009360584,1.0
NP_004026,2.0762369318894955,0.09609592686027536,0.1291494359461066,1.0
NP_002881,2.07611205418235,0.09611288618098209,0.12914267126187584,1.0
NP_997543,2.0759402699295744,0.09613622055059974,0.1291333654562446,1.0
NP_006501,2.075642201327299,0.09617672196641971,0.12911721816973026,1.0
NP_997215,2.074965824825104,0.09626868968886979,0.1290805745677335,1.0
NP_001026902,2.0744369211496245,0.09634066537426257,0.12905191835492694,1.0
NP_001092902,2.0739851042781625,0.09640219247614941,0.12902743724243979,1.0
NP_002817,2.0737584122802084,0.09643307723003906,0.129015153711398,1.0
NP_001019837,2.0724542968004998,0.096610939636556,0.12894448218857635,1.0
NP_072096,2.072096270224535,0.09665982545320471,0.1289250783087543,1.0
NP_001193583,2.072070327263441,0.09666336870931236,0.1289236722507702,1.0
NP_620693,2.071077752459747,0.09679902888199433,0.128869873219471,1.0
NP_001121135,2.071038732169544,0.09680436578838786,0.12886775812592172,1.0
NP_653247,2.0707469019786844,0.09684428929990392,0.12885193915434806,1.0
NP_003872,2.0705272152278766,0.09687435394535766,0.128840030417043,1.0
NP_001121134,2.070417510812192,0.09688937067310426,0.1288340834592015,1.0
NP_055790,2.0697151106902067,0.09698557172383539,0.1287960051832749,1.0
NP_003921,2.0691063861752297,0.09706901857965958,0.128763002524854,1.0
NP_114098,2.0686387042535923,0.09713317840500871,0.12873764494474535,1.0
NP_064590,2.0685828149290675,0.09714084846477355,0.12873461454280707,1.0
NP_001159591,2.068420363117799,0.09716314616353587,0.12872580604534656,1.0
NP_055566,2.067837431219773,0.09724319909763636,0.1286941967188422,1.0
NP_061029,2.06775696413546,0.09725425456199346,0.12868983323253272,1.0
NP_057105,2.067622605490686,0.09727271699260542,0.12868254727268308,1.0
NP_076998,2.067397570380818,0.09730364710594104,0.12867034386401988,1.0
NP_694941,2.0664208391450667,0.09743800628800295,0.12861737283205796,1.0
NP_003124,2.0656478635406232,0.09754446559556153,0.12857544750675162,1.0
NP_001008,2.0651594339960493,0.09761179405033879,0.1285489535588357,1.0
NP_758962,2.064668071870751,0.09767957266391543,0.12852229891297828,1.0
NP_150628,2.0644325920575124,0.0977120711387904,0.1285095243935473,1.0
NP_006332,2.064295720454974,0.09773096559852787,0.1285020990883819,1.0
NP_061736,2.0640025495459025,0.0977714484556862,0.12848619409639275,1.0
NP_001171610,2.063951669210405,0.09777847599967558,0.12848343369747292,1.0
NP_055161,2.063252397082902,0.09787510892419568,0.1284454944789133,1.0
NP_002709,2.063158955100954,0.09788802881932747,0.1284404245060269,1.0
NP_071417,2.063129611418658,0.09789208641184816,0.12843883236502418,1.0
NP_699174,2.0625078050578027,0.09797810742037374,0.1284050927843506,1.0
NP_061322,2.0623610957002785,0.09799841405468229,0.12839713186701737,1.0
NP_115543,2.0618571542838073,0.09806819800790242,0.1283697852918518,1.0
NP_000982,2.06064100809851,0.09823680586731473,0.12830378358245104,1.0
NP_443182,2.0602320842663544,0.0982935632453043,0.1282815885509333,1.0
NP_060641,2.0599366350078827,0.09833459067166009,0.12826555184019703,1.0
NP_114106,2.0594931391620688,0.09839620798714227,0.12824147819085696,1.0
NP_056134,2.0589702124363094,0.09846890962295944,0.12821309120069302,1.0
NP_001245321,2.0564932293535114,0.09881399542045627,0.1280786034645445,1.0
NP_002587,2.0556226117202967,0.0989355681232511,0.12803132344551568,1.0
NP_071768,2.0554490088226074,0.09895982746093043,0.12802189510197573,1.0
NP_076945,2.0542684775119593,0.09912494982249336,0.1279577752414867,1.0
NP_000517,2.052902511636253,0.09931634560740904,0.1278835718430463,1.0
NP_569120,2.0526397439218824,0.09935320542239384,0.12786929605762112,1.0
NP_079104,2.0522165609986516,0.0994125956634592,0.12784630416616918,1.0
NP_006316,2.0519209201519755,0.09945410703159982,0.1278302410259163,1.0
NP_775735,2.051479184817165,0.09951616334495991,0.12780623898871735,1.0
NP_064628,2.0511162972817374,0.09956717122388652,0.12778652022034725,1.0
NP_003016,2.0507746108171694,0.09961522243638787,0.12776795267158522,1.0
NP_001186318,2.050733279008316,0.09962103644782722,0.1277657066104471,1.0
NP_009106,2.0505621360175104,0.09964511411046553,0.12775640620187637,1.0
NP_004005,2.050515849062795,0.09965162707988404,0.12775389079987273,1.0
NP_060018,2.0503089037522884,0.09968075114429743,0.12774264445919553,1.0
NP_060113,2.049930108406993,0.09973408177644648,0.12772205826200042,1.0
NP_150634,2.0499007180816182,0.09973822080979772,0.12772046096037376,1.0
NP_073622,2.049706738084837,0.09976554318691534,0.12770991841371315,1.0
NP_057139,2.0486792013236297,0.09991039546218326,0.12765406895008927,1.0
NP_001136272,2.048257457230983,0.0999699084302731,0.1276311439226123,1.0
NP_001378,2.0481517655360033,0.09998482818365756,0.1276253985791987,1.0
NP_115963,2.0477818728465813,0.1000370604854317,0.12760529081663935,1.0
NP_002815,2.0476161069752505,0.10006047683420277,0.12759627930563683,1.0
NP_003810,2.0472671995509377,0.10010978156795619,0.1275773110831126,1.0
NP_057213,2.046973362403558,0.10015132265479702,0.12756133609590273,1.0
NP_054858,2.0468527402597836,0.10016838043379839,0.12755477808582727,1.0
NP_056667,2.04524504357392,0.10039600435520238,0.12746736107922743,1.0
NP_000090,2.0449559980277594,0.100436982161446,0.1274516426395389,1.0
NP_115528,2.044287933930744,0.10053175579439429,0.12741531081647117,1.0
NP_056519,2.043953512708348,0.1005792306626677,0.1273971226038109,1.0
NP_683515,2.0423382549237323,0.10080884359909777,0.12730926268163528,1.0
NP_006512,2.0420884637163206,0.1008443977775006,0.12729567402243633,1.0
NP_073149,2.041861286678466,0.10087674380132369,0.1272833152081968,1.0
NP_006776,2.041387593814702,0.10094422198676513,0.12725754439109918,1.0
NP_001164015,2.0412612034786353,0.10096223391792826,0.12725066798587992,1.0
NP_001193946,2.0406819791501984,0.10104481958917333,0.12721915326310276,1.0
NP_006249,2.040622857855747,0.10105325280377944,0.1272159364345612,1.0
NP_776158,2.039315278738448,0.10123994529383958,0.1271447841318852,1.0
NP_938167,2.038138546533406,0.10140824407989726,0.12708074198385977,1.0
NP_006068,2.0381086908206747,0.10141251766439383,0.12707911700256616,1.0
NP_001229811,2.0376322736578474,0.10148073644554297,0.12705318583745695,1.0
NP_068747,2.03729377587512,0.10152923363305527,0.12703476062400365,1.0
NP_653205,2.0372008330053637,0.10154255368957846,0.1270297013935688,1.0
NP_036597,2.036998343063762,0.10157157934011427,0.12701867890039373,1.0
NP_061830,2.0369276415463577,0.10158171586501974,0.12701483021407137,1.0
NP_116195,2.0352911602569037,0.10181661583176345,0.12692573773161822,1.0
NP_733822,2.035156143660808,0.10183601976069248,0.12691838641467593,1.0
NP_003091,2.035139731184008,0.10183837872846267,0.126917492787806,1.0
NP_973726,2.0344927813049636,0.1019314074913239,0.1268822661903614,1.0
NP_073713,2.0340525649274035,0.10199475629998518,0.1268582946632377,1.0
NP_001034792,2.033950916850311,0.10200938931181765,0.12685275933536774,1.0
NP_001245238,2.033145720741106,0.10212537592446544,0.12680890925297014,1.0
NP_060072,2.03278476624362,0.10217741240442006,0.12678925064369154,1.0
NP_689474,2.032208231822545,0.10226058140328813,0.12675784910208365,1.0
NP_001611,2.0320031680796986,0.10229017918605043,0.12674667954940852,1.0
NP_001184223,2.0314086263517557,0.10237603942817858,0.12671429402732654,1.0
NP_073583,2.0310074429741616,0.10243401577839065,0.12669243964853139,1.0
NP_660204,2.0304028270987566,0.10252145145535059,0.12665950126134337,1.0
NP_115690,2.030277355284913,0.1025396055213054,0.12665266547091678,1.0
NP_061834,2.030050251792852,0.1025724722981836,0.12664029244486028,1.0
NP_001156769,2.0300440072196335,0.10257337616810558,0.12663995222379545,1.0
NP_059345,2.029110148170027,0.10270863511854716,0.12658907009892137,1.0
NP_060122,2.029098337071109,0.10271034693854501,0.12658842652292776,1.0
NP_110385,2.028257866264278,0.10283223063281913,0.12654262760104984,1.0
NP_001231739,2.0277183268793553,0.10291054821200538,0.12651322449800992,1.0
NP_057075,2.026695794428116,0.10305913522047083,0.12645749444702892,1.0
NP_659484,2.0259767291819997,0.10316375007037784,0.12641829970293553,1.0
NP_689531,2.0258485490062044,0.10318240954778252,0.1264113125000069,1.0
NP_002109,2.0258343740971267,0.10318447322373178,0.12641053980761985,1.0
NP_001035374,2.025744521390923,0.10319755550610395,0.12640564179012026,1.0
NP_060228,2.025464923748033,0.10323827444408255,0.1263904001154132,1.0
NP_001122390,2.0251187352450013,0.10328871302663267,0.12637152764372575,1.0
NP_001320,2.0247055463571324,0.10334894486768528,0.12634900157759246,1.0
NP_001182225,2.02453256761628,0.10337417070890384,0.1263395708469914,1.0
NP_001163885,2.024339876158585,0.10340227837739249,0.12632906514735429,1.0
NP_001035526,2.024107415289388,0.10343619709711827,0.12631639084983218,1.0
NP_001854,2.0232866398100553,0.10355604465044711,0.1262716373545471,1.0
NP_001138779,2.023065221625009,0.10358839879570803,0.12625956355058984,1.0
NP_036199,2.022973163181152,0.10360185349742632,0.12625454355935004,1.0
NP_002705,2.022788771957568,0.10362880812978754,0.12624448844372024,1.0
NP_006342,2.0219729975352863,0.10374814167360079,0.12620000032744616,1.0
NP_005236,2.021926088054925,0.10375500779018175,0.12619744198934754,1.0
NP_001128662,2.0217192263826114,0.10378529132114123,0.1261861600378997,1.0
NP_001074295,2.0213252603941325,0.10384298988130516,0.1261646728682922,1.0
NP_055828,2.02011750451023,0.10402006789620347,0.12609879446524003,1.0
NP_599032,2.0198106312169464,0.10406510781927675,0.1260820541337142,1.0
NP_115928,2.0196303259925092,0.10409158017495386,0.1260722179534677,1.0
NP_001035887,2.0195258647405505,0.10410692015122179,0.1260665191836661,1.0
NP_940918,2.0192431485289446,0.10414844767086866,0.12605109553595695,1.0
NP_060353,2.0190680821367777,0.10417417087081696,0.12604154447587912,1.0
NP_003160,2.0188485470784796,0.10420643679647086,0.12602956705316237,1.0
NP_001013,2.018402198066708,0.10427206854883032,0.12600521407249424,1.0
NP_062543,2.016905830022935,0.10449239110635342,0.12592356173077707,1.0
NP_006195,2.016885579204593,0.10449537591585112,0.12592245659937798,1.0
NP_001073954,2.0165657734015587,0.10454252378602245,0.12590500372748042,1.0
NP_000413,2.0161699135979725,0.10460091280301528,0.1258833993691721,1.0
NP_055888,2.0159294658335147,0.10463639420563647,0.1258702762230603,1.0
NP_997002,2.014564222861742,0.1048380776181267,0.12579575658923212,1.0
NP_000983,2.013130710590901,0.10505025469251743,0.12571749690767467,1.0
NP_443195,2.0129377832527067,0.1050788422460662,0.12570696336295997,1.0
NP_001239570,2.0125657637251146,0.1051339887324541,0.12568665093537876,1.0
NP_060714,2.012486723726656,0.105145708901282,0.1256823351956092,1.0
NP_001092255,2.012363827729251,0.10516393463617525,0.1256756247471945,1.0
NP_061926,2.0115905272491506,0.10527868749258186,0.1256333981203021,1.0
NP_078813,2.0108831793212216,0.10538376043307299,0.1255947693078148,1.0
NP_004227,2.0106339838626286,0.10542080152773142,0.12558115973978168,1.0
NP_065901,2.010487013908619,0.10544265350062018,0.12557313291982125,1.0
NP_066554,2.0099528700384965,0.10552210899228788,0.12554395920802372,1.0
NP_945185,2.009678528276351,0.10556294085710642,0.12552897453417633,1.0
NP_001231744,2.009625578243906,0.1055708234905632,0.12552608231980536,1.0
NP_004901,2.0094308868568853,0.10559981199767564,0.12551544780436572,1.0
NP_113619,2.009024741490309,0.10566030988037446,0.12549326232743935,1.0
NP_068597,2.0087797794093816,0.1056968148596849,0.12547988085844555,1.0
NP_001596,2.0079639283999113,0.10581848418943733,0.12543531066043687,1.0
NP_003971,2.0079072482357105,0.10582694207998711,0.12543221403641058,1.0
NP_004564,2.0078104712243983,0.10584138480095741,0.12542692673889624,1.0
NP_001036817,2.007320031185328,0.10591460622990685,0.125400131144669,1.0
NP_001422,2.0068076044588876,0.10599116301703117,0.12537213253565113,1.0
NP_057280,2.006299836782953,0.10606707700079476,0.12534438672530776,1.0
NP_003430,2.005878679812243,0.10613008246955935,0.12532137222445652,1.0
NP_001035879,2.004664702139712,0.10631189904576707,0.12525502654683557,1.0
NP_001129126,2.0046079889640582,0.10632040036404425,0.1252519268417153,1.0
NP_060368,2.00420506054442,0.10638081852660818,0.12522990382605376,1.0
NP_060858,2.0041919166431152,0.10638278998755508,0.1252291853960406,1.0
NP_001186088,2.0030500394378072,0.10655419689803067,0.12516676724133866,1.0
NP_055300,2.002695767540679,0.1066074313080321,0.12514739995263038,1.0
NP_001253989,2.00173561332781,0.10675183866307585,0.12509490605885082,1.0
NP_001258804,2.001676819613301,0.10676068744483569,0.12509169146322466,1.0
NP_000325,2.0015739122655583,0.10677617729648221,0.12508606486086396,1.0
NP_775899,2.0011655118307274,0.10683767229013241,0.12506373428555145,1.0
NP_004483,2.0011482618574252,0.10684027046927642,0.12506279106404142,1.0
NP_002323,2.0010478407176864,0.10685539705626405,0.12505730003666654,1.0
NP_061854,2.000668559248152,0.10691254764047241,0.12503656030621257,1.0
NP_009032,1.9999674584801388,0.107018268844183,0.12499822038201308,1.0
NP_079440,1.9997207894861733,0.10705548908597982,0.12498473040856062,1.0
NP_004148,1.9986380757472935,0.10721901071901098,0.12492551342711317,1.0
NP_000584,1.9985672755944266,0.10722971210681298,0.12492164086738011,1.0
NP_976240,1.9979300649903735,0.10732607288046418,0.12488678578253151,1.0
NP_036601,1.9977457991774046,0.10735395381119053,0.12487670602192766,1.0
NP_055677,1.9975089885016108,0.10738979558328793,0.12486375159641067,1.0
NP_694574,1.9973331214026921,0.107416420973563,0.1248541307632381,1.0
NP_005889,1.9966306620095802,0.10752283400102125,0.12481570051819606,1.0
NP_055816,1.996575968015858,0.10753112370828488,0.12481270817004124,1.0
NP_055455,1.9948772490894515,0.10778890091307666,0.12471975983454416,1.0
NP_003754,1.9945641110806582,0.1078364847105569,0.12470262379322174,1.0
NP_695001,1.9944800116030825,0.10784926778011712,0.12469802145216363,1.0
NP_056988,1.9931516250360348,0.10805137781776412,0.12462531912196165,1.0
NP_002728,1.9920086421151468,0.10822557476570427,0.12456275422895706,1.0
NP_056182,1.9909244844916734,0.10839105940299242,0.12450340106492985,1.0
NP_056982,1.9908820524052284,0.10839754120394075,0.1245010779193243,1.0
NP_078899,1.9897921350907033,0.10856416333221452,0.1244414010063312,1.0
NP_001171506,1.989171855909063,0.1086591005344975,0.12440743484622259,1.0
NP_002112,1.9890493864508485,0.1086778547345984,0.12440072817189324,1.0
NP_976328,1.9888579256910333,0.10870718014913165,0.12439024318899713,1.0
NP_004319,1.9883633380919234,0.10878297020475035,0.12436315688139828,1.0
NP_008996,1.9882756795791823,0.10879640826992404,0.12435835604953206,1.0
NP_006444,1.9880902389261699,0.10882484168609233,0.1243481997672098,1.0
NP_543010,1.9872312372698329,0.10895664599139845,0.1243011505730367,1.0
NP_055465,1.9868532801510053,0.10901468860736493,0.12428044752358162,1.0
NP_055637,1.9868059633330937,0.1090219571407421,0.12427785561981414,1.0
NP_733821,1.9865837768290182,0.10905609445101563,0.12426568456159942,1.0
NP_115683,1.9862522970958123,0.10910704322072272,0.12424752594807041,1.0
NP_077078,1.985994435629687,0.10914669282842135,0.12423339965659502,1.0
NP_689749,1.9859898125818722,0.10914740381122248,0.12423314639039655,1.0
NP_003245,1.9857463710937555,0.10918484927989325,0.12421980963519379,1.0
NP_005372,1.9853207653152831,0.10925034481264578,0.12419649217318202,1.0
NP_002829,1.985138745371165,0.10927836714626185,0.1241865195537326,1.0
NP_003080,1.984976529037472,0.10930334657692223,0.12417763175514633,1.0
NP_079411,1.9844180581129174,0.10938938716954424,0.12414703187181239,1.0
NP_542119,1.984387027159856,0.10939416987544201,0.12414533155310156,1.0
NP_060164,1.9835799199637683,0.10951863843483257,0.12410110437688888,1.0
NP_060275,1.9833549161935597,0.10955336212667942,0.12408877401477969,1.0
NP_055758,1.9832875860302883,0.1095637549347389,0.12408508420781474,1.0
NP_068756,1.9826636809558198,0.10966010406869264,0.12405089167447517,1.0
NP_055273,1.9822531652473088,0.10972354468622064,0.12402839228936934,1.0
NP_003332,1.9806512787405597,0.10997144052361246,0.12394058566157862,1.0
NP_001124297,1.9795721309249328,0.11013874877785153,0.1238814227756392,1.0
NP_060740,1.9780330265426453,0.1103777965583548,0.12379702953778766,1.0
NP_055676,1.9771013859616164,0.11052274084962524,0.12374593727613256,1.0
NP_003353,1.9768521454526717,0.11056154901534035,0.12373226762415293,1.0
NP_113641,1.976807287744652,0.11056853502490195,0.12372980734774233,1.0
NP_004782,1.976406050253743,0.11063104171394464,0.12370780036742696,1.0
NP_003159,1.9763973283535268,0.11063240083524485,0.123707321978403,1.0
NP_005784,1.9747506819621388,0.11088928694499613,0.1236169954246563,1.0
NP_061841,1.9741000230068586,0.11099095343841417,0.12358129848715373,1.0
NP_001129333,1.973454842248177,0.11109185357585354,0.12354589922704685,1.0
NP_005378,1.9725796583850896,0.11122886677775724,0.12349787577046446,1.0
NP_001035517,1.9722116337365436,0.11128653149839736,0.12347767979550396,1.0
NP_001931,1.9715833323519008,0.11138504550239266,0.1234431985436459,1.0
NP_060003,1.9712929574995859,0.11143060327393663,0.1234272618219011,1.0
NP_068758,1.970984956819913,0.111478946240671,0.1234103571037593,1.0
NP_060119,1.970915144533621,0.11148990662958898,0.12340652534292675,1.0
NP_060692,1.9699698259660592,0.1116384230710523,0.12335463669837536,1.0
NP_064554,1.96942194339102,0.11172458756241044,0.1233245605490479,1.0
NP_000251,1.9688870743561213,0.11180876788781229,0.12329519679038178,1.0
NP_004429,1.968817718028203,0.11181968804976869,0.12329138905540143,1.0
NP_065810,1.9686486185551015,0.11184631713330942,0.12328210517874318,1.0
NP_009214,1.9684710045486948,0.1118742936973321,0.12327235362659118,1.0
NP_919267,1.967730853206775,0.11199095071601713,0.12323171471866327,1.0
NP_001230967,1.9671894347184216,0.1120763599523675,0.1232019850933216,1.0
NP_002044,1.9670898418098435,0.11209207772250317,0.12319651616533256,1.0
NP_036440,1.9670628232705172,0.11209634216304032,0.12319503248923815,1.0
NP_149103,1.96677426882372,0.11214189567705628,0.1231791867104922,1.0
NP_001822,1.965248195154294,0.1123831136599619,0.12309537384772869,1.0
NP_065715,1.9650961266395817,0.11240717793332644,0.12308702127766051,1.0
NP_006379,1.9649576090525107,0.11242910218741448,0.12307941287224791,1.0
NP_001012777,1.9649548412326006,0.11242954031416925,0.1230792608418611,1.0
NP_079495,1.9644188097903568,0.11251442171322966,0.12304981679543854,1.0
NP_055844,1.9640394276093929,0.11257453514779003,0.12302897625100058,1.0
NP_056493,1.9635054318557672,0.11265920019521516,0.12299964066398092,1.0
NP_002014,1.9633192666601078,0.11268873125810748,0.12298941303269938,1.0
NP_005862,1.9632812143662428,0.11269476835477386,0.12298732246847704,1.0
NP_057700,1.9630895932516292,0.11272517433261912,0.12297679479801471,1.0
NP_001034892,1.9624217849786243,0.11283120294511208,0.12294010341371593,1.0
NP_002132,1.962364057513028,0.11284037295026057,0.12293693154989772,1.0
NP_060796,1.9615104994457542,0.11297604526775105,0.12289002970701711,1.0
NP_036545,1.9612748925148233,0.11301352272930379,0.12287708254649375,1.0
NP_004530,1.960822345313437,0.11308554232252535,0.12285221293056947,1.0
NP_001001484,1.9604911773953269,0.11313827357890359,0.12283401278852556,1.0
NP_001120675,1.9602456281257645,0.11317738737979315,0.12282051754086686,1.0
NP_057662,1.9599494169711478,0.11322458867302458,0.12280423739232024,1.0
NP_116217,1.9581104078419382,0.11351806388471228,0.12270314954580762,1.0
NP_003402,1.9579555240635569,0.1135428145129005,0.12269463473006222,1.0
NP_115613,1.9579253924118951,0.11354763019974234,0.1226929782077376,1.0
NP_660156,1.9575194306379078,0.11361253100767586,0.12267065938077656,1.0
NP_079170,1.9567031084302866,0.11374314508178734,0.12262577646108586,1.0
NP_005563,1.9566604444532187,0.11374997546461404,0.1226234305896623,1.0
NP_942590,1.9564369727810358,0.11378575916958907,0.12261114283335203,1.0
NP_005344,1.9563136314539924,0.11380551405611357,0.12260436067122647,1.0
NP_000299,1.9562374585036912,0.11381771591528904,0.12260017210142092,1.0
NP_004915,1.956207510740059,0.11382251348367674,0.12259852533400208,1.0
NP_065128,1.9560891111126664,0.11384148277960664,0.12259201471558229,1.0
NP_001008219,1.9559737596743774,0.1138599666695976,0.12258567161959871,1.0
NP_078925,1.9557288961348835,0.11389921322644721,0.12257220643856888,1.0
NP_068375,1.9549259942072095,0.11402799411006857,0.12252805151944855,1.0
NP_002006,1.9535833771877253,0.11424365866618572,0.1224542054909861,1.0
NP_004359,1.9534084190837282,0.11427179138116932,0.122444581607215,1.0
NP_851999,1.9531149885822057,0.11431898921144103,0.12242844046319912,1.0
NP_002636,1.9528834784634128,0.11435624062443213,0.12241570504165154,1.0
NP_002724,1.952700692120965,0.1143856604184469,0.12240564966441095,1.0
NP_004852,1.9522863853621937,0.11445237109351006,0.12238285711530406,1.0
NP_115688,1.9521468585049697,0.11447484588611492,0.12237518095968208,1.0
NP_001019845,1.9516727922521602,0.11455123988560077,0.12234909891081151,1.0
NP_054722,1.951281174416842,0.11461438501855399,0.12232755181736553,1.0
NP_002711,1.9511836707173713,0.11463011194418261,0.12232218692956845,1.0
NP_001265128,1.9507689378123323,0.11469703001710256,0.12229936659592056,1.0
NP_000073,1.9503926465284978,0.11475777831285489,0.12227866045372802,1.0
NP_690878,1.9502673333340699,0.11477801576131398,0.12227176464047423,1.0
NP_001739,1.9502343641239426,0.11478334069886821,0.12226995037204634,1.0
NP_060754,1.9497784664687057,0.11485699846969512,0.12224486193132618,1.0
NP_996769,1.9495934636082388,0.1148869018331764,0.1222346806554396,1.0
NP_002308,1.9490029530026092,0.11498240102085658,0.1222021814621136,1.0
NP_031368,1.948989259591427,0.11498461647664872,0.12220142780642607,1.0
NP_001191008,1.948948013761261,0.11499128988664295,0.12219915771746491,1.0
NP_008868,1.9484354872480276,0.11507424603728593,0.1221709482918213,1.0
NP_078878,1.947460448186052,0.1152322238597391,0.12211727719992972,1.0
NP_005436,1.9463727562884692,0.11540870269025745,0.12205739738028606,1.0
NP_689476,1.945558262861615,0.11554102685438966,0.12201255238538522,1.0
NP_065107,1.9453438600035746,0.11557588366453833,0.12200074686900729,1.0
NP_055510,1.9451825803101912,0.11560211064592171,0.1219918662274954,1.0
NP_079079,1.9449399779640342,0.11564157304968428,0.12197850732909297,1.0
NP_787050,1.9446818054182844,0.11568358252734275,0.12196429061114578,1.0
NP_000592,1.9444086086608614,0.11572805287547853,0.12194924605762274,1.0
NP_001285,1.9442167964914143,0.11575928555200227,0.12193868292854906,1.0
NP_036528,1.943979323752013,0.11579796446473205,0.12192560491194535,1.0
NP_001248364,1.9438961838495876,0.1158115090336673,0.1219210261679114,1.0
NP_006431,1.9430209653014185,0.11595418693811844,0.12187282256795826,1.0
NP_001015038,1.942690105169894,0.11600816815305573,0.12185459871291836,1.0
NP_000060,1.9425116305226535,0.11603729717731466,0.1218447679726718,1.0
NP_001013416,1.9423336005488472,0.11606636070686673,0.1218349615066378,1.0
NP_055531,1.9421106552951786,0.11610276666611995,0.12182268065302297,1.0
NP_076977,1.9420877207486313,0.11610651240402932,0.12182141729285574,1.0
NP_149109,1.9417748322986466,0.11615762600063918,0.1218041813239349,1.0
NP_056534,1.9417262896055685,0.11616555791560695,0.12180150721014615,1.0
NP_653309,1.9413117846989738,0.11623330978750558,0.12177867235256716,1.0
NP_001231001,1.9410460154959996,0.11627677063350234,0.12176403064197572,1.0
NP_000081,1.9409154175759933,0.11629813290433837,0.12175683558523843,1.0
NP_001093097,1.940150135196848,0.11642338896940957,0.12171467136390868,1.0
NP_055370,1.9379509024502115,0.11678407397025542,0.1215934792566265,1.0
NP_005496,1.9375485390336524,0.11685018092111948,0.1215713027814962,1.0
NP_006181,1.9372736338004395,0.1168953678235918,0.1215561505885039,1.0
NP_078995,1.937148194327936,0.11691599228186966,0.12154923645733369,1.0
NP_079052,1.9370418516611163,0.11693347965749881,0.1215433748427547,1.0
NP_683692,1.9367474213204217,0.11698191011224644,0.1215271454154699,1.0
NP_003864,1.9363994633084125,0.11703917038205601,0.12150796469219619,1.0
NP_002159,1.9363416362455825,0.11704868909107895,0.12150477697099384,1.0
NP_932766,1.9355674238476306,0.11717620191503968,0.1214620962257703,1.0
NP_001167594,1.934376873851159,0.11737254886808246,0.12139645554797536,1.0
NP_001243338,1.934310943776529,0.1173834314688814,0.12139282022308054,1.0
NP_003756,1.9335631279889367,0.11750693662955623,0.12135158422866726,1.0
NP_619729,1.933316577257792,0.11754768325364934,0.121337988100813,1.0
NP_065775,1.9329490894431314,0.11760844221870706,0.12131772207342752,1.0
NP_055899,1.932939874723542,0.1176099661354724,0.12131721389283663,1.0
NP_006382,1.9324295864350216,0.11769438680173683,0.12128907119604063,1.0
NP_000308,1.9321138753325544,0.11774664662547854,0.12127165864185896,1.0
NP_055494,1.9315617691326123,0.117838091216168,0.12124120642553783,1.0
NP_000978,1.931284656497452,0.11788401498959679,0.12122592108162426,1.0
NP_003761,1.9312599104095072,0.11788811681603398,0.1212245560784316,1.0
NP_057256,1.931212309442955,0.1178960073782389,0.121221930379916,1.0
NP_077308,1.931012760795967,0.11792909109064902,0.12121092298337269,1.0
NP_113664,1.9305625382165628,0.1180037678317891,0.12118608703146837,1.0
NP_055994,1.9303731716868575,0.11803519106773488,0.12117564045001294,1.0
NP_003291,1.9301826952492531,0.118066806676377,0.12116513238890088,1.0
NP_001244259,1.9297943686640813,0.11813128726458026,0.12114370870098808,1.0
NP_612376,1.9294075405117421,0.1181955530342278,0.12112236664200245,1.0
NP_115618,1.9292900231269825,0.11821508352908044,0.12111588277480903,1.0
NP_002731,1.928949498824759,0.11827169377080922,0.1210970942538977,1.0
NP_001144,1.9286526365176953,0.11832106692502045,0.12108071414000873,1.0
NP_644809,1.927259528749627,0.118553031385972,0.12100383780843231,1.0
NP_001093165,1.9263310656224266,0.11870787359080279,0.12095259464877525,1.0
NP_001420,1.926105330699285,0.11874554964556555,0.12094013512434265,1.0
NP_001171606,1.9251616691551123,0.11890317621941314,0.12088804554391998,1.0
NP_689592,1.9244761823526089,0.11901780533325025,0.12085020319131756,1.0
NP_001036249,1.9238962942402609,0.11911485966065319,0.12081818787881343,1.0
NP_036335,1.9236710732355444,0.11915257500521223,0.1208057529189261,1.0
NP_001138528,1.923118967740695,0.1192450792206011,0.12077526844061283,1.0
NP_001257354,1.922975567742042,0.11926911701442613,0.12076735027074649,1.0
NP_597998,1.922423027485289,0.11936178197096436,0.12073683912095548,1.0
NP_149350,1.9219227041006384,0.11944575005406231,0.12070920954826979,1.0
NP_004619,1.9197668953440563,0.11980821033003354,0.12059013853434733,1.0
NP_061139,1.9196404944229717,0.11982949544806269,0.12058315607663796,1.0
NP_001164102,1.919613763425146,0.11983399724949255,0.12058167942713545,1.0
NP_001323,1.9189847237768018,0.11993998199418086,0.12054692915877868,1.0
NP_443142,1.917649935238557,0.12016517726214085,0.120473181847859,1.0
NP_060065,1.917125088380578,0.12025383769579123,0.12044418057505052,1.0
NP_612476,1.9171171244223522,0.1202551835063481,0.12044374049876365,1.0
NP_000357,1.9168380133413359,0.12030235906080872,0.12042831696437829,1.0
NP_000143,1.9165556257047174,0.12035010669011473,0.12041271181872687,1.0
NP_892023,1.9151765255379427,0.1205835566275974,0.1203364928101674,1.0
NP_075567,1.91370580411067,0.12083299987347146,0.12025519559475209,1.0
NP_056126,1.9133092178759303,0.12090034891770919,0.12023327088539504,1.0
NP_690868,1.9131806838390255,0.12092218462762104,0.12022616482838012,1.0
NP_001127696,1.9128933620144786,0.12097100946724215,0.12021027970819746,1.0
NP_149043,1.912521047272705,0.12103430566244358,0.12018969474359299,1.0
NP_055735,1.912150029716852,0.12109741327450334,0.12016918054102066,1.0
NP_001284,1.9119637982350899,0.12112910203400215,0.12015888311957817,1.0
NP_003239,1.9119467840912434,0.12113199752597607,0.12015794233316612,1.0
NP_003371,1.9119036664833897,0.12113933564433677,0.12015555816307495,1.0
NP_005685,1.911896719742796,0.12114051793959034,0.12015517404475087,1.0
NP_001004489,1.9111406476663144,0.12126926395560912,0.12011336521914422,1.0
NP_057537,1.9102902194307616,0.12141423573924844,0.12006633399419588,1.0
NP_203524,1.910240506746821,0.12142271541497664,0.12006358457854699,1.0
NP_694953,1.9090849258024203,0.12161998899597783,0.11999966903854654,1.0
NP_002764,1.9086995985023874,0.1216858387273832,0.1199783544018939,1.0
NP_054781,1.908692324795016,0.12168708208526081,0.11997795204198906,1.0
NP_055091,1.9083123557933357,0.12175205061100393,0.119956932772846,1.0
NP_937791,1.9081655425540855,0.12177716229489534,0.11994881103353953,1.0
NP_001230705,1.907435522518939,0.12190210321139591,0.11990842394543916,1.0
NP_001001410,1.9070392582638942,0.12196997476891625,0.11988649976287483,1.0
NP_001231118,1.9065056152658235,0.1220614342379004,0.11985697307623043,1.0
NP_940910,1.9061654267099952,0.12211977282421035,0.1198381492694096,1.0
NP_001116151,1.9056863074314965,0.12220198233534599,0.11981163658063067,1.0
NP_002943,1.9050884425397678,0.12230464200202736,0.11977855070861575,1.0
NP_003398,1.9049966980968878,0.12232040287997047,0.11977347334657598,1.0
NP_056061,1.9047548721171057,0.12236195586206274,0.11976008982423007,1.0
NP_065194,1.9043391139589396,0.1224334276088071,0.11973707931614322,1.0
NP_001012632,1.903846777058618,0.1225181161033619,0.11970982893301808,1.0
NP_001129145,1.9027687206126835,0.12270375444720702,0.11965015363308232,1.0
NP_976075,1.902298582754029,0.12278479621559658,0.11962412684271084,1.0
NP_037498,1.9012118934583009,0.12297231688342139,0.11956396192924469,1.0
NP_005698,1.9006257345395488,0.12307358048731772,0.11953150563194405,1.0
NP_001092906,1.9002348405100602,0.12314115543227938,0.11950986004739429,1.0
NP_001847,1.9002022895664195,0.12314678422611988,0.1195080575052379,1.0
NP_001185462,1.8996030443314706,0.12325045181757725,0.11947487236222026,1.0
NP_001193988,1.8993148932621449,0.1233003311686345,0.1194589141741599,1.0
NP_001185702,1.8989891048071281,0.12335674915836863,0.11944087088109022,1.0
NP_003591,1.8987409663077865,0.12339973699596465,0.11942712761542255,1.0
NP_006235,1.897678143672903,0.12358402603216503,0.11936825783758608,1.0
NP_001871,1.8964575740142844,0.12379599665076092,0.1193006407361095,1.0
NP_060401,1.896350313852283,0.12381464084520744,0.11929469824276451,1.0
NP_004076,1.896202912398592,0.12384026692316465,0.11928653168610519,1.0
NP_776216,1.8958005916303011,0.1239102374526593,0.11926424093596813,1.0
NP_000604,1.8956003042650165,0.12394508515887696,0.11925314351018249,1.0
NP_006100,1.8954086215893229,0.12397844463669401,0.11924252258699146,1.0
NP_001161206,1.8953737681833915,0.12398451128044467,0.1192405913711336,1.0
NP_115800,1.8948247313698532,0.12408011551793352,0.119210168302784,1.0
NP_001253986,1.8944175013106586,0.1241510729408615,0.11918760163148125,1.0
NP_067642,1.894206010912353,0.12418793939126027,0.1191758814257135,1.0
NP_062552,1.893267554943768,0.12435165650503603,0.11912387106041304,1.0
NP_056347,1.893194420933565,0.12436442377847942,0.11911981762709463,1.0
NP_003889,1.89271119741877,0.12444881379407449,0.11909303415305103,1.0
NP_115553,1.8915772019808954,0.12464707223861628,0.11903017415698104,1.0
NP_003004,1.8914726570446927,0.12466536540541041,0.11902437853713971,1.0
NP_031389,1.8911557987499443,0.12472082482790313,0.11900681251257444,1.0
NP_001010853,1.890522081338979,0.12483181548930872,0.11897167831629094,1.0
NP_066925,1.8904778747608102,0.1248395614937738,0.11896922733604488,1.0
NP_003177,1.8893779006170903,0.1250324520595296,0.11890823620877655,1.0
NP_006331,1.888746495427095,0.12514330507010862,0.1188732223760188,1.0
NP_001121093,1.8879627071409544,0.1252810436645716,0.11882975444626373,1.0
NP_006225,1.8874970183778785,0.12536295070448886,0.11880392589182014,1.0
NP_079255,1.8869968156538353,0.1254509859243258,0.11877618139852164,1.0
NP_003640,1.8857030596124775,0.1256789634254187,0.11870441317807681,1.0
NP_001941,1.8856973102719812,0.12567997743217746,0.11870409422019233,1.0
NP_009057,1.8845209397963918,0.12588761962348716,0.11863882750627976,1.0
NP_001035882,1.8844022943586956,0.1259085802558338,0.11863224435129908,1.0
NP_848591,1.883881094993239,0.12600069855249962,0.11860332394373425,1.0
NP_001128119,1.8836929045605915,0.12603397590200854,0.11859288113154957,1.0
NP_064573,1.8834525434098284,0.12607649086673056,0.11857954297167503,1.0
NP_006206,1.883211046418827,0.12611922071459464,0.11856614137501083,1.0
NP_003984,1.8827744039029597,0.12619651467981977,0.11854190936819547,1.0
NP_114110,1.8820528366313782,0.12632434617440558,0.11850186219570376,1.0
NP_757386,1.8819863795965348,0.12633612587619977,0.11849817362986206,1.0
NP_602304,1.8815791017182466,0.1264083402776037,0.11847556780513578,1.0
NP_060494,1.8809166312373067,0.12652588817676808,0.11843879512203957,1.0
NP_787098,1.880903605451001,0.12652820051514474,0.11843807205059763,1.0
NP_001098707,1.8808462621172395,0.12653838059342704,0.1184348888638183,1.0
NP_055157,1.8807256140164272,0.12655980166210168,0.11842819148997115,1.0
NP_060091,1.8801274281368883,0.12666606138629088,0.11839498370810433,1.0
NP_115498,1.8793201854260402,0.1268095940965485,0.11835016634722625,1.0
NP_006775,1.8791763375316721,0.12683518764686472,0.11834217956822435,1.0
NP_115996,1.8790556447081284,0.12685666528060316,0.11833547830247355,1.0
NP_001011553,1.8787719338790194,0.1269071662916217,0.11831972533533679,1.0
NP_001186384,1.8787014335736911,0.12691971848250472,0.11831581073760805,1.0
NP_919248,1.8782407878177614,0.12700176348502118,0.11829023208029449,1.0
NP_000680,1.8777577314311327,0.12708785512080673,0.11826340741514024,1.0
NP_079009,1.8777241099716446,0.12709384933039874,0.11826154031687594,1.0
NP_001721,1.8777140810831352,0.12709563738603047,0.11826098338174906,1.0
NP_004717,1.8767767373072741,0.12726286433970796,0.1182089266832872,1.0
NP_005079,1.8753000513615725,0.12752674450187804,0.11812690439200448,1.0
NP_000598,1.875265618059312,0.12753290395760944,0.1181249916175296,1.0
NP_006368,1.8747730905462352,0.12762103915528533,0.1180976307411098,1.0
NP_064530,1.8734846817480413,0.1278518717593257,0.11802604905665412,1.0
NP_059998,1.8734706812376045,0.1278543823207456,0.11802527114955658,1.0
NP_006399,1.8733686054537524,0.12787268791737194,0.1180195994951004,1.0
NP_001129101,1.8724260937753756,0.1280418315058891,0.1179672271090099,1.0
NP_066996,1.8720496236750555,0.12810945344984698,0.11794630612058266,1.0
NP_001091990,1.871655471438219,0.12818028847602417,0.1179244014467394,1.0
NP_036252,1.8716524408810757,0.12818083325893753,0.11792423302190046,1.0
NP_001265855,1.871645420087333,0.12818209534849695,0.11792384283727496,1.0
NP_056382,1.8716195514221534,0.12818674572015237,0.11792240516844103,1.0
NP_002564,1.8715063862139467,0.12820709117975593,0.1179161158791798,1.0
NP_004419,1.871201245096767,0.12826196667709308,0.11789915685650156,1.0
NP_001034702,1.8709345655797387,0.1283099439706647,0.11788433490472251,1.0
NP_004474,1.8701779364135618,0.12844616069584816,0.11784227901582034,1.0
NP_001074444,1.87006122379284,0.12846718503011037,0.11783579139500687,1.0
NP_665875,1.8694081250610477,0.1285848940891256,0.11779948630276073,1.0
NP_892021,1.8692596270519117,0.12861167267350515,0.1177912310329484,1.0
NP_997715,1.8692096383903416,0.12862068832081966,0.11778845203912375,1.0
NP_001153651,1.868933822542287,0.1286704437548962,0.1177731184364391,1.0
NP_954976,1.868242657959756,0.1287952072103054,0.11773469175067201,1.0
NP_001257904,1.8679467578299065,0.12884865645353308,0.11771823956418206,1.0
NP_689488,1.8677970939180024,0.12887569881547253,0.11770991794657583,1.0
NP_203526,1.867262177950069,0.12897239616225628,0.11768017424864313,1.0
NP_060248,1.866949293499161,0.12902898912763858,0.11766277555724385,1.0
NP_002262,1.865871451597664,0.12922412754659288,0.11760283431577749,1.0
NP_001229774,1.8658616425591952,0.1292259047377147,0.11760228877542553,1.0
NP_003925,1.865647319091863,0.12926474153140458,0.11759036877410249,1.0
NP_031399,1.8654075717499647,0.12930819866057391,0.11757703439472428,1.0
NP_001240837,1.8652261196540376,0.12934109845138267,0.11756694203956994,1.0
NP_001136028,1.8652234093343403,0.12934158993137973,0.11756679128999412,1.0
NP_620157,1.8640738108073285,0.12955021694962518,0.11750284529925951,1.0
NP_002350,1.863653417248987,0.12962659036150584,0.11747945874955798,1.0
NP_009180,1.863404462725805,0.12967183874164512,0.11746560879187315,1.0
NP_001290,1.8633473665826685,0.1296822183221906,0.1174624323305149,1.0
NP_055484,1.863325865883616,0.12968612716970035,0.11746123616428811,1.0
NP_001819,1.8625531293000008,0.12982668700389793,0.11741824371636912,1.0
NP_115609,1.8623978846148146,0.12985494357142233,0.11740960592226617,1.0
NP_001167579,1.8623865905314136,0.12985699947447124,0.11740897751433631,1.0
NP_055733,1.8619041912009542,0.1299448417404278,0.11738213576109001,1.0
NP_002414,1.86110312201055,0.13009083886419306,0.11733755891340777,1.0
NP_006603,1.8610228255490622,0.13010548185607881,0.11733309043293937,1.0
NP_067027,1.8608001458197079,0.1301460984205829,0.11732069811813012,1.0
NP_060603,1.8605654201739683,0.13018892540885973,0.1173076350611945,1.0
NP_003746,1.860200060544958,0.1302556143755733,0.11728730113389518,1.0
NP_919254,1.8585376317873925,0.13055947380074964,0.11719476757188983,1.0
NP_005082,1.8582771014181676,0.13060715566341188,0.11718026425783587,1.0
NP_054727,1.8579606662470445,0.13066509175545177,0.11716264817087306,1.0
NP_001139400,1.857797646194316,0.13069494877139762,0.11715357249751296,1.0
NP_002738,1.8574624723482611,0.130756356343036,0.11713491206977442,1.0
NP_077273,1.8572821471310696,0.13078940545321888,0.11712487233930514,1.0
NP_071330,1.8554805613196592,0.1311200343500127,0.1170245552724658,1.0
NP_570720,1.8551124733828885,0.13118768545503293,0.11700405635703934,1.0
NP_006604,1.855012965398641,0.13120597987415586,0.11699851456740841,1.0
NP_002451,1.854385136113183,0.13132146232063818,0.11696354795174348,1.0
NP_001185903,1.8541804675983031,0.13135913009996944,0.11695214844991517,1.0
NP_689778,1.8538713351143403,0.13141604350510833,0.11693493001978941,1.0
NP_002614,1.8527848849270827,0.13161625534261773,0.11687441029296504,1.0
NP_061861,1.8527330942173437,0.13162580672227117,0.11687152513109374,1.0
NP_001266,1.8527008130063618,0.13163176044709463,0.11686972679673055,1.0
NP_003892,1.852363074789551,0.13169406615480245,0.11685091150450717,1.0
NP_001000,1.8519772074220942,0.13176528553906158,0.11682941397083106,1.0
NP_003585,1.8518265691094407,0.13179309888097496,0.11682102128962901,1.0
NP_689697,1.8513915619691639,0.13187344892571695,0.11679678435368691,1.0
NP_005657,1.8512658341878867,0.13189668087557765,0.1167897790342454,1.0
NP_001161771,1.851208165526491,0.1319073381988469,0.11678656580591337,1.0
NP_001165774,1.8504489373895636,0.13204772312421192,0.11674426034864831,1.0
NP_006406,1.850026512509655,0.13212589394057084,0.11672072037542144,1.0
NP_001035257,1.8499805200953883,0.13213440765154616,0.11671815733463466,1.0
NP_001020279,1.8493664947397508,0.1322481213557797,0.1166839378314293,1.0
NP_054737,1.8489564025548737,0.1323241204952635,0.11666108200391158,1.0
NP_112557,1.8488825921010377,0.13233780367785405,0.11665696817152944,1.0
NP_065944,1.8488387042567227,0.13234594037311162,0.11665452206035484,1.0
NP_001779,1.848814972775108,0.13235034033086057,0.11665319936859507,1.0
NP_060047,1.8487802821744381,0.13235677242844174,0.11665126585506477,1.0
NP_060012,1.848732735076062,0.13236558878136495,0.1166486157586901,1.0
NP_037425,1.8483487285196736,0.13243681342517202,0.11662721209519473,1.0
NP_055552,1.847976193249095,0.1325059457461457,0.11660644682418776,1.0
NP_001071168,1.8479641650068817,0.13250817843802118,0.11660577634869221,1.0
NP_940882,1.8461396046407954,0.13284727552908698,0.11650406033909505,1.0
NP_277021,1.8456006271729988,0.13294760534857356,0.11647400881781977,1.0
NP_064547,1.8452542572877617,0.13301212014911584,0.11645469535075886,1.0
NP_001123617,1.8443349815867975,0.13318349079381633,0.11640343275562895,1.0
NP_056036,1.8442552508621115,0.13319836416671565,0.116398986362061,1.0
NP_689763,1.843968218180614,0.1332519219652388,0.11638297885909034,1.0
NP_060263,1.8433609019201356,0.13336531038057364,0.11634910757456333,1.0
NP_112241,1.8431601818912926,0.1334028060869622,0.11633791243226975,1.0
NP_001184051,1.8431583148748953,0.13340315490456497,0.11633780829825976,1.0
NP_057396,1.8430945768569456,0.1334150637062137,0.11633425325562827,1.0
NP_115939,1.8426434543839427,0.13349938068117057,0.11630909069496538,1.0
NP_001008401,1.8422647365003082,0.13357020457503155,0.11628796558712727,1.0
NP_008944,1.8422303107231421,0.13357664432382854,0.11628604524681035,1.0
NP_071384,1.842086461687392,0.13360355622770512,0.11627802096285145,1.0
NP_001804,1.8412080022188653,0.1337680157723694,0.11622901498174687,1.0
NP_055848,1.8400443594197868,0.13398616616135173,0.11616409131616764,1.0
NP_005350,1.8395535008150452,0.13407829124069318,0.11613670175238136,1.0
NP_000281,1.8392486950085756,0.13413552839234652,0.11611969294908402,1.0
NP_055940,1.8391912522441336,0.1341463177683055,0.11611648744903892,1.0
NP_055722,1.8378931530848546,0.1343903607745759,0.11604404293678895,1.0
NP_001706,1.837754569795862,0.13441643974957052,0.11603630815826879,1.0
NP_061157,1.8377455850374051,0.13441813069394462,0.11603580668536576,1.0
NP_056273,1.8376070499283272,0.13444420579579772,0.11602807445185626,1.0
NP_006246,1.8370844039573178,0.1345426222252106,0.11599890213998439,1.0
NP_072174,1.8366202409196593,0.13463008430911738,0.11597299253120208,1.0
NP_149015,1.8362219674478104,0.134705174540559,0.11595075967123102,1.0
NP_060745,1.8358506099019862,0.13477522643710976,0.11593002833419308,1.0
NP_001238978,1.835801744345393,0.13478444691975933,0.11592730030236183,1.0
NP_036220,1.8357569860169927,0.13479289293972174,0.11592480155119642,1.0
NP_002435,1.8352653609238059,0.13488569753867566,0.1158973543602643,1.0
NP_071942,1.8347765136030547,0.13497803885057516,0.11587006056112432,1.0
NP_899631,1.8347685679933485,0.13497954024780123,0.1158696169201959,1.0
NP_699164,1.834216547381303,0.1350838891244856,0.11583879391144558,1.0
NP_079160,1.8338722541858972,0.13514901049977762,0.11581956862769863,1.0
NP_009166,1.8332938009888573,0.13525849023333686,0.11578726599984902,1.0
NP_078960,1.8328571476325475,0.1353411891315186,0.1157628803533171,1.0
NP_055040,1.8314612974346107,0.1356058798088369,0.11568491771074765,1.0
NP_001010870,1.831053710112627,0.13568326337281658,0.1156621500780443,1.0
NP_003269,1.830676880040318,0.1357548452978645,0.11564109948757009,1.0
NP_057018,1.8305484529236065,0.13577924938318714,0.11563392502585967,1.0
NP_006330,1.830295820174355,0.13582726771389156,0.11561981159201079,1.0
NP_001138947,1.8281721519206153,0.1362315643552945,0.1155011541682519,1.0
NP_001129396,1.8279092519701807,0.13628169492545636,0.11548646273307718,1.0
NP_002490,1.8275487707959075,0.13635046147684907,0.11546631744822021,1.0
NP_071761,1.8270013789720032,0.13645494763534458,0.11543572501354461,1.0
NP_057572,1.8269339158150715,0.13646783034168578,0.11543195451075383,1.0
NP_064502,1.8264705707317586,0.1365563419844794,0.11540605737513522,1.0
NP_277028,1.8262359958159968,0.13660117332322316,0.11539294601058656,1.0
NP_002897,1.8259572756573654,0.13665446001640771,0.11537736668011571,1.0
NP_000952,1.8255506532941417,0.1367322354167673,0.11535463714901745,1.0
NP_000812,1.8254930744154652,0.136743252079708,0.11535141848860798,1.0
NP_004153,1.8253595271795398,0.13676880718670276,0.11534395310542829,1.0
NP_071383,1.8249351934912115,0.13685003665258177,0.11532023172150538,1.0
NP_001128650,1.824107400422235,0.1370086334218805,0.11527395222137853,1.0
NP_149075,1.8237828142206562,0.13707086915614067,0.11525580423042985,1.0
NP_001186848,1.8230479387834069,0.1372118738353908,0.11521471374140176,1.0
NP_077296,1.8226302734398636,0.13729207588203132,0.11519135832298137,1.0
NP_057154,1.822391182270602,0.1373380076005949,0.11517798803461758,1.0
NP_057037,1.8220156171021653,0.13741018717145634,0.11515698512727614,1.0
NP_001006,1.8217296621353094,0.13746516912423348,0.11514099286471106,1.0
NP_001244066,1.820680207456751,0.13766713448295814,0.11508229630977633,1.0
NP_001070908,1.8206470028419208,0.13767352930258206,0.11508043903102516,1.0
NP_055916,1.8204405469158584,0.1377132967125387,0.1150688908767934,1.0
NP_115689,1.8195549973690488,0.13788399620617905,0.11501935406347773,1.0
NP_067652,1.8194668445541118,0.13790099978351103,0.11501442257394834,1.0
NP_004609,1.8193381663499844,0.13792582382678678,0.11500722389385287,1.0
NP_149108,1.819213506767152,0.13794987671790396,0.1150002499169082,1.0
NP_062815,1.8184973878297823,0.13808812911256146,0.11496018510764953,1.0
NP_116233,1.8183773692698344,0.13811131268734508,0.11495347005707258,1.0
NP_079195,1.8183476670334566,0.13811705074516828,0.11495180819821157,1.0
NP_056235,1.817986911978916,0.13818676191486684,0.11493162322710983,1.0
NP_079532,1.8179714858624734,0.13818974356402805,0.11493076008433253,1.0
NP_054778,1.8176688846612472,0.13824824460218738,0.1149138281952458,1.0
NP_055548,1.8175138495550265,0.13827822633840087,0.11490515303744499,1.0
NP_054766,1.8173112154160753,0.1383174225340059,0.11489381416766103,1.0
NP_115571,1.8169753328988822,0.13838241696489795,0.11487501843159749,1.0
NP_001186558,1.816576381773015,0.13845965358704376,0.11485269238584613,1.0
NP_002958,1.8163652387385818,0.1385005475016938,0.11484087597381781,1.0
NP_001243020,1.8163547824706172,0.13850257296048035,0.11484029079087783,1.0
NP_003161,1.8162954721513513,0.1385140623608344,0.11483697148611097,1.0
NP_004796,1.815979438143027,0.13857529890094897,0.11481928420844253,1.0
NP_006626,1.81536134033882,0.13869514036063937,0.11478468947203509,1.0
NP_057305,1.8152431919004985,0.13871805922337724,0.11477807643388903,1.0
NP_006764,1.8151186014578755,0.13874223167809394,0.11477110271500295,1.0
NP_004426,1.8148495260423196,0.13879445026405982,0.11475604134290412,1.0
NP_055331,1.814667339211914,0.1388298174052713,0.114745843228236,1.0
NP_001123484,1.8144419954999433,0.13887357440391213,0.11473322903307301,1.0
NP_060564,1.8142336260971712,0.1389140471601653,0.11472156469873206,1.0
NP_065872,1.8141390132540216,0.13893242808976353,0.114716268254223,1.0
NP_009119,1.81413255890821,0.13893368209440574,0.11471590693643818,1.0
NP_000998,1.8138915647885436,0.13898051225799066,0.11470241574359745,1.0
NP_001824,1.8136304854482082,0.13903126253960563,0.11468779968756199,1.0
NP_004851,1.8130379306839337,0.13914651332603584,0.11465462478692215,1.0
NP_001919,1.8127833805522022,0.13919605107222907,0.1146403727241154,1.0
NP_067025,1.8122764632593489,0.13929475229147928,0.11461198945453979,1.0
NP_079040,1.8118206377394694,0.13938356299799698,0.11458646535712894,1.0
NP_008970,1.8112761584945132,0.1394897179493594,0.11455597513685922,1.0
NP_005180,1.811267217490505,0.1394914617903327,0.11455547443324927,1.0
NP_006145,1.8112045583909422,0.13950368332246224,0.11455196545602488,1.0
NP_003021,1.8109222626384425,0.13955875732220038,0.11453615624419905,1.0
NP_848930,1.8107066627630897,0.1396008334940033,0.11452408177476417,1.0
NP_149074,1.8106521622940273,0.13961147166214571,0.11452102947480897,1.0
NP_061027,1.810570923756433,0.13962733039036723,0.11451647966968294,1.0
NP_116219,1.8102505817570955,0.13968988184928074,0.11449853829931587,1.0
NP_115736,1.8101880514097641,0.13970209495823033,0.11449503608202506,1.0
NP_009016,1.8099840345597202,0.13974194963417483,0.11448360925622687,1.0
NP_055077,1.809980970120236,0.1397425483555671,0.11448343761709606,1.0
NP_001018008,1.8093599918122847,0.13986392424604124,0.11444865527442964,1.0
NP_005329,1.809015161381298,0.1399313682959827,0.11442933939366513,1.0
NP_036546,1.8088714687851897,0.13995948180855894,0.11442129011908463,1.0
NP_079480,1.808753115135622,0.13998264182688447,0.11441466015456242,1.0
NP_006601,1.8078836675092733,0.1401528926206714,0.1143659521751863,1.0
NP_060536,1.8078224405117838,0.14016488928240053,0.11436252192957039,1.0
NP_659486,1.807673950223297,0.14019398819341056,0.11435420264331565,1.0
NP_001185808,1.8074706645454446,0.14023383450982754,0.11434281314843228,1.0
NP_001230368,1.8072579423258592,0.140275542159349,0.11433089463838672,1.0
NP_001008216,1.8064004354187986,0.14044379134338927,0.11428284654683538,1.0
NP_063944,1.8060874682921815,0.14050524613414705,0.1142653089776509,1.0
NP_004459,1.8058630212731555,0.14054933487968524,0.11425273133410299,1.0
NP_001159450,1.8053318722061413,0.14065372295515605,0.11422296518688348,1.0
NP_008933,1.8052473899736803,0.1406703333339957,0.11421823053012563,1.0
NP_001001655,1.8049109635134069,0.14073649815768965,0.11419937560421278,1.0
NP_057177,1.8047722616416044,0.14076378529700592,0.11419160186330622,1.0
NP_001091982,1.804405915687591,0.14083588184850876,0.11417106883445217,1.0
NP_001258753,1.8033677419817502,0.141040386429581,0.11411287590246301,1.0
NP_066932,1.8030207627047952,0.14110879975952131,0.11409342490771979,1.0
NP_004039,1.8029006502109524,0.14113248957441302,0.11408669143198624,1.0
NP_071918,1.8026212817304292,0.14118760427506502,0.11407102971039731,1.0
NP_003135,1.8025137393631387,0.14120882609029314,0.11406500061273052,1.0
NP_036553,1.8017995510598388,0.14134983788367245,0.11402495932426822,1.0
NP_001254527,1.801136009455643,0.14148097112622432,0.11398775432208264,1.0
NP_005536,1.8000941056042525,0.1416871146994768,0.11392932811493593,1.0
NP_004302,1.7996132770933495,0.14178234529253672,0.11390236238898781,1.0
NP_473365,1.7995740974462349,0.1417901077360789,0.11390016505173445,1.0
NP_002200,1.7994432520599701,0.14181603435809595,0.11389282668712739,1.0
NP_001182220,1.7988217223010017,0.1419392508623606,0.11385796700027667,1.0
NP_057279,1.7984225790107482,0.14201843413232026,0.11383557883810962,1.0
NP_699196,1.7982954337048938,0.14204366652268144,0.1138284469518349,1.0
NP_005317,1.7982648255155889,0.1420497414586254,0.11382673004767169,1.0
NP_612441,1.7977802837467585,0.1421459437696318,0.11379954977576001,1.0
NP_112179,1.7973046872476068,0.14224043094958316,0.11377286966544888,1.0
NP_057162,1.7970039400783937,0.1423002118059737,0.1137559974596978,1.0
NP_003421,1.7968368724207953,0.1423334310201924,0.11374662452568812,1.0
NP_997222,1.7967467801405062,0.1423513477820998,0.11374157003006188,1.0
NP_003146,1.7963859467746608,0.14242312887974043,0.11372132542389866,1.0
NP_005169,1.7959030014943569,0.14251925630529946,0.11369422826440868,1.0
NP_057025,1.7953437014477267,0.1426306596053623,0.11366284491062861,1.0
NP_872299,1.7952327007144933,0.14265277906020474,0.11365661619111736,1.0
NP_061155,1.794729541815426,0.14275308640727621,0.1136283807243427,1.0
NP_001070736,1.7946805867854232,0.1427628494640894,0.11362563344819632,1.0
NP_006834,1.7940135028923527,0.1428959493389458,0.1135881960949201,1.0
NP_057223,1.7933694565157259,0.14302456576115907,0.11355204862733408,1.0
NP_055018,1.793317048971422,0.14303503646867768,0.11354910709452361,1.0
NP_963906,1.7931526230351933,0.14306789254705282,0.11353987806207731,1.0
NP_003723,1.793052633118541,0.14308787637378215,0.11353426565288915,1.0
NP_060941,1.793038102248047,0.14309078071374257,0.11353345003282295,1.0
NP_060894,1.7927890525524035,0.1431405680208679,0.1135194706005812,1.0
NP_003778,1.7923736546196882,0.1432236468859413,0.11349615287853645,1.0
NP_009027,1.7918421265745708,0.14333001912490548,0.11346631458272072,1.0
NP_001258751,1.7917713313347918,0.14334419277293198,0.11346234021128923,1.0
NP_005403,1.7916482355811998,0.14336884051521134,0.11345542965833795,1.0
NP_055318,1.7910500725884375,0.14348867001301763,0.11342184746139893,1.0
NP_570115,1.7908689617591504,0.1435249707642735,0.11341167899601413,1.0
NP_001073005,1.7906610745087739,0.14356664929117136,0.1134000068812495,1.0
NP_055182,1.789394077538059,0.14382091612715345,0.11332886295387644,1.0
NP_006661,1.788790160037591,0.14394226523826242,0.11329494799197032,1.0
NP_001838,1.7879729126063872,0.14410663669483298,0.11324904865897799,1.0
NP_065161,1.7878614968982753,0.1441290594849108,0.11324279081429262,1.0
NP_055727,1.787774116155695,0.1441466475004214,0.11323788287078784,1.0
NP_004175,1.7875838697228679,0.14418494747327734,0.11322719704761552,1.0
NP_001171608,1.7870123754573528,0.14430005815074448,0.11319509562401184,1.0
NP_848927,1.7868428209330847,0.14433422688188957,0.1131855711240604,1.0
NP_001600,1.7864378201352908,0.14441587433017103,0.11316281991474506,1.0
NP_001153880,1.786255742563011,0.1444525952956498,0.11315259119658728,1.0
NP_060497,1.7862156429866656,0.1444606836858858,0.11315033845874434,1.0
NP_061944,1.7861479813091645,0.14447433254785497,0.1131465372948465,1.0
NP_005697,1.7854235298316834,0.14462054810123293,0.11310583630889258,1.0
NP_004680,1.7850250607679503,0.1447010313897876,0.11308344800822935,1.0
NP_001157918,1.784536058345348,0.14479985948200064,0.11305597147417305,1.0
NP_821074,1.7844902857799336,0.14480911349881284,0.11305339947451833,1.0
NP_001258752,1.7843680650827642,0.14483382611232581,0.11304653171576991,1.0
NP_599030,1.7843449126296547,0.1448385079164501,0.1130452307337717,1.0
NP_002124,1.7842285654070467,0.14486203742434167,0.11303869289610954,1.0
NP_057149,1.7839640080063917,0.14491555391020206,0.11302382640390451,1.0
NP_055067,1.7839348513076057,0.14492145308810334,0.11302218794699463,1.0
NP_002296,1.7836881796216504,0.1449713705750104,0.11300832602132709,1.0
NP_932157,1.7835048138576444,0.14500848791108087,0.11299802134515508,1.0
NP_078792,1.7834117076887552,0.14502733817572078,0.11299278893041746,1.0
NP_055830,1.783285079554173,0.14505297906847406,0.11298567253684456,1.0
NP_001121691,1.7826313686875983,0.14518541801050963,0.11294893272514116,1.0
NP_001240313,1.7825516712559175,0.1452015722939622,0.11294445336760098,1.0
NP_005723,1.7824848079627815,0.1452151264904222,0.11294069531202461,1.0
NP_001013721,1.7823655354571741,0.14523930783862804,0.1129339915143173,1.0
NP_036614,1.7822908137403144,0.14525445891368194,0.11292979167438885,1.0
NP_057118,1.782224684757576,0.14526786893374039,0.11292607476808028,1.0
NP_075387,1.781331864560881,0.1454490365590918,0.11287588904717874,1.0
NP_003277,1.7810802368633794,0.14550013503250628,0.11286174394468346,1.0
NP_663612,1.7809469581953452,0.1455272071413006,0.11285425158028717,1.0
NP_003609,1.7807651801365316,0.14556413843714888,0.1128440325807525,1.0
NP_056287,1.780298100844241,0.14565907476589987,0.11281777374972367,1.0
NP_995586,1.7801746812884938,0.1456841703633758,0.11281083493957472,1.0
NP_059973,1.7798991001408009,0.1457402208145496,0.1127953410123465,1.0
NP_001076047,1.7792211930145696,0.14587818841718084,0.11275722491311718,1.0
NP_001202,1.7790507204118757,0.14591290270122897,0.1127476393817839,1.0
NP_056393,1.778980557076631,0.14592719275362873,0.11274369409618074,1.0
NP_001159435,1.7787351680875256,0.14597718129085077,0.11272989559296336,1.0
NP_060323,1.777470715702083,0.14623502521274062,0.11265878718653594,1.0
NP_001122084,1.7773730955351599,0.1462549498272058,0.11265329689377375,1.0
NP_659464,1.7772046714346952,0.14628933189266427,0.11264382433045322,1.0
NP_085046,1.7768245468742798,0.14636695895139323,0.11262244449731842,1.0
NP_640339,1.7762246977609546,0.14648953739519044,0.11258870431866033,1.0
NP_001035957,1.7757146712611658,0.14659383814585827,0.11256001444397376,1.0
NP_002884,1.774679982041341,0.14680565163135034,0.11250180568237984,1.0
NP_057151,1.7746351049905302,0.14681484514875207,0.1124992808505028,1.0
NP_004386,1.774365126401741,0.14687016464504743,0.11248409125714759,1.0
NP_002115,1.7739016994733428,0.14696516895026418,0.11245801661947535,1.0
NP_940915,1.773350375885277,0.14707826917215056,0.11242699449550192,1.0
NP_001265525,1.7729576720226496,0.14715888054949045,0.11240489633516486,1.0
NP_004732,1.772839816358443,0.1471830813627749,0.1123982641679897,1.0
NP_722546,1.7716629274013043,0.14742495647011736,0.1123320309060917,1.0
NP_001191761,1.7715815955741656,0.14744168592067514,0.1123274533272749,1.0
NP_004007,1.7713721912388032,0.14748476746569725,0.11231566725835201,1.0
NP_443174,1.7710506050921742,0.1475509520992858,0.11229756656289815,1.0
NP_001001851,1.7702881651896047,0.14770798126410176,0.1122546491634334,1.0
NP_689714,1.770206417668676,0.1477248271732054,0.11225004738589635,1.0
NP_001562,1.769727021149197,0.14782365465009562,0.11222305996646423,1.0
NP_003148,1.7696676054631846,0.14783590759304796,0.11221971507187042,1.0
NP_055464,1.769255124228713,0.14792099798606,0.11219649313113947,1.0
NP_006426,1.7690213380521678,0.1479692463754362,0.11218333085664284,1.0
NP_001122080,1.7688409068609983,0.1480064937685059,0.11217317222671563,1.0
NP_001186,1.7683820925610902,0.14810124979127381,0.11214733903456997,1.0
NP_078930,1.7679260665550345,0.1481954875830233,0.11212166134549174,1.0
NP_055744,1.7678252220314121,0.14821633486666186,0.11211598284088911,1.0
NP_071908,1.7677053521951847,0.14824111885207603,0.1121092329359823,1.0
NP_000012,1.7674648229204994,0.14829086206145609,0.11209568835385703,1.0
NP_000149,1.767364774018896,0.1483115576153179,0.11209005432100613,1.0
NP_542775,1.7670155374134042,0.14838382043663242,0.11207038727275115,1.0
NP_776190,1.766540814537926,0.1484821025516843,0.11204365214397846,1.0
NP_056180,1.765417809348723,0.1487148472884199,0.11198040107137851,1.0
NP_671717,1.7652255148734604,0.14875473568712658,0.1119695695572566,1.0
NP_653185,1.7652235360210053,0.14875514622155753,0.111969458091587,1.0
NP_150091,1.7650124265883205,0.14879894940259722,0.11195756646607888,1.0
NP_076916,1.7650083912619114,0.14879978681447,0.11195733915626746,1.0
NP_001185648,1.7644110076864719,0.14892380582294834,0.11192368727421362,1.0
NP_056157,1.7640432914637496,0.14900019429118921,0.11190297177241208,1.0
NP_003015,1.7630102900509392,0.1492149883972361,0.11184477188114819,1.0
NP_066018,1.7627231885453425,0.14927473866615282,0.11182859506321219,1.0
NP_005494,1.7621326830047765,0.149397704076128,0.11179532100403922,1.0
NP_001846,1.7620544507349318,0.14941400224780543,0.11179091255155334,1.0
NP_055135,1.7617747385284344,0.1494722887781566,0.11177515018165517,1.0
NP_001120959,1.761480590216489,0.1495336070057776,0.1117585737034045,1.0
NP_001001936,1.7614319301739967,0.14954375301242154,0.11175583144840268,1.0
NP_002717,1.7612027048269192,0.1495915571948265,0.11174291313996901,1.0
NP_004312,1.760978464455145,0.149638335940989,0.11173027540305204,1.0
NP_001835,1.7609009923120493,0.1496545006481936,0.11172590914510487,1.0
NP_001154829,1.760322888517773,0.1497751759025593,0.11169332639753606,1.0
NP_001427,1.7602752986604764,0.14978511411423104,0.11169064405937687,1.0
NP_001186128,1.7601202470946655,0.14981749798513208,0.11168190467449886,1.0
NP_003720,1.7597017275627374,0.1499049429201676,0.11165831422336685,1.0
NP_005954,1.7596548841342712,0.14991473336749456,0.11165567374865357,1.0
NP_001035807,1.7594397564183022,0.1499597037093675,0.11164354720806237,1.0
NP_000945,1.759318870593298,0.1499849793765064,0.11163673284612358,1.0
NP_000138,1.7589070466327317,0.1500711170856598,0.11161351744939471,1.0
NP_714916,1.7586218064698935,0.15013080610949606,0.11159743714059246,1.0
NP_997237,1.7585998269304395,0.15013540646563509,0.11159619802801923,1.0
NP_001243355,1.758598758994449,0.15013562998994892,0.11159613782226055,1.0
NP_694563,1.7583939707417693,0.150178499080348,0.11158459256739847,1.0
NP_071334,1.758086956598293,0.15024278945912206,0.11156728360749012,1.0
NP_001164163,1.7578733199066254,0.1502875416575988,0.1115552387190432,1.0
NP_037395,1.75780383544298,0.15030209987869692,0.11155132109775784,1.0
NP_001014447,1.7573436215886593,0.1503985568986294,0.11152537279068894,1.0
NP_060513,1.7571289469156477,0.15044357120669716,0.11151326823784058,1.0
NP_001158087,1.75704428628969,0.15046132691511166,0.11150849450988135,1.0
NP_001073890,1.7569151170116344,0.1504884212028441,0.11150121098988583,1.0
NP_001449,1.7561696451843782,0.15064488117693753,0.11145917343693514,1.0
NP_620305,1.755447339786382,0.15079662752416112,0.11141843845673903,1.0
NP_076950,1.7552603145328334,0.15083594278190646,0.11140789041192548,1.0
NP_036228,1.7548702326991465,0.15091797488143838,0.11138588936498654,1.0
NP_061980,1.7548025399887672,0.15093221464049172,0.11138207131030281,1.0
NP_001018005,1.7544910668029987,0.1509977523508417,0.11136450294481215,1.0
NP_003503,1.7536939616879754,0.15116559695835025,0.11131953978240605,1.0
NP_055475,1.7535473566883024,0.15119648667714064,0.1113112695816932,1.0
NP_001012301,1.7534643088820572,0.1512139875562741,0.11130658466616941,1.0
NP_068595,1.7529955805611455,0.15131280025021632,0.11128014170995539,1.0
NP_958431,1.7524146076832803,0.15143536101573762,0.11124736437730219,1.0
NP_001258685,1.7521893497968268,0.15148290648312593,0.11123465512553825,1.0
NP_060830,1.751701123669116,0.1515860060358023,0.11120710772228543,1.0
NP_699198,1.7510349413230306,0.1517267932482193,0.11116951666008745,1.0
NP_060615,1.7508326423210931,0.15176957073982092,0.11115810078616162,1.0
NP_112196,1.7499732299734618,0.15195142798672878,0.11110960027812126,1.0
NP_694999,1.7486044013092987,0.15224151165107308,0.1110323401839927,1.0
NP_689565,1.748508632546882,0.15226182689203183,0.11102693425416177,1.0
NP_005264,1.7476499032529504,0.152444103393908,0.1109784579914965,1.0
NP_055968,1.7475074588959152,0.15247435924737243,0.11097041633142589,1.0
NP_037519,1.7469474206877373,0.1525933697070196,0.1109387981058897,1.0
NP_001184151,1.746779168573246,0.15262914133975478,0.11092929861234063,1.0
NP_001247418,1.7465199245312755,0.152684274225946,0.11091466132846266,1.0
NP_001258635,1.7460377675855883,0.1527868641991568,0.110887436786157,1.0
NP_054733,1.7454372460841425,0.15291473115570745,0.11085352656803668,1.0
NP_937863,1.7452430012406812,0.15295611293932973,0.11084255740626937,1.0
NP_079510,1.744621619666329,0.15308856357840372,0.11080746567368456,1.0
NP_000953,1.7445233133149183,0.15310952812410447,0.11080191369398905,1.0
NP_085143,1.7444123169589947,0.15313320220606305,0.11079564494636696,1.0
NP_060795,1.7442755636797942,0.15316237471918404,0.11078792140196239,1.0
NP_037451,1.744138165127088,0.15319169023617496,0.11078016127871093,1.0
NP_006326,1.7430150838131464,0.15343151346008047,0.11071672576908746,1.0
NP_055463,1.7427767871452424,0.15348244557575091,0.11070326478669926,1.0
NP_037412,1.7424639556003232,0.15354933287743153,0.11068559283443348,1.0
NP_075045,1.7415898503832643,0.15373637529703324,0.1106362106328708,1.0
NP_001231121,1.7414378301062559,0.1537689270673312,0.11062762175229451,1.0
NP_060099,1.740927153040053,0.15387832549163347,0.11059876817381924,1.0
NP_001018494,1.7402159181641303,0.1540308118670806,0.11055857983218192,1.0
NP_001185458,1.739410402238074,0.1542036862357173,0.1105130597516371,1.0
NP_077284,1.73936734625484,0.1542129318390715,0.11051062650677129,1.0
NP_001005271,1.7388441440855775,0.1543253237264483,0.11048105745039795,1.0
NP_001252518,1.7385725627206092,0.1543836944538502,0.11046570810612792,1.0
NP_057094,1.7379202775178815,0.15452397572154503,0.11042883982584123,1.0
NP_055186,1.7377823138267605,0.15455366197037346,0.11042104148943502,1.0
NP_057556,1.7372050224418683,0.15467793940883556,0.11038840886704764,1.0
NP_031372,1.737094976887576,0.15470164049892515,0.11038218803653255,1.0
NP_055867,1.7370005577246797,0.15472197881741664,0.11037685049023231,1.0
NP_031394,1.7366600681145077,0.15479534305826514,0.11035760196875025,1.0
NP_002176,1.7363127656991892,0.1548702094822135,0.11033796744837658,1.0
NP_112561,1.7359236410323624,0.15495413244546133,0.11031596750417862,1.0
NP_004028,1.735394152928452,0.1550683975545962,0.11028603008368142,1.0
NP_001853,1.7353604292342866,0.15507567795497398,0.11028412326737742,1.0
NP_003093,1.735352223791729,0.1550774494267735,0.11028365931128568,1.0
NP_775740,1.7353333786108502,0.15508151798333206,0.11028259375614512,1.0
NP_036232,1.7351798001692245,0.1551146784101378,0.11027390993972398,1.0
NP_079335,1.7351540019609584,0.1551202493851936,0.11027245120986534,1.0
NP_000223,1.7349839257872186,0.15515698114423554,0.11026283432955063,1.0
NP_001030129,1.7347972358232537,0.15519731059188,0.11025227779063197,1.0
NP_079033,1.7346696956377006,0.15522486804701646,0.11024506578098828,1.0
NP_002756,1.734493259429728,0.15526299811497823,0.11023508865722394,1.0
NP_001034558,1.7340782124704723,0.155352730237325,0.11021161767812243,1.0
NP_003298,1.7339978138182406,0.15537011795412972,0.1102070709769244,1.0
NP_000354,1.7335741725872835,0.155461769033335,0.11018311246834822,1.0
NP_060516,1.733069829893412,0.15557094651828998,0.11015458830548856,1.0
NP_003741,1.7327427769379156,0.1556417843897977,0.11013609015955457,1.0
NP_056257,1.7324300294913837,0.15570955258791297,0.11011840041518313,1.0
NP_055577,1.7322426495869525,0.15575016881525142,0.11010780142222323,1.0
NP_919307,1.7322227194534487,0.15575448944081544,0.11010667407546267,1.0
NP_065811,1.732135537377528,0.15577339086614458,0.11010174259319067,1.0
NP_001129477,1.7320998624408646,0.15578112596789376,0.11009972461312141,1.0
NP_001193826,1.732097753069979,0.1557815833368423,0.11009960529465791,1.0
NP_055949,1.7318509732340135,0.15583510076812368,0.11008564575017676,1.0
NP_006297,1.7318490318390725,0.15583552185459534,0.11008553592995021,1.0
NP_003399,1.731213294069313,0.15597347115999666,0.11004957225530612,1.0
NP_064715,1.7307286117609335,0.15607872116094987,0.11002215183262205,1.0
NP_060481,1.7306936966113808,0.15608630569364462,0.11002017647729018,1.0
NP_001182132,1.730664141613404,0.1560927261288089,0.11001850437040091,1.0
NP_001166142,1.7303089943130345,0.15616989694534827,0.10999841102540271,1.0
NP_057673,1.7302918913196208,0.15617361421570775,0.10999744335796079,1.0
NP_001744,1.7302248047103916,0.15618819605011833,0.10999364765545365,1.0
NP_001291,1.730224213047289,0.1561883246588163,0.10999361417952137,1.0
NP_006762,1.729724592171335,0.15629696242123958,0.10996534504057483,1.0
NP_002573,1.7297192909869623,0.15629811549971545,0.10996504508367681,1.0
NP_006311,1.7294812906454275,0.15634989212687053,0.10995157810283143,1.0
NP_542763,1.729228317483747,0.15640494402760305,0.10993726345504386,1.0
NP_004115,1.7289939062557813,0.15645597301274738,0.10992399873510791,1.0
NP_775970,1.7288396213879018,0.15648956796448468,0.10991526794112932,1.0
NP_002175,1.7276854447322898,0.15674110421069923,0.10984994904707661,1.0
NP_009133,1.7275783298257863,0.15676446793543095,0.10984388655369827,1.0
NP_005435,1.7273291497761287,0.15681883153825188,0.10982978313267619,1.0
NP_005459,1.7270907161620577,0.1568708674441503,0.109816287534172,1.0
NP_115811,1.7267752930441607,0.1569397309198929,0.10979843361835923,1.0
NP_112485,1.7267501836053685,0.15694521407658876,0.10979701231634298,1.0
NP_076921,1.7262524585922094,0.15705394021011568,0.10976883800749704,1.0
NP_079452,1.7262126724705145,0.1570626344400882,0.10976658579038122,1.0
NP_689895,1.7261473778211611,0.157076903896231,0.10976288955905214,1.0
NP_001008910,1.725729170618521,0.15716832801870548,0.10973921475404913,1.0
NP_000470,1.7255324847215572,0.15721134301203818,0.109728079885246,1.0
NP_542193,1.7253318518266647,0.15725523278871248,0.10971672128027297,1.0
NP_004068,1.7253051749925317,0.15726106940410944,0.10971521097957644,1.0
NP_004306,1.7250913863060202,0.1573078516275337,0.10970310721426345,1.0
NP_001966,1.7245025918448111,0.15743676302608253,0.1096697705871592,1.0
NP_001002029,1.7243697653020043,0.1574658581732667,0.10966224980965941,1.0
NP_001113,1.7243458961716807,0.1574710871591525,0.1096608983011177,1.0
NP_001015,1.7241214036299974,0.15752027462055168,0.10964818697164055,1.0
NP_075561,1.7240096884719815,0.1575447574462208,0.1096418612445867,1.0
NP_000032,1.7236895497816143,0.15761493724576445,0.10962373330536497,1.0
NP_001407,1.7235102417438897,0.1576542576270452,0.10961357961711324,1.0
NP_001107019,1.7229705408584544,0.15777266490616573,0.10958301654137567,1.0
NP_003890,1.722794933229427,0.15781121051104868,0.1095730714892412,1.0
NP_003461,1.7222072931842596,0.15794026196685076,0.10953979050580605,1.0
NP_055761,1.721771821169103,0.15803596081130591,0.10951512595105634,1.0
NP_057594,1.721688564976393,0.15805426339930834,0.10951041027563943,1.0
NP_001003702,1.7213422891147756,0.158130408503115,0.10949079648921628,1.0
NP_852100,1.721275309133509,0.1581451412555806,0.10948700250376696,1.0
NP_006436,1.721270865061162,0.15814611880917348,0.10948675077448738,1.0
NP_001129245,1.720520648093717,0.1583112251875786,0.10944425357199279,1.0
NP_001073883,1.7198909728957763,0.15844992989798715,0.10940858151377839,1.0
NP_001154875,1.7195735916322863,0.158519886514505,0.10939060029895696,1.0
NP_001154876,1.7195735916322863,0.158519886514505,0.10939060029895696,1.0
NP_001141,1.7192635522365791,0.1585882533022928,0.10937303433607475,1.0
NP_055938,1.7191623561327005,0.15861057414408825,0.10936730069856322,1.0
NP_008887,1.718559164852325,0.1587436823354659,0.10933312314624427,1.0
NP_001185774,1.71804157441744,0.15885798565694575,0.10930379375085192,1.0
NP_057615,1.7176931826968431,0.15893496778082153,0.10928405095652345,1.0
NP_061751,1.7170410152100188,0.1590791691615646,0.10924709132898282,1.0
NP_001229752,1.7169905336425264,0.15909033639188846,0.10924423031033036,1.0
NP_001892,1.7168648888675304,0.15911813402392216,0.10923710937310468,1.0
NP_060818,1.7167860252617868,0.15913558416322118,0.109232639707786,1.0
NP_149989,1.7166544460091255,0.15916470274991945,0.1092251822362252,1.0
NP_001531,1.7165636181892883,0.15918480597888476,0.10922003434660828,1.0
NP_003650,1.7163383489442117,0.15923467603618038,0.10920726640245125,1.0
NP_001191215,1.7161260256884374,0.15928169375422171,0.10919523188369593,1.0
NP_005605,1.7158939047643023,0.15933311069824566,0.10918207485761444,1.0
NP_001098117,1.7156016984769418,0.1593978596157836,0.10916551153387949,1.0
NP_036548,1.7155886037029515,0.1594007618260379,0.10916476925965844,1.0
NP_060726,1.7152455301183922,0.15947681558862958,0.10914532177248583,1.0
NP_006682,1.7151082964049824,0.15950724773141306,0.10913754229726383,1.0
NP_004374,1.7150515932633799,0.15951982350407948,0.10913432788210356,1.0
NP_001171915,1.714995563656011,0.15953225082729613,0.10913115162579311,1.0
NP_005481,1.714746769829939,0.1595874442566195,0.10911704750610467,1.0
NP_001229430,1.7144791480503954,0.1596468348840872,0.10910187553133764,1.0
NP_115824,1.7144674465481864,0.15964943216242114,0.10910121213969513,1.0
NP_001619,1.7142280861055055,0.1597025697132113,0.1090876418944958,1.0
NP_060923,1.7133724036198685,0.1598926674954724,0.10903912665018753,1.0
NP_892117,1.7131637791590386,0.15993904805409745,0.10902729731814237,1.0
NP_001191015,1.7130252882059418,0.15996984389463959,0.10901944449180787,1.0
NP_001191017,1.7130252882059418,0.15996984389463959,0.10901944449180787,1.0
NP_075388,1.7123187102053272,0.1601270516652496,0.10897937737815598,1.0
NP_056270,1.7121852932211274,0.16015675236984334,0.10897181144877621,1.0
NP_056399,1.7117772214646318,0.16024762811911528,0.10894866935397285,1.0
NP_005572,1.711658397863927,0.16027409884163865,0.10894193054099459,1.0
NP_006505,1.7116451980882637,0.16027703965611767,0.10894118193914734,1.0
NP_694957,1.7113737138916725,0.160337535780523,0.10892578491583532,1.0
NP_998801,1.7108187444087244,0.1604612700259211,0.10889430858067678,1.0
NP_055491,1.7102582087967526,0.16058633767130223,0.1088625142926751,1.0
NP_057228,1.7097519061068356,0.16069938463947714,0.10883379421429347,1.0
NP_002712,1.7096147784300804,0.1607300154785513,0.10882601531244726,1.0
NP_001229314,1.7092932646245387,0.16080185531523364,0.10880777612533743,1.0
NP_001029097,1.7090979939985942,0.16084550200171038,0.10879669823509452,1.0
NP_055610,1.7081541682776467,0.16105662416571634,0.1087431502122149,1.0
NP_006799,1.70793940867905,0.16110470010633743,0.1087309649116273,1.0
NP_060838,1.707461578183908,0.16121171599159576,0.10870385196774264,1.0
NP_060273,1.7068134534086536,0.16135697958713502,0.10866707359017147,1.0
NP_008978,1.7067211388298265,0.1613776801116129,0.1086618348759313,1.0
NP_821068,1.7052655298083335,0.1617044190483464,0.10857922310016137,1.0
NP_002630,1.705228345901612,0.16171277392887337,0.10857711256051898,1.0
NP_057353,1.7049161166660565,0.16178294518218467,0.10855939019354585,1.0
NP_689558,1.7041721787450823,0.1619502567434071,0.10851716087598719,1.0
NP_110422,1.7040471875435974,0.16197838341999424,0.10851006541137005,1.0
NP_859056,1.7039870570353643,0.16199191620100245,0.10850665189971492,1.0
NP_001019386,1.7039421481543364,0.16200202395354063,0.10850410247815379,1.0
NP_009224,1.7037656354472648,0.16204175792511621,0.10849408192907864,1.0
NP_001616,1.7028837887893522,0.16224040548636554,0.10844401650638717,1.0
NP_821075,1.7023981195426348,0.162349907901705,0.10841644101634969,1.0
NP_001124384,1.702026272141032,0.16243379481618933,0.10839532698788142,1.0
NP_004136,1.7020158345291452,0.16243615008477796,0.10839473431088814,1.0
NP_004332,1.7017747267571979,0.16249056560365963,0.10838104331335394,1.0
NP_078887,1.701637391632834,0.16252156847442337,0.10837324472539474,1.0
NP_036437,1.7014419566364543,0.16256569687810776,0.10836214669553416,1.0
NP_003214,1.7014157274666537,0.16257162018321059,0.10836065721706532,1.0
NP_057053,1.7003225561611424,0.16281867274778283,0.10829857476360569,1.0
NP_006658,1.700098258411724,0.1628694073705618,0.10828583556799422,1.0
NP_001227,1.6999683862158672,0.16289879045757152,0.10827845919157339,1.0
NP_115744,1.6998325514482406,0.16292952795402782,0.1082707440272309,1.0
NP_000033,1.699032484439965,0.16311068394460437,0.10822529898730736,1.0
NP_001139255,1.6989555448708795,0.16312811516967363,0.10822092845698628,1.0
NP_004437,1.6986878916651518,0.16318876778884586,0.10820572415908915,1.0
NP_150644,1.6986573030779804,0.1631957008042123,0.10820398651195026,1.0
NP_001265154,1.6985730186547878,0.16321480562848448,0.10819919852819458,1.0
NP_003965,1.6985683057013297,0.16321587398064538,0.1081989307957753,1.0
NP_066575,1.6982398757968147,0.16329034025602343,0.10818027302634875,1.0
NP_060563,1.6981407411728506,0.16331282381504625,0.10817464113562128,1.0
NP_075463,1.6977451414713902,0.16340257448397127,0.10815216619781713,1.0
NP_060768,1.6973118805133196,0.1635009233259291,0.10812755033684258,1.0
NP_689866,1.697293285083428,0.16350514568951566,0.10812649380108764,1.0
NP_055430,1.6969862893761474,0.16357486854651845,0.10810905087715346,1.0
NP_000020,1.6968495718877274,0.16360592803580062,0.10810128262468029,1.0
NP_001027464,1.6961983602316517,0.1637539474156226,0.10806427908869896,1.0
NP_065781,1.6961098748096086,0.16377406984615395,0.10805925088047862,1.0
NP_659399,1.696071142235917,0.1637828787440948,0.10805704987358465,1.0
NP_003963,1.6960215160670151,0.16379416581702647,0.10805422981428167,1.0
NP_001624,1.6958020055347458,0.16384410060250548,0.10804175568325608,1.0
NP_073752,1.6954145131889553,0.16393228366158638,0.10801973479351487,1.0
NP_001018016,1.6949718997242393,0.1640330661024614,0.10799458008293848,1.0
NP_006107,1.694957351760539,0.16403637965331247,0.10799375326562528,1.0
NP_000031,1.6948155327586376,0.16406868472622455,0.10798569306030856,1.0
NP_066983,1.6945078758837135,0.16413878696709427,0.10796820704951864,1.0
NP_033720,1.693645524174121,0.16433543310612028,0.10791919070462434,1.0
NP_066357,1.6935272183310128,0.16436242842836413,0.10791246574274699,1.0
NP_003328,1.6930590230442448,0.16446930379492303,0.10788585071642796,1.0
NP_001157745,1.6916114245755645,0.16480016685530702,0.10780355049617349,1.0
NP_115799,1.6914308525362507,0.16484148278933464,0.10779328338070965,1.0
NP_001229766,1.690820675069703,0.1649811678663551,0.1077585876534907,1.0
NP_476518,1.6906726957880829,0.16501506103358946,0.10775017289360182,1.0
NP_078862,1.6902091025834869,0.1651212852817777,0.10772380989525393,1.0
NP_004776,1.689995926623779,0.16517015264090762,0.10771168676698549,1.0
NP_003008,1.6894846221892432,0.165287417508684,0.10768260799337205,1.0
NP_006176,1.6883899552855883,0.16553873965569996,0.10762034600731932,1.0
NP_036515,1.6883837567298636,0.16554016380264414,0.10761999342383473,1.0
NP_001073888,1.6883407283245215,0.16555005009964277,0.10761754589357604,1.0
NP_002061,1.688225294543563,0.16557657518206625,0.10761097975376063,1.0
NP_056069,1.6878965377550015,0.165652141083067,0.10759227877955817,1.0
NP_000302,1.6876840146433822,0.16570100771784732,0.10758018921518588,1.0
NP_001121100,1.6873958627338916,0.16576728600214932,0.10756379691688504,1.0
NP_000572,1.6870236091087274,0.1658529459783064,0.10754261937421644,1.0
NP_443148,1.6870067323887612,0.16585683050905975,0.10754165923226265,1.0
NP_001140,1.6869981366926907,0.16585880902188685,0.10754117020940519,1.0
NP_001002836,1.6864267637748873,0.16599037502143196,0.10750866269107257,1.0
NP_001030128,1.686341158018019,0.16601009539908115,0.1075037920589947,1.0
NP_037522,1.6858232214985398,0.1661294561997632,0.10747432236696375,1.0
NP_598395,1.6858216844214768,0.16612981054749348,0.1074742349070414,1.0
NP_056154,1.6844065103251928,0.1664563606309103,0.10739370400890415,1.0
NP_005334,1.6842317915088603,0.16649671912630792,0.10738376057542529,1.0
NP_001191819,1.6840077614917308,0.16654848168186287,0.10737101046496565,1.0
NP_000022,1.6838048325540567,0.1665953819972812,0.10735946095548647,1.0
NP_001027467,1.6835618760639572,0.16665154987145234,0.10734563292241585,1.0
NP_009173,1.6834778989904786,0.16667096828948527,0.10734085321080736,1.0
NP_036271,1.6832770186875325,0.16671742752328883,0.1073294195264045,1.0
NP_877963,1.6832683194764062,0.16671943973918965,0.10732892437898449,1.0
NP_006074,1.683132170704327,0.16675093534125476,0.10732117490206278,1.0
NP_054760,1.6814240339805782,0.16714656331747943,0.10722393772000857,1.0
NP_001157567,1.6813866196009883,0.16715523897865017,0.10722180763653481,1.0
NP_000190,1.6806255459843444,0.1673318099464471,0.10717847582392757,1.0
NP_005112,1.6786922661839758,0.16778113291027824,0.10706838540383899,1.0
NP_056004,1.6782595132923506,0.167881868015574,0.10704373861585134,1.0
NP_056364,1.678130387961601,0.16791193660632972,0.10703638421390785,1.0
NP_000254,1.6777796299355863,0.1679936412134977,0.10701640599233753,1.0
NP_004703,1.6775832054780988,0.16803941228037844,0.10700521779989106,1.0
NP_001177836,1.6773522445881723,0.16809324622280938,0.10699206207905393,1.0
NP_073624,1.6765335913064459,0.16828419550180604,0.1069454277976466,1.0
NP_005090,1.6765017441827572,0.16829162794313826,0.1069436135396007,1.0
NP_001030126,1.6757214612610927,0.1684738268127286,0.10689916029716715,1.0
NP_009084,1.6753935807404183,0.16855044398308525,0.10688047940301099,1.0
NP_002068,1.6753479442762882,0.16856111066378324,0.10687787921722183,1.0
NP_001186752,1.6749629911320112,0.16865111186705467,0.10685594550236638,1.0
NP_004979,1.6748835378215658,0.16866969355818148,0.1068514183075286,1.0
NP_065701,1.6743893725424688,0.16878530731017444,0.10682326008026648,1.0
NP_001265119,1.6727563958943774,0.16916789013765623,0.10673019816300924,1.0
NP_001157844,1.6720970468907275,0.16932259930717972,0.10669261694129593,1.0
NP_001258864,1.6720272481618321,0.16933898469035677,0.10668863840559896,1.0
NP_991403,1.6715356287189216,0.16945443592875775,0.10666061503607493,1.0
NP_065764,1.6711364431784186,0.1695482350817028,0.10663785930508297,1.0
NP_063937,1.6710315841451235,0.16957288264529316,0.10663188158179446,1.0
NP_631957,1.6699399166094757,0.16982968586578978,0.10656964388481217,1.0
NP_000915,1.669910752112607,0.16983655156475183,0.10656798105167703,1.0
NP_003493,1.6691202677918258,0.17002274214489563,0.10652290870615973,1.0
NP_005197,1.6691084580121098,0.17002552528718157,0.10652223529403433,1.0
NP_001171469,1.6689354782823707,0.1700662953718172,0.10651237160275284,1.0
NP_056107,1.6682596794603182,0.1702256652653242,0.10647383395408343,1.0
NP_001020114,1.668073383024523,0.17026962343622296,0.10646320975441605,1.0
NP_004057,1.6677340121778397,0.1703497284555741,0.10644385530680975,1.0
NP_001472,1.6674842022237268,0.17040871639086652,0.10642960801499046,1.0
NP_001265440,1.6671697093598306,0.1704830055423814,0.10641167104763251,1.0
NP_065994,1.6663319792647846,0.17068104318489538,0.10636388795221899,1.0
NP_037366,1.6659750687808916,0.17076548236485484,0.10634352866428615,1.0
NP_060517,1.6657691248045872,0.17081422337028437,0.1063317805550365,1.0
NP_001092315,1.6654782118261875,0.170883096581024,0.10631518484822786,1.0
NP_066961,1.6652392673913008,0.17093968602251672,0.10630155332881869,1.0
NP_001165883,1.665215670312935,0.17094527550583788,0.10630020711867227,1.0
NP_001793,1.664693264564363,0.17106906313284498,0.10627040290218281,1.0
NP_066299,1.6643384348918897,0.17115319094645454,0.10625015807782989,1.0
NP_064517,1.6643106471868023,0.1711597808878451,0.10624857261022846,1.0
NP_001159750,1.6642974789097142,0.17116290387009944,0.10624782127321772,1.0
NP_775106,1.6642893234160356,0.1711648380501577,0.10624735594791038,1.0
NP_006536,1.6642284561096405,0.17117927416832224,0.10624388304682368,1.0
NP_001129064,1.6637503626817476,0.1712927054766036,0.10621660356931922,1.0
NP_055448,1.6636270645835458,0.1713219704520594,0.10620956804730823,1.0
NP_001136402,1.6635702937518353,0.1713354466825048,0.10620632860539016,1.0
NP_006015,1.662754541659529,0.171529200543393,0.10615977778601862,1.0
NP_066943,1.6627175761863984,0.17153798534036283,0.10615766823979479,1.0
NP_008838,1.662364315566072,0.17162195879652023,0.1061375078546684,1.0
NP_009167,1.6623047541157772,0.17163612096779976,0.10613410862657056,1.0
NP_851030,1.6621862068789035,0.17166431173068167,0.1061273429471081,1.0
NP_060327,1.6619789092795747,0.17171361805491464,0.10611551189708651,1.0
NP_003891,1.661725997829377,0.17177379195163883,0.10610107711370274,1.0
NP_002942,1.6614105943804787,0.17184886226103055,0.1060830749802712,1.0
NP_001022,1.6611244798017086,0.17191698833156221,0.10606674392659837,1.0
NP_001164161,1.66077973188666,0.1719991094673076,0.10604706536451523,1.0
NP_056400,1.660117919834187,0.17215686153710683,0.10600928603044422,1.0
NP_055690,1.6598659597018794,0.1722169557721483,0.10599490212580838,1.0
NP_653296,1.659287522852439,0.17235499221065056,0.10596187856126608,1.0
NP_775853,1.6591619756285965,0.17238496627521147,0.10595471061675345,1.0
NP_116165,1.6588250506904998,0.1724654306331808,0.10593547378686313,1.0
NP_055554,1.6587552516952149,0.17248210446924053,0.10593148848888476,1.0
NP_689879,1.6584965380327095,0.17254392025363804,0.10591671646153328,1.0
NP_002192,1.6584144974062687,0.17256352702735608,0.10591203200560156,1.0
NP_002449,1.657646480947192,0.17274717665507425,0.10586817648260728,1.0
NP_060037,1.6564771746237672,0.17302713929466387,0.10580139811455212,1.0
NP_005017,1.656431195546064,0.17303815667565467,0.10579877207375867,1.0
NP_997006,1.6559613682219163,0.17315077352865993,0.10577193755620434,1.0
NP_001258,1.6556443683973567,0.1732267971156283,0.10575383097865057,1.0
NP_002211,1.6556322464836981,0.17322970484714273,0.10575313857768714,1.0
NP_002065,1.6548035517146817,0.17342859684708212,0.1057058011777753,1.0
NP_006461,1.6547685040015092,0.17343701328801633,0.10570379904235153,1.0
NP_056414,1.6538422764895269,0.1736595800739651,0.10565088412660378,1.0
NP_003680,1.653701498649673,0.17369343180688812,0.10564284101062783,1.0
NP_004657,1.6536590311305475,0.17370364486250142,0.10564041466866653,1.0
NP_777579,1.6530685393956739,0.17384571177090907,0.10560667611179422,1.0
NP_057125,1.6525186948260382,0.17397809831066766,0.10557525769780936,1.0
NP_057358,1.6525151985766622,0.17397894041106535,0.10557505791318006,1.0
NP_054736,1.6518283781580094,0.17414444165674897,0.10553580950728553,1.0
NP_036275,1.651692043961877,0.1741773114715717,0.10552801826937734,1.0
NP_006263,1.6510851882098436,0.17432369410321136,0.10549333597989913,1.0
NP_079216,1.650896296575923,0.17436928134892749,0.10548254012373098,1.0
NP_003123,1.6506815513962216,0.1744211218236944,0.10547026632517238,1.0
NP_003707,1.6505217624997488,0.17445970507030367,0.10546113334410158,1.0
NP_060476,1.6496341155895196,0.17467418695207218,0.10541039511883676,1.0
NP_002423,1.649369288988107,0.17473822528165464,0.10539525641769526,1.0
NP_001136254,1.6489489456982869,0.1748399151114337,0.10537122661848572,1.0
NP_001171725,1.6488287794308742,0.17486899614232412,0.10536435682637971,1.0
NP_060136,1.6487849784484514,0.17487959740855497,0.10536185273931252,1.0
NP_065877,1.6484732729424363,0.17495505788404125,0.10534403223813463,1.0
NP_861520,1.648167174070597,0.17502919105923634,0.10532653158266685,1.0
NP_076425,1.6471760780899034,0.17526942575061544,0.10526986274516183,1.0
NP_056464,1.6465158135201434,0.1754296424603528,0.1052321061854161,1.0
NP_003815,1.6455927193222561,0.17565386860750226,0.10517931463791429,1.0
NP_689706,1.6453959026830622,0.17570171184453706,0.10516805793331763,1.0
NP_061867,1.645037319445012,0.17578890987779297,0.1051475484433915,1.0
NP_002064,1.6449556251257773,0.17580878152053972,0.10514287573203344,1.0
NP_001230131,1.6446659436097537,0.17587926191261075,0.10512630627830925,1.0
NP_055302,1.644648258621121,0.17588356559006998,0.10512529469717057,1.0
NP_006581,1.6443382243355245,0.1759590292471255,0.10510756036824091,1.0
NP_775956,1.6437229852525224,0.17610887179374338,0.10507236588132338,1.0
NP_006699,1.6435828858588628,0.17614301012086475,0.10506435116884845,1.0
NP_683706,1.643503400478261,0.17616238128262704,0.10505980395849274,1.0
NP_006038,1.6423513833748193,0.17644336262055535,0.10499389402033008,1.0
NP_055856,1.6419682145269998,0.17653691290076023,0.10497196976797792,1.0
NP_958923,1.6419424243500773,0.17654321123137923,0.10497049406050993,1.0
NP_004883,1.6415610539852283,0.17663637215823277,0.10494867157565353,1.0
NP_002851,1.6415486334369114,0.17663940702437508,0.1049479608385947,1.0
NP_037373,1.6414794724936144,0.1766563068749821,0.10494400324344282,1.0
NP_061863,1.641045323113324,0.17676242857145597,0.10491915912348218,1.0
NP_006217,1.640022740579754,0.1770126228322886,0.10486063657212817,1.0
NP_003706,1.639620594917036,0.1771111071635483,0.10483761961910526,1.0
NP_112420,1.6395176756191172,0.17713632013609032,0.10483172880548655,1.0
NP_001041675,1.6394124684121936,0.17716209710534342,0.10482570695819987,1.0
NP_002906,1.6392960167270216,0.1771906332376526,0.10481904140529795,1.0
NP_689973,1.6388722389816104,0.1772945153920551,0.10479478404437252,1.0
NP_002331,1.638582686414067,0.17736552757214358,0.10477820907885575,1.0
NP_065109,1.6375719730635039,0.17761361386322924,0.10472034762713184,1.0
NP_079111,1.6373520043758731,0.177667650101711,0.10470775383950465,1.0
NP_001185882,1.6369565278195861,0.17776483969407111,0.1046851108722653,1.0
NP_061888,1.6360448027749828,0.1779890905406764,0.10463290578987258,1.0
NP_001074260,1.6359997636767758,0.1780001754337627,0.10463032670781225,1.0
NP_612482,1.6357822477958652,0.17805371900477748,0.10461787084726493,1.0
NP_054790,1.6353246416326839,0.17816641276950462,0.10459166529093052,1.0
NP_859075,1.635029646387089,0.17823909641012523,0.10457477109836562,1.0
NP_000286,1.6347832300094545,0.1782998322305044,0.10456065849839515,1.0
NP_659434,1.6347152526999655,0.17831659047563503,0.10455676526744967,1.0
NP_001011713,1.6346670310940605,0.17832847930837978,0.10455400347465356,1.0
NP_057022,1.6344385775299084,0.17838481375261486,0.10454091903747362,1.0
NP_001121077,1.6344138690142336,0.17839090764222776,0.10453950386035704,1.0
NP_000345,1.633602023640993,0.17859124349495437,0.10449300303095056,1.0
NP_112601,1.6335139344223952,0.17861299370627468,0.10448795717165471,1.0
NP_057302,1.632910380873108,0.17876208517691078,0.1044533833489493,1.0
NP_004777,1.632792263851493,0.17879127653047125,0.10444661684829541,1.0
NP_009076,1.6323548023556267,0.17889942969024902,0.10442155535707569,1.0
NP_002471,1.6320461028231192,0.17897578636985165,0.10440386959506057,1.0
NP_001104792,1.6317430499890153,0.17905077630123004,0.10438650665961158,1.0
NP_004356,1.6317326113646418,0.1790533598508201,0.10438590858305323,1.0
NP_001004316,1.6315807266748492,0.17909095515269755,0.10437720632377274,1.0
NP_036604,1.6315686047425917,0.17909395595892103,0.10437651178830358,1.0
NP_057058,1.6313411709295709,0.17915026642006796,0.10436348059266104,1.0
NP_001091977,1.631321175595239,0.17915521787582311,0.10436233490884808,1.0
NP_006136,1.6295771813397215,0.1795875820129139,0.10426239702026531,1.0
NP_060767,1.629465713963371,0.17961525005739493,0.10425600873276213,1.0
NP_055053,1.629199323561641,0.1796813888706034,0.10424074130947693,1.0
NP_002651,1.6287768751625429,0.1797863205922805,0.10421652878997945,1.0
NP_060294,1.6284658354748478,0.1798636165676997,0.1041987007949567,1.0
NP_055107,1.6282755095827797,0.179910929632149,0.10418779145430156,1.0
NP_006695,1.6277714020543508,0.1800363024088661,0.10415889509622411,1.0
NP_110442,1.6274766510663332,0.1801096459311613,0.10414199857116939,1.0
NP_005515,1.6272603971568385,0.18016347480512607,0.10412960146571161,1.0
NP_001036046,1.627080931139463,0.18020815815322444,0.10411931302520128,1.0
NP_006092,1.6265811412843156,0.18033265072199717,0.10409065979166762,1.0
NP_071401,1.6259188475754323,0.18049774648837613,0.10405268729702351,1.0
NP_001156736,1.625910473227034,0.18049983494931415,0.10405220713460632,1.0
NP_001518,1.624249279738123,0.18091456800175493,0.10395694862885262,1.0
NP_057384,1.6236133213496788,0.18107357922253106,0.10392047524185777,1.0
NP_066287,1.6234403537833482,0.18111684981514642,0.10391055471916073,1.0
NP_005158,1.6230461966150582,0.18121549098463824,0.10388794708721484,1.0
NP_001265856,1.622664795928776,0.1813109880178695,0.10386607004149756,1.0
NP_003243,1.6226322565730813,0.1813191375855329,0.10386420354293203,1.0
NP_057377,1.6225829064006694,0.18133149812662777,0.10386137273983595,1.0
NP_005578,1.6219591500037203,0.18148779648698624,0.10382559155541861,1.0
NP_060809,1.6214094661180534,0.18162563946379232,0.10379405710059637,1.0
NP_001093592,1.620864214634286,0.18176246856147382,0.10376277473277006,1.0
NP_003604,1.62067746802244,0.1818093543836974,0.10375206013568732,1.0
NP_001229243,1.6206188177037086,0.1818240818704872,0.10374869501757328,1.0
NP_001185650,1.6205294049895986,0.18184653616695662,0.10374356482898457,1.0
NP_001185765,1.619872320520761,0.18201163069285914,0.10370586182017875,1.0
NP_055603,1.6195108395558915,0.18210251421764645,0.10368511896381122,1.0
NP_001127846,1.6194564502653372,0.182116192476169,0.10368199786093237,1.0
NP_001314,1.6193555277733345,0.18214157584909324,0.10367620641542483,1.0
NP_001123466,1.6192772428612756,0.18216126786348402,0.10367171397776166,1.0
NP_001177908,1.619026128436775,0.18222444747465244,0.10365730328660469,1.0
NP_005774,1.619009463467682,0.18222864106082212,0.10365634691844501,1.0
NP_065747,1.6187536955077704,0.1822930141404339,0.10364166866741437,1.0
NP_055751,1.6185275944025581,0.18234993837168326,0.10362869256527193,1.0
NP_899061,1.6184769321525576,0.18236269562758725,0.10362578497143492,1.0
NP_001180289,1.6182921876534027,0.18240922325568082,0.10361518200643588,1.0
NP_001166994,1.6182744297026834,0.18241369615924857,0.103614162818465,1.0
NP_569831,1.6182391879149955,0.18242257322862274,0.10361214016796137,1.0
NP_001159582,1.6181887708454057,0.18243527351509242,0.10360924653863138,1.0
NP_071890,1.6181172192972537,0.1824532991038695,0.10360513988830605,1.0
NP_004729,1.6175985124119605,0.18258402433838242,0.103575367949585,1.0
NP_570981,1.617563307373904,0.18259289996292044,0.10357334723337817,1.0
NP_001108104,1.6174580152196718,0.182619447843719,0.10356730356780283,1.0
NP_061859,1.6174007556349668,0.18263388654138502,0.1035640168900313,1.0
NP_065783,1.6170615405235549,0.1827194458313003,0.10354454558097002,1.0
NP_057439,1.6169569496850686,0.18274583411559192,0.1035385417847154,1.0
NP_001122400,1.6168242505160433,0.18277931931032523,0.10353092437872681,1.0
NP_002733,1.6166827080057318,0.18281504240584695,0.10352279919069854,1.0
NP_006608,1.61636833394931,0.18289440901702128,0.10350475215389197,1.0
NP_996261,1.615778968158161,0.18304328740320536,0.10347091691377455,1.0
NP_001185986,1.6156244190484261,0.18308234662571585,0.10346204389224659,1.0
NP_005639,1.6153588061451474,0.18314949338616074,0.1034467940313643,1.0
NP_002619,1.6153079587822732,0.18316235021341992,0.10344387462904955,1.0
NP_115754,1.6152536719567334,0.18317607765324398,0.10344075772893466,1.0
NP_001166,1.6149412735336743,0.18325509230225967,0.103422820825519,1.0
NP_060082,1.6146543483107436,0.1833276923584139,0.10340634587825015,1.0
NP_065995,1.6145935318818436,0.1833430840890488,0.10340285378451702,1.0
NP_001351,1.6145330281200272,0.18335839789767278,0.10339937961720876,1.0
NP_001166109,1.6140675774769568,0.1834762461552627,0.10337265222325695,1.0
NP_001138368,1.6131431005176555,0.18371052794643164,0.10331956161115123,1.0
NP_003620,1.6130097902111686,0.18374433482871474,0.10331190538434626,1.0
NP_060336,1.6128410447036463,0.1837871363279211,0.10330221386906199,1.0
NP_037359,1.6128098619223081,0.18379504672187322,0.10330042293384673,1.0
NP_001650,1.612753525376182,0.1838093388932435,0.10329718731259631,1.0
NP_776245,1.6121506876967864,0.18396234003696987,0.1032625625992227,1.0
NP_004945,1.611801171623814,0.18405110274540942,0.1032424864949883,1.0
NP_077027,1.611675981492642,0.18408290571073155,0.10323529539065854,1.0
NP_008858,1.6114024085900442,0.184152421469679,0.10321958056140962,1.0
NP_005098,1.6111717175713556,0.18421106003634985,0.10320632856519549,1.0
NP_006446,1.6105510825000438,0.18436890454945667,0.10317067437199741,1.0
NP_055752,1.6105208942024263,0.18437658551186958,0.10316894004482294,1.0
NP_613075,1.610284794740307,0.18443666790684812,0.1031553758252298,1.0
NP_997187,1.6100655813576152,0.18449246966880767,0.10314278136540582,1.0
NP_001609,1.6097947851770198,0.18456142403771056,0.1031272228322741,1.0
NP_001015052,1.6090722161338147,0.18474553479888364,0.10308570514976857,1.0
NP_000167,1.6088386988693806,0.18480507205376082,0.10307228679260526,1.0
NP_005792,1.6085269588274562,0.18488458106879435,0.10305437297641643,1.0
NP_065990,1.608445632783104,0.18490532850414804,0.10304969954245895,1.0
NP_443724,1.6077254789977535,0.1850891457822722,0.1030083134894421,1.0
NP_001017423,1.6071704556569721,0.18523093145072303,0.10297641460527761,1.0
NP_001961,1.6065824830656112,0.18538124593231523,0.1029426195522871,1.0
NP_982272,1.6064484730573474,0.18541552150771387,0.1029349166679842,1.0
NP_694946,1.6064255097172906,0.18542139541222744,0.10293359672380166,1.0
NP_001186136,1.6059981357206354,0.18553074748683013,0.10290903034549635,1.0
NP_059117,1.605944221541827,0.18554454680900873,0.1029059311467386,1.0
NP_001186791,1.6053462437207422,0.185697663951377,0.10287155559696085,1.0
NP_061962,1.605319579719312,0.18570449425991306,0.1028700227200466,1.0
NP_778223,1.6051052948799502,0.1857593945242512,0.10285770358797815,1.0
NP_001001890,1.6043068640688432,0.18596408896179098,0.10281179920672989,1.0
NP_077292,1.6042001301623123,0.1859914685252245,0.10280566237172625,1.0
NP_001018020,1.604137422598291,0.18600755614696066,0.10280205686186407,1.0
NP_001506,1.6039841269087187,0.18604688966545313,0.10279324266567826,1.0
NP_036360,1.6038835997750005,0.18607268776759298,0.1027874624621096,1.0
NP_149972,1.6034605669822168,0.18618128685851912,0.10276313770903026,1.0
NP_009202,1.6031207960878169,0.1862685545515357,0.10274359963231001,1.0
NP_001158,1.6030890750456819,0.1862767038373225,0.1027417755122306,1.0
NP_055835,1.6021884044364723,0.18650823053918675,0.10268997930962624,1.0
NP_076947,1.6017349373591194,0.1866249014845544,0.10266389884138381,1.0
NP_009089,1.601319847535751,0.1867317587242716,0.10264002425337634,1.0
NP_060208,1.6010554383791955,0.18679985603168106,0.10262481565449337,1.0
NP_005204,1.6008486646056763,0.18685312591499212,0.10261292183659165,1.0
NP_898829,1.6004301181506901,0.1869609972996671,0.10258884569398068,1.0
NP_955452,1.5997397344117728,0.1871390570453137,0.10254912977059967,1.0
NP_078838,1.599601909671805,0.18717462310963165,0.10254120066230966,1.0
NP_002865,1.5987406652881644,0.18739701381222904,0.10249164978079534,1.0
NP_066267,1.5983043072535204,0.18750978518319347,0.10246654224525399,1.0
NP_055852,1.5981937779777773,0.18753836025331316,0.10246018229586162,1.0
NP_036539,1.598145382978619,0.18755087307474672,0.10245739757770082,1.0
NP_002537,1.5979618195262946,0.1875983416651762,0.10244683491441081,1.0
NP_005883,1.597922732670566,0.18760845079064975,0.10244458573471735,1.0
NP_004790,1.5975522857221542,0.18770428581590873,0.10242326850120823,1.0
NP_689891,1.596724291621013,0.18791865538123906,0.10237561822380976,1.0
NP_060686,1.596590990691938,0.18795318882060477,0.10236794640859566,1.0
NP_009188,1.5964612042577806,0.18798681751941115,0.10236047673570671,1.0
NP_060930,1.5964494368037947,0.18798986684039756,0.1023597994705491,1.0
NP_787117,1.5961249658921253,0.18807396589456143,0.10234112443845911,1.0
NP_113601,1.5961117401002782,0.18807739461547293,0.10234036320709357,1.0
NP_056201,1.5955529597794718,0.18822230938917384,0.10230820054244705,1.0
NP_071393,1.5954206862619436,0.18825662874051288,0.10230058671436514,1.0
NP_064553,1.5953531396406098,0.18827415648643336,0.1022966985970652,1.0
NP_055203,1.5944225803390155,0.18851578466050628,0.10224313033232896,1.0
NP_683513,1.5943514046262806,0.1885342780863336,0.10223903279191818,1.0
NP_075383,1.5942042240951448,0.18857252508740482,0.10223055958391807,1.0
NP_006507,1.5933472218109908,0.18879537461745238,0.10218121864062114,1.0
NP_003115,1.5932184072872626,0.1888288921515927,0.10217380182032819,1.0
NP_009103,1.593065721564291,0.18886862821996458,0.10216501039697246,1.0
NP_067061,1.5929745832452444,0.18889235048246603,0.10215976270216622,1.0
NP_060134,1.592108230952007,0.18911799206087074,0.10210987554534161,1.0
NP_940682,1.59182254642434,0.18919245420031017,0.10209342376009731,1.0
NP_060804,1.5917653861450756,0.1892073560303613,0.10209013198463888,1.0
NP_000995,1.5914353003587027,0.18929343182826996,0.10207112236306362,1.0
NP_078908,1.59140168747976,0.1893021990558176,0.1020691865541307,1.0
NP_996923,1.5913066531635314,0.1893269888670148,0.10206371336046104,1.0
NP_054891,1.5912600670005579,0.18933914203647081,0.1020610303569058,1.0
NP_653192,1.5911216186114288,0.18937526410238778,0.10205305670325059,1.0
NP_055050,1.5910768734981005,0.18938693977283472,0.1020504796690877,1.0
NP_112240,1.590655183058574,0.1894970078057639,0.10202619225310317,1.0
NP_001026854,1.5905178189054154,0.1895328750606159,0.1020182804304753,1.0
NP_078924,1.5896585062686865,0.18975739572332936,0.10196878306407271,1.0
NP_006395,1.5894737584598784,0.18980569916395865,0.10195814067151078,1.0
NP_689975,1.5883065704197294,0.1901111349044765,0.1018908990046225,1.0
NP_060647,1.5881036952297356,0.19016427143526768,0.10187921034395775,1.0
NP_057480,1.5879277134963077,0.1902103754105245,0.10186907090423904,1.0
NP_036212,1.5878258389167041,0.19023706947685298,0.10186320114974118,1.0
NP_001254711,1.5878150238731537,0.19023990353568795,0.10186257800989894,1.0
NP_060834,1.5877951994029915,0.1902450985983802,0.10186143576378291,1.0
NP_056386,1.587492886570946,0.19032433711886107,0.1018440167461834,1.0
NP_057701,1.5872340817504924,0.190392196499193,0.10182910408773702,1.0
NP_036377,1.5868328694187912,0.19049744049999653,0.10180598475089447,1.0
NP_003261,1.5867861049335532,0.19050971108191542,0.10180328993103345,1.0
NP_055529,1.5864594112325714,0.1905954533053296,0.10178446364087465,1.0
NP_001003652,1.5860389143652958,0.19070586797173794,0.10176023061917806,1.0
NP_258260,1.5853532042921477,0.1908860516446657,0.10172071068979989,1.0
NP_001008398,1.5852890871443739,0.19090290784975555,0.10171701521096647,1.0
NP_878919,1.5852635293230262,0.19090962731390992,0.10171554214276962,1.0
NP_000195,1.584816025476096,0.1910273175733477,0.10168974871987184,1.0
NP_254274,1.584707912700791,0.19105576067009977,0.10168351704617641,1.0
NP_006568,1.584537563613483,0.1911005854240503,0.10167369786531462,1.0
NP_006833,1.5842114442670672,0.19118642630322677,0.10165489925060324,1.0
NP_037520,1.5832711317713482,0.19143413748204174,0.10160069207442306,1.0
NP_892017,1.5832232738224576,0.19144675299855443,0.10159793298232735,1.0
NP_009046,1.5825628591192138,0.19162092030537686,0.10155985722162947,1.0
NP_000884,1.5820613818777607,0.1917532713706923,0.10153094273635253,1.0
NP_057272,1.5810341583367575,0.19202464676544131,0.10147170863435992,1.0
NP_443183,1.5810072842979361,0.19203175127947017,0.10147015885752313,1.0
NP_001036024,1.580784931869137,0.19209054260947567,0.10145733599311672,1.0
NP_116171,1.580031474776134,0.19228988693895,0.1014138820793901,1.0
NP_062828,1.579788917558795,0.19235410233008668,0.10139989225260518,1.0
NP_001116540,1.5795458071975215,0.19241848436748768,0.10138587008536509,1.0
NP_056145,1.5794132229269369,0.19245360470612233,0.10137822267931405,1.0
NP_061335,1.5792712506721291,0.19249121850751685,0.10137003363389001,1.0
NP_444254,1.5787139865360473,0.19263892550957118,0.10133788885914816,1.0
NP_001007554,1.5785612779668063,0.19267942062334037,0.10132907973982232,1.0
NP_057391,1.578467865556959,0.19270419557718568,0.10132369108305282,1.0
NP_490595,1.5782269846022294,0.19276809611963708,0.10130979514948484,1.0
NP_060360,1.5773664200418671,0.19299654792489457,0.10126014741570337,1.0
NP_057250,1.577193572114804,0.19304246404804293,0.10125017480287236,1.0
NP_001510,1.5770468844045253,0.19308143889360307,0.10124171135309593,1.0
NP_653283,1.5762832875173094,0.19328444550213583,0.10119765148214327,1.0
NP_003700,1.5762814884633145,0.19328492402741804,0.10119754767084801,1.0
NP_001073333,1.575850942313943,0.19339947575929914,0.10117270306130935,1.0
NP_006562,1.5756628962352195,0.19344952756029762,0.10116185145584214,1.0
NP_079146,1.5756053184400804,0.19346485534309907,0.10115852875231168,1.0
NP_872578,1.5751449282181016,0.19358745680617706,0.1011319596368153,1.0
NP_001166958,1.5747522594434071,0.1936920817227991,0.10110929748424029,1.0
NP_001158502,1.5746329857933206,0.19372387218206494,0.10110241359970731,1.0
NP_001138403,1.574254568980712,0.1938247654648425,0.10108057255697869,1.0
NP_149974,1.573864859033008,0.19392872124968602,0.10105807860019726,1.0
NP_064528,1.5736052107710603,0.19399801189684704,0.10104309114518444,1.0
NP_001230618,1.5735454792712642,0.19401395534083937,0.10103964324409552,1.0
NP_057191,1.5733977943949617,0.1940533804481208,0.10103111826766827,1.0
NP_061108,1.5732954888285762,0.19408069576195366,0.10102521267622332,1.0
NP_001231,1.5730827543019381,0.1941375068639436,0.10101293232179011,1.0
NP_624302,1.5730046504542219,0.1941583685389607,0.10100842359976697,1.0
NP_116184,1.5727148339052819,0.19423579743087702,0.10099169288588851,1.0
NP_005447,1.572257157962156,0.19435813150384504,0.10096527060999982,1.0
NP_054797,1.5721078795456334,0.19439804837116828,0.1009566522211574,1.0
NP_004976,1.571912779313958,0.19445022952954608,0.10094538812226837,1.0
NP_653304,1.571841419045846,0.19446931870045425,0.10094126807143906,1.0
NP_079090,1.5716408436764144,0.19452298286715866,0.10092968746544471,1.0
NP_477517,1.5715330951377453,0.1945518168453495,0.10092346627246745,1.0
NP_061824,1.571518932790337,0.1945556070492758,0.10092264855941895,1.0
NP_694997,1.5714246695191336,0.194580836059867,0.1009172058992892,1.0
NP_057104,1.5709799478277053,0.1946999046017834,0.10089152725720843,1.0
NP_078994,1.5708475485740727,0.19473536600651553,0.1008838821184095,1.0
NP_001003803,1.5698941624401082,0.1949908968961514,0.10082882684117586,1.0
NP_060537,1.5697490048981004,0.19502983025307977,0.10082044382374254,1.0
NP_036307,1.569686072103418,0.19504671200614368,0.1008168093328395,1.0
NP_055217,1.5695821781269303,0.19507458461478153,0.1008108091899841,1.0
NP_000519,1.5695784715260535,0.19507557908826287,0.10081059512282424,1.0
NP_057381,1.5694340093309818,0.19511434170509076,0.10080225192453354,1.0
NP_055453,1.5692931115849342,0.19515215485352277,0.10079411443652772,1.0
NP_003101,1.5692591119085895,0.19516128047719258,0.10079215077795815,1.0
NP_002824,1.569172703302554,0.19518447462873656,0.10078716019186418,1.0
NP_036602,1.5690014106005117,0.1952304613574506,0.10077726690500659,1.0
NP_001409,1.568826566303747,0.1952774120555509,0.10076716826554052,1.0
NP_064536,1.5687941867421114,0.19528610805639768,0.1007652980651543,1.0
NP_055503,1.5687728610282563,0.1952918355844414,0.10076406631605553,1.0
NP_001231921,1.5687338559513555,0.19530231173372303,0.10076181341822388,1.0
NP_066188,1.5683900072833683,0.19539468686938496,0.1007419525429173,1.0
NP_001098714,1.5683557819691358,0.1954038837604321,0.10073997562321675,1.0
NP_000117,1.5680153503514982,0.19549538529653993,0.10072031116773635,1.0
NP_005556,1.5680136757501626,0.19549583549676305,0.10072021443510232,1.0
NP_000977,1.5672757474763104,0.1956943149204474,0.10067758629703655,1.0
NP_001092287,1.566937989787491,0.1957852240884974,0.10065807359260137,1.0
NP_116259,1.5667920796068986,0.19582450878573962,0.10064964390829487,1.0
NP_001887,1.5666107738201105,0.19587333365233106,0.1006391690897053,1.0
NP_001161773,1.566539406979534,0.19589255556445057,0.100635045852076,1.0
NP_057474,1.5665272100921792,0.1958958408454087,0.10063434116997907,1.0
NP_036557,1.5664382855527879,0.19591979459080008,0.1006292034708157,1.0
NP_597730,1.5663860073882299,0.1959338781250423,0.10062618302313592,1.0
NP_783316,1.5663513478444817,0.19594321579446342,0.10062418050594614,1.0
NP_001325,1.5654783283990388,0.1961785546307433,0.10057373730319878,1.0
NP_001121188,1.5654634355661938,0.1961825715715905,0.10057287674385582,1.0
NP_055246,1.5653891750929354,0.19620260248620627,0.1005685856925315,1.0
NP_001135869,1.5653407896834395,0.19621565492918078,0.10056578977833451,1.0
NP_997639,1.565072980089673,0.19628791393564923,0.1005503142896704,1.0
NP_113654,1.5642799260255458,0.1965020379940581,0.10050448420744879,1.0
NP_005649,1.5637205857079877,0.19665319110927923,0.10047215748295664,1.0
NP_002017,1.5637101171582672,0.19665602111210725,0.10047155243750976,1.0
NP_055647,1.5630484563108182,0.19683496784903357,0.10043330911027282,1.0
NP_444253,1.56302027809744,0.19684259205665197,0.10043168036587032,1.0
NP_004051,1.562478624624362,0.19698920156996566,0.10040037080931742,1.0
NP_002002,1.5624100546860984,0.1970077687097582,0.10039640706007685,1.0
NP_055643,1.5623562497080266,0.1970223389906933,0.10039329678867484,1.0
NP_078824,1.5622431364248361,0.19705297313458406,0.10038675804828322,1.0
NP_004816,1.5620959481077412,0.19709284240254174,0.10037824938983766,1.0
NP_001121902,1.5620562199164232,0.19710360497223525,0.10037595275599208,1.0
NP_002127,1.56193951242174,0.19713522481225235,0.10036920598328888,1.0
NP_060268,1.5616653958464783,0.1972095105583275,0.1003533591117631,1.0
NP_056007,1.5615785407516813,0.19723305380795803,0.1003483378413262,1.0
NP_006298,1.5610587542271683,0.19737400401678412,0.10031828674916521,1.0
NP_079140,1.5609009112982102,0.19741682486406967,0.10030916077390453,1.0
NP_002874,1.5607405277808908,0.19746034385436845,0.10029988772028355,1.0
NP_031377,1.5607301739862371,0.19746315359574834,0.1002992890780536,1.0
NP_997647,1.560704035591012,0.1974702470197575,0.10029777778828725,1.0
NP_001035926,1.5606211220600683,0.19749274962967583,0.10029298379661715,1.0
NP_036473,1.560361480063209,0.1975632316215229,0.10027797118096711,1.0
NP_079066,1.5601298235414676,0.19762613660787362,0.10026457627500582,1.0
NP_056139,1.5599651787962214,0.1976708563377829,0.10025505589961135,1.0
NP_000992,1.559520058815924,0.1977918043669967,0.10022931638770627,1.0
NP_009097,1.5594821632943685,0.19780210454112077,0.10022712497291639,1.0
NP_037417,1.559405327406316,0.19782299042470883,0.1002226816894847,1.0
NP_058431,1.5593928450808598,0.19782638362267485,0.10022195985454953,1.0
NP_001191332,1.5593695528324891,0.19783271553809395,0.10022061289421683,1.0
NP_001242959,1.5592228399712167,0.19787260327383732,0.10021212858817187,1.0
NP_001191354,1.5587821948161036,0.19799244948725236,0.10018664541338333,1.0
NP_203699,1.5587617364798034,0.1979980153751816,0.10018546224183493,1.0
NP_057300,1.5579269684045713,0.1982252470784518,0.10013718225882205,1.0
NP_891554,1.557846090465014,0.19824727578204349,0.10013250429439431,1.0
NP_065827,1.5575903222093155,0.1983169544017896,0.10011771038769222,1.0
NP_000544,1.557467433481359,0.1983504409753166,0.10011060220055609,1.0
NP_055467,1.5571972777783012,0.19842407568584508,0.10009497533354425,1.0
NP_955459,1.5568998142077024,0.19850518313861695,0.10007776824440477,1.0
NP_000987,1.5567691159444905,0.1985408295952231,0.1000702076595661,1.0
NP_055181,1.5566710100724686,0.1985675907869037,0.10006453238386102,1.0
NP_001013685,1.5566038425738247,0.19858591459672356,0.1000606468047904,1.0
NP_006586,1.5565811689762405,0.19859210048573367,0.10005933515009435,1.0
NP_077001,1.5565781669411336,0.1985929195248171,0.10005916148378802,1.0
NP_996928,1.5564932099789082,0.1986160994695958,0.10005424673604946,1.0
NP_127509,1.5564809550886547,0.19861944334428747,0.10005353778802503,1.0
NP_115861,1.5551524750596644,0.19898224562684902,0.09997667830984724,1.0
NP_006247,1.5547622307287743,0.19908893750858597,0.0999540981511956,1.0
NP_789788,1.5546167953747072,0.19912871288450373,0.09994568274012286,1.0
NP_777591,1.5545020953692026,0.19916008764004306,0.09993904567552823,1.0
NP_001649,1.5544990444234406,0.19916092225135315,0.09993886913257778,1.0
NP_219491,1.5543575866986832,0.19919962276980918,0.0999306836064958,1.0
NP_789842,1.554336481839739,0.19920539731709236,0.09992946234990381,1.0
NP_001258906,1.553884212192202,0.1993291814723307,0.0999032904574512,1.0
NP_004818,1.5536647411313738,0.19938927564329825,0.09989058958064954,1.0
NP_009145,1.5531463061868802,0.19953129753137172,0.09986058612263259,1.0
NP_003418,1.5528774101353242,0.19960499713181745,0.09984502347606511,1.0
NP_001003897,1.5527323398500656,0.19964476887972518,0.09983662715467494,1.0
NP_001137232,1.552708735853201,0.19965124073539067,0.0998352609969341,1.0
NP_005769,1.5521283398882453,0.1998104382137368,0.0998016673966953,1.0
NP_710142,1.5519054640569554,0.19987160263415413,0.09978876656906563,1.0
NP_859060,1.5516487351412556,0.199942079156488,0.09977390574898178,1.0
NP_060855,1.5514799607891516,0.1999884232956333,0.0997641359343926,1.0
NP_001092808,1.551479643578452,0.19998851040871163,0.09976411757186668,1.0
NP_060802,1.5514014787152672,0.200009977292148,0.09975959278259411,1.0
NP_443102,1.5511217697862147,0.2000868130851555,0.09974340068507724,1.0
NP_055319,1.5507378071475524,0.20019233224388958,0.09972117248577045,1.0
NP_789846,1.5505691231948509,0.20023870578345038,0.09971140676015892,1.0
NP_009208,1.5503348764625382,0.20030312009733361,0.0996978450161335,1.0
NP_060427,1.5503120281311404,0.20030940408069078,0.09969652218724376,1.0
NP_073589,1.5501007548120636,0.20036751938004013,0.09968429010547579,1.0
NP_006266,1.5500013417948468,0.20039487053764726,0.0996785342795308,1.0
NP_078933,1.549706156524552,0.20047610441249075,0.0996614431761662,1.0
NP_955387,1.5494970172348987,0.20053367739537142,0.09964933370625761,1.0
NP_000359,1.5492740665945774,0.20059506946805394,0.09963642418027566,1.0
NP_570719,1.5491698066231947,0.20062378470451697,0.09963038708107255,1.0
NP_055926,1.5488392019124717,0.20071486513361547,0.09961124311594707,1.0
NP_001177957,1.5486703579337338,0.20076139596755585,0.09960146573842069,1.0
NP_057508,1.5486501303466405,0.2007669710596082,0.09960029438980728,1.0
NP_060671,1.5483852856791942,0.20083998043972973,0.09958495735922687,1.0
NP_055726,1.548337537481225,0.20085314576350746,0.09958219222786759,1.0
NP_000683,1.5482725911809807,0.20087105431195112,0.09957843111518158,1.0
NP_005633,1.5479203553013308,0.20096820722880182,0.09955803219518944,1.0
NP_001135442,1.5478835446896593,0.20097836278501943,0.09955590034106823,1.0
NP_002643,1.547574694604258,0.20106358930278612,0.09953801316300086,1.0
NP_055587,1.5475691724422083,0.2010651134389755,0.09953769333827739,1.0
NP_004868,1.5474892888600147,0.20108716279759492,0.09953306672922502,1.0
NP_065916,1.547155463952023,0.20117932916275527,0.0995137321125586,1.0
NP_003395,1.5466848352903264,0.20130933302741283,0.09948647262594638,1.0
NP_112578,1.54660920342302,0.2013302324801849,0.09948209176586818,1.0
NP_112210,1.546587846095958,0.20133613454553098,0.09948085466769059,1.0
NP_001247441,1.546471938954182,0.2013681681313838,0.09947414082286078,1.0
NP_002516,1.5462683574355083,0.20142444406700086,0.09946234825516542,1.0
NP_002871,1.545546141982713,0.2016242043216334,0.09942051104970642,1.0
NP_787954,1.545465812246529,0.20164643446152195,0.09941585738968532,1.0
NP_597719,1.5451372733905968,0.20173737687729484,0.09939682398530422,1.0
NP_079172,1.5446613308829635,0.201869189898003,0.09936924954512492,1.0
NP_003793,1.5445250351512423,0.20190695203637757,0.09936135273728645,1.0
NP_004926,1.5444595615386727,0.20192509452329074,0.09935755922708926,1.0
NP_001243404,1.5443317989165837,0.20196050144283906,0.09935015662906917,1.0
NP_613258,1.5441936374663685,0.20199879672421286,0.09934215138341938,1.0
NP_006518,1.5441095710953716,0.20202210137314658,0.09933728040406242,1.0
NP_878905,1.5440449851180016,0.2020400074273658,0.099333538123203,1.0
NP_005338,1.543190693392448,0.20227699399702212,0.099284035294534,1.0
NP_001159581,1.5429889223537956,0.2023330046158101,0.0992723426660031,1.0
NP_067076,1.5428366287494368,0.20237529014544658,0.09926351705297265,1.0
NP_076931,1.5426215503982357,0.2024350224234125,0.09925105268735758,1.0
NP_001258538,1.5424472945496621,0.20248342941803607,0.09924095384197043,1.0
NP_942133,1.542032435798515,0.20259871765485238,0.09921691015434353,1.0
NP_001026868,1.5420177875676857,0.2026027894831826,0.09921606117329053,1.0
NP_001002759,1.5412031761879113,0.2028293507004842,0.09916884546939894,1.0
NP_004774,1.5407991239383279,0.202941814239714,0.09914542435369057,1.0
NP_892010,1.5398828835897462,0.2031970555747486,0.09909230945465332,1.0
NP_057042,1.539545125323865,0.20329122207411826,0.09907272786350481,1.0
NP_996806,1.5393990448377197,0.20333196171846893,0.09906425855954303,1.0
NP_653273,1.5392806621403012,0.20336498246003162,0.09905739497263753,1.0
NP_002496,1.5391844955593643,0.2033918100984105,0.09905181935379026,1.0
NP_004545,1.5390511997899707,0.2034290011499613,0.09904409091661749,1.0
NP_004433,1.5388674603802157,0.20348027696690335,0.09903343755932657,1.0
NP_006045,1.5386472981306245,0.20354173313263602,0.09902067204496821,1.0
NP_057665,1.5385270133315099,0.20357531679351895,0.09901369750244075,1.0
NP_001128471,1.5383882028042046,0.20361407929072417,0.09900564863777647,1.0
NP_057579,1.5382884139469162,0.20364194934062999,0.09899986233787333,1.0
NP_001034554,1.5377772252125173,0.20378477521078406,0.09897021967319934,1.0
NP_002687,1.5377272357277327,0.20379874726625682,0.09896732079269963,1.0
NP_937885,1.5376628054876382,0.20381675683049846,0.09896358446809399,1.0
NP_036579,1.537475536387179,0.2038691107937713,0.09895272451348788,1.0
NP_001165416,1.5373403471862463,0.2039069128214046,0.09894488457058563,1.0
NP_001687,1.536562491104729,0.20412454654917367,0.09889977219764473,1.0
NP_006839,1.5360613882018528,0.20426486325646032,0.09887070794972165,1.0
NP_550438,1.5356235371953177,0.2043875421340872,0.09884531081219466,1.0
NP_006415,1.5354151767969693,0.20444594554491277,0.09883322455972722,1.0
NP_660339,1.5349712697390991,0.20457042461901287,0.09880747399443872,1.0
NP_620602,1.5346799641204787,0.20465215009425317,0.09879057487280314,1.0
NP_219484,1.5345978437042758,0.20467519439275988,0.09878581081686671,1.0
NP_001257906,1.5342204268745532,0.204781134716379,0.0987639150671711,1.0
NP_001130038,1.5342153503043636,0.2047825600505357,0.09876362054387926,1.0
NP_057267,1.5340394776449513,0.20483194503258154,0.09875341696231617,1.0
NP_001107654,1.533922172290349,0.20486489051370962,0.09874661114413091,1.0
NP_001631,1.5337041027393072,0.20492614899360045,0.09873395891897058,1.0
NP_872584,1.5330543612487884,0.20510877089424784,0.09869625931866867,1.0
NP_061914,1.5328513323306097,0.20516586706861786,0.09868447843443144,1.0
NP_006300,1.5328176133582434,0.20517535101723927,0.09868252183943874,1.0
NP_937887,1.5325927426095969,0.20523860962753168,0.09866947315275508,1.0
NP_001107607,1.5325426972609948,0.20525269040867258,0.09866656909504219,1.0
NP_006208,1.5323886925531254,0.2052960268948115,0.09865763231175227,1.0
NP_001161339,1.5320364681676284,0.20539517392262627,0.09863719231586175,1.0
NP_055488,1.5318976926592132,0.20543424986377767,0.09862913875509423,1.0
NP_001007532,1.5316785571954257,0.20549596741255297,0.09861642137100747,1.0
NP_000114,1.5316670376481472,0.20549921226875625,0.09861575283164688,1.0
NP_001891,1.5313774926878756,0.20558078775055558,0.09859894870296225,1.0
NP_061883,1.5309908088898754,0.20568977792801807,0.09857650601489906,1.0
NP_619636,1.530699590518153,0.20577189592482842,0.09855960329389667,1.0
NP_002568,1.5305021308686726,0.2058275931542332,0.09854814209945098,1.0
NP_777572,1.5304226265013523,0.20585002283516882,0.09854352732744158,1.0
NP_003408,1.5302050830949643,0.205911407584638,0.09853089994031264,1.0
NP_940891,1.529695154396927,0.2060553623135981,0.0985012995547324,1.0
NP_079524,1.5294935880610405,0.20611229110193746,0.09848959847840133,1.0
NP_000848,1.528663991044654,0.20634675030658556,0.0984414365541189,1.0
NP_000594,1.5284834918771435,0.20639779558351715,0.09843095706523335,1.0
NP_055865,1.5281867857651545,0.20648172984109175,0.09841373026025539,1.0
NP_006147,1.5281049086122371,0.20650489741312947,0.09840897634357915,1.0
NP_001027019,1.5279530250466817,0.20654788008652158,0.09840015761137891,1.0
NP_036203,1.5273923672916307,0.20670661707740118,0.09836760295367264,1.0
NP_071762,1.5273169015477837,0.20672799210130643,0.09836322084696673,1.0
NP_001139287,1.5272411215826116,0.20674945819913762,0.09835882045135315,1.0
NP_001092874,1.5264054893747472,0.20698630453625083,0.09831029406125706,1.0
NP_057415,1.5247167536579425,0.20746572132482727,0.09821221075087806,1.0
NP_078811,1.5245854603509235,0.20750303762897118,0.09820458422188755,1.0
NP_057159,1.524575609392363,0.20750583772968537,0.0982040119969525,1.0
NP_776152,1.5244230096026774,0.2075492181868832,0.09819514764959321,1.0
NP_006102,1.5242783223316947,0.20759035710975932,0.09818674277045254,1.0
NP_006133,1.5241117746066721,0.20763772102122857,0.09817706782424196,1.0
NP_001177386,1.5240663389029336,0.20765064406655578,0.09817442837664642,1.0
NP_056445,1.5240556739085025,0.20765367756509473,0.09817380882432701,1.0
NP_001136040,1.5237687376124645,0.20773530781515367,0.09815713976210763,1.0
NP_055449,1.523408463344292,0.20783784425837937,0.09813620938607297,1.0
NP_060567,1.523046046707516,0.20794103800849034,0.09811515356746359,1.0
NP_065723,1.5224965429382276,0.20809759361587996,0.09808322641443067,1.0
NP_002031,1.5223018132142445,0.20815309916301436,0.09807191172628127,1.0
NP_001528,1.5222279830463772,0.20817414723868516,0.09806762178142073,1.0
NP_055445,1.5221930209416665,0.20818411519781532,0.09806559027374609,1.0
NP_008995,1.5221737648968137,0.20818960543097328,0.0980644713783059,1.0
NP_005582,1.5221134918490806,0.20820679119655877,0.09806096912307516,1.0
NP_872330,1.5220814498459387,0.20821592793018356,0.09805910726367476,1.0
NP_443073,1.5220470038772502,0.20822575056788942,0.09805710570887063,1.0
NP_620775,1.5216832880261524,0.20832949439182502,0.09803597069913281,1.0
NP_006358,1.5215142800300883,0.20837771745983005,0.09802614954828617,1.0
NP_001191333,1.5213549279269627,0.20842319493393097,0.09801688931097428,1.0
NP_055238,1.5211238701963803,0.20848915288748673,0.09800346179294649,1.0
NP_001438,1.5206212906353944,0.208632686851902,0.09797425387557676,1.0
NP_783195,1.5205814241648212,0.20864407643588798,0.09797193691451195,1.0
NP_001019978,1.5204947221527252,0.20866884861996976,0.09796689792255725,1.0
NP_001035533,1.5203887843930857,0.2086991204901136,0.09796074090115253,1.0
NP_001129115,1.519568741754283,0.20893358727017225,0.09791307780776101,1.0
NP_060421,1.5185240048613602,0.2092326539928837,0.09785234758058588,1.0
NP_219485,1.5181697339934606,0.2093341581474547,0.09783175206982184,1.0
NP_060790,1.5176959788897784,0.20946996805210444,0.09780420888219793,1.0
NP_003592,1.517692293469191,0.2094710248616328,0.09780399461251918,1.0
NP_061826,1.517271391146972,0.20959175299374494,0.09777952275891855,1.0
NP_002797,1.5171295758159873,0.20963244471355244,0.09777127711690242,1.0
NP_073749,1.5169130037033784,0.20969460092825215,0.09775868456189325,1.0
NP_009075,1.516500694294918,0.20981298118227812,0.09773470991771374,1.0
NP_001026862,1.5164935499341363,0.2098150329842383,0.09773429448179509,1.0
NP_818932,1.5163599526692042,0.2098534044655884,0.09772652589232772,1.0
NP_789794,1.5162436079691592,0.20988682602782646,0.09771976041871469,1.0
NP_705833,1.5159078881214523,0.20998329379252118,0.09770023765621792,1.0
NP_057547,1.5158736442310536,0.20999313595727429,0.0976982462598662,1.0
NP_001245259,1.5157739947726752,0.21002177902372657,0.09769245126175116,1.0
NP_006517,1.5156766987129355,0.2100497491415455,0.09768679305097044,1.0
NP_001265003,1.5151079589447098,0.21021331658380862,0.09765371681292272,1.0
NP_064710,1.5150199237132302,0.21023864578002274,0.09764859672514285,1.0
NP_002096,1.5148342458175603,0.21029207770226496,0.0976377975952869,1.0
NP_110420,1.514765966934842,0.21031172927109476,0.0976338263924264,1.0
NP_001265370,1.5147396923129435,0.2103192919113652,0.0976322982114517,1.0
NP_060911,1.5143499846053756,0.21043149143049023,0.09760963147718335,1.0
NP_203744,1.5142229253345711,0.21046808470264816,0.0976022410288987,1.0
NP_055537,1.5142045947845788,0.21047336441889425,0.09760117481585938,1.0
NP_009038,1.5130658344581522,0.21080160128046235,0.09753493284978394,1.0
NP_001188264,1.513022320269112,0.21081415327404499,0.0975324014258793,1.0
NP_001164221,1.5129775092579654,0.21082708007234413,0.09752979454492462,1.0
NP_005996,1.5129161250635992,0.2108447889950535,0.09752622349444931,1.0
NP_653191,1.512678277642582,0.21091341942800976,0.09751238635708107,1.0
NP_006149,1.512610605820504,0.21093294980399682,0.0975084493678296,1.0
NP_006104,1.512331982401159,0.21101337943258167,0.09749223934331147,1.0
NP_000182,1.5120377914177112,0.21109833387822377,0.09747512298186063,1.0
NP_006843,1.511498639396947,0.21125410906560763,0.09744375282720659,1.0
NP_057490,1.5114419314751726,0.21127049968692876,0.09744045319269881,1.0
NP_003128,1.5114212753902427,0.21127647032948102,0.09743925128177641,1.0
NP_001265443,1.511334327721891,0.2113016042786755,0.0974341920424493,1.0
NP_060411,1.5112339874351508,0.21133061308629658,0.09742835345397553,1.0
NP_001748,1.5111172531627217,0.21136436612651796,0.09742156083918484,1.0
NP_001138500,1.5109761120163243,0.211405182968829,0.09741334788374625,1.0
NP_002480,1.5107536466129594,0.21146953299083482,0.09740040239391327,1.0
NP_004824,1.5106486048454866,0.2114999235517385,0.09739428977673852,1.0
NP_036321,1.5103410701456663,0.21158892248390976,0.09737639316344722,1.0
NP_001245177,1.510161028321044,0.2116410418061667,0.09736591551586986,1.0
NP_789782,1.5101382506107326,0.21164763645146864,0.09736458993531333,1.0
NP_001001132,1.509217872296627,0.21191426599874336,0.09731102398093652,1.0
NP_000116,1.5085985889802607,0.21209384537536694,0.09727497815645354,1.0
NP_036448,1.5082629614959049,0.21219122952090358,0.09725544151789518,1.0
NP_064507,1.507759540929504,0.2123373776793448,0.09722613617718835,1.0
NP_996662,1.507737003610885,0.21234392268203706,0.0972248241803312,1.0
NP_056162,1.5076441727588898,0.21237088341961344,0.09721942004622826,1.0
NP_060520,1.5076293727975163,0.2123751820462535,0.0972185584627205,1.0
NP_005875,1.5074234496077854,0.21243500052038897,0.09720657042133658,1.0
NP_001123528,1.5070539694621443,0.2125423697928546,0.09718505993659196,1.0
NP_898871,1.506716075830466,0.21264060431808077,0.09716538746581609,1.0
NP_647597,1.5062332683549844,0.21278104231625058,0.09713727649311812,1.0
NP_000874,1.505897174774474,0.2128788553743264,0.09711770675380973,1.0
NP_001108086,1.5056985148367938,0.2129366908706911,0.09710613897181411,1.0
NP_612398,1.5053752446406203,0.21303083513090543,0.0970873146176161,1.0
NP_006464,1.5053125074581302,0.21304911022772782,0.09708366127635727,1.0
NP_001017989,1.5049439196460446,0.21315650784448814,0.09706219689960673,1.0
NP_758438,1.5049178712566729,0.2131640996209673,0.09706067995668131,1.0
NP_002465,1.5047280344368192,0.2132194349557815,0.09704962454644402,1.0
NP_004660,1.5046082186027494,0.21325436681683282,0.09704264676597821,1.0
NP_060221,1.5045083741687648,0.2132834801518997,0.09703683198851673,1.0
NP_689627,1.504468142838751,0.21329521212684766,0.09703448896011559,1.0
NP_065080,1.5043576406530998,0.2133274390750893,0.09702805337182165,1.0
NP_065199,1.5036046049638687,0.2135471755021972,0.09698419453257032,1.0
NP_001169,1.5035984686651367,0.21354896694252323,0.09698383712040216,1.0
NP_899064,1.5034576948225558,0.21359006850489226,0.09697563759113181,1.0
NP_001035919,1.5034267779509662,0.2135990962492565,0.09697383678356486,1.0
NP_055606,1.5026694261118412,0.21382035414071535,0.09692972125051108,1.0
NP_001001998,1.5024989475562038,0.21387018824380333,0.09691979032793652,1.0
NP_033665,1.5022903150467455,0.2139311901476374,0.09690763651797964,1.0
NP_001181875,1.5018788248717199,0.2140515528231775,0.09688366435054677,1.0
NP_001093646,1.5018026119254795,0.21407385234489412,0.0968792242761592,1.0
NP_001825,1.5017417208930588,0.21409167030273935,0.09687567680662812,1.0
NP_848934,1.5014286416733826,0.21418330541456596,0.09685743658729654,1.0
NP_612429,1.5009926431099625,0.21431097845195535,0.09683203377153646,1.0
NP_001008723,1.5007796645883413,0.21437337043515078,0.09681962437133958,1.0
NP_071449,1.500433567482513,0.21447479543533496,0.09679945796033661,1.0
NP_001185886,1.5002519539243324,0.21452803576390744,0.09678887532821687,1.0
NP_001037770,1.500153583815456,0.21455687825437697,0.09678314319297115,1.0
NP_002084,1.4994219724475144,0.21477150247909188,0.09674050910498187,1.0
NP_006369,1.4992787106830523,0.21481355282736683,0.09673216016495383,1.0
NP_008896,1.4987732459603826,0.21496197844275483,0.09670270170260245,1.0
NP_003904,1.4984158490621446,0.21506698258895537,0.09668187146706472,1.0
NP_002151,1.498335535166399,0.21509058557288585,0.0966771903838713,1.0
NP_570899,1.49830029635074,0.2151009424624569,0.09667513647954881,1.0
NP_001129425,1.4977010788289213,0.21527712679224337,0.09664020948725738,1.0
NP_886553,1.4974094351736762,0.21536292547364858,0.09662320928135784,1.0
NP_001614,1.4973419377493693,0.21538278707069627,0.09661927469652408,1.0
NP_954658,1.4973370201349967,0.2153842341801283,0.09661898803578796,1.0
NP_001041631,1.4970109931401059,0.21548019447784791,0.09659998265489853,1.0
NP_005944,1.4969552005195679,0.21549662002726377,0.09659673020603299,1.0
NP_005410,1.4966106311290042,0.21559808825224297,0.09657664290297582,1.0
NP_001257448,1.4964655681183228,0.21564081942799188,0.09656818592215494,1.0
NP_001070865,1.4964194930143502,0.21565439340455853,0.09656549977166809,1.0
NP_005325,1.4959857758154802,0.2157822077173554,0.09654021354035176,1.0
NP_000368,1.4955449213497616,0.21591219737716122,0.09651450974719837,1.0
NP_003136,1.4954718796845279,0.21593374134324622,0.09651025094919374,1.0
NP_008936,1.4950389542802918,0.216061475577129,0.09648500779453076,1.0
NP_061983,1.4948969793388875,0.21610338041178367,0.09647672916652528,1.0
NP_001073986,1.4947926667875677,0.2161341737498871,0.09647064655415444,1.0
NP_079350,1.4946533382260252,0.21617531025535827,0.09646252198096268,1.0
NP_203125,1.4937486934263595,0.21644258171436184,0.09640976647956885,1.0
NP_001171473,1.4932288721180338,0.2165962981890877,0.09637944965786198,1.0
NP_004815,1.492940761728721,0.2166815389809913,0.09636264571646991,1.0
NP_001092007,1.4929087107392758,0.21669102355981604,0.0963607763146782,1.0
NP_361013,1.4926901487164044,0.21675571104024,0.09634802828868791,1.0
NP_057301,1.4918997534105247,0.21698979268619942,0.09630192404789381,1.0
NP_005144,1.4911852210544823,0.21720160865330468,0.09626024089026923,1.0
NP_065998,1.4909360948615307,0.21727550468167897,0.0962457068915342,1.0
NP_000137,1.4909055641253859,0.21728456233836235,0.09624392569909526,1.0
NP_001862,1.4908339004593978,0.21730582441562737,0.09623974474448306,1.0
NP_004487,1.4903809026801826,0.21744027013009218,0.09621331534993521,1.0
NP_066952,1.489811567480133,0.21760935311718316,0.09618009625164824,1.0
NP_689650,1.4897833932813966,0.21761772354484643,0.09617845230344417,1.0
NP_064585,1.489671968744395,0.21765083019765832,0.09617195068754898,1.0
NP_003796,1.489632106779323,0.21766267518807025,0.09616962472125838,1.0
NP_002723,1.4895323056665772,0.21769233372828706,0.09616380122217494,1.0
NP_536316,1.4892233737767329,0.21778416475583887,0.09614577424830668,1.0
NP_036342,1.4891689092299762,0.21780035824536698,0.09614259602673599,1.0
NP_001035202,1.489055394899034,0.21783411210179238,0.0961359719450303,1.0
NP_036344,1.4887649864375352,0.21792048807436917,0.09611902483775477,1.0
NP_001107018,1.4887010635969422,0.21793950485935695,0.0961152944642875,1.0
NP_689920,1.4886627731529893,0.21795089684720223,0.0961130599171762,1.0
NP_057441,1.4885944171135947,0.2179712351777351,0.09610907077977472,1.0
NP_000084,1.4885202066357375,0.21799331740136493,0.09610473994784935,1.0
NP_060917,1.4877053970742151,0.2182359102102933,0.09605718593764431,1.0
NP_079285,1.4873524190617076,0.21834107980458303,0.0960365838405722,1.0
NP_001092198,1.4871579816602674,0.21839903237335004,0.09602523480559472,1.0
NP_000972,1.4871182022359541,0.2184108904894064,0.09602291290197887,1.0
NP_001408,1.486964762812214,0.21845663586762096,0.09601395661354897,1.0
NP_002203,1.4868356985313642,0.21849512108168206,0.0960064229694361,1.0
NP_006338,1.4867211621491163,0.21852927953467902,0.09599973723184162,1.0
NP_001220,1.4861112770484466,0.21871125032241884,0.09596413524749577,1.0
NP_001154178,1.4859388128645552,0.21876273373858035,0.09595406715866324,1.0
NP_006782,1.4859315414651053,0.2187649046184175,0.09595364266504587,1.0
NP_037375,1.485638957210757,0.21885227234857008,0.09593656169537537,1.0
NP_001264262,1.4854610218913349,0.2189054208993277,0.09592617357606482,1.0
NP_060846,1.4852654317869314,0.21896385665640034,0.09591475446963249,1.0
NP_001185871,1.4851574142340638,0.21899613486812003,0.09590844797411592,1.0
NP_001230892,1.4851086864088292,0.21901069734280545,0.09590560302055214,1.0
NP_004393,1.4844510494466618,0.2192073221225786,0.09586720541182563,1.0
NP_004716,1.4844297568984222,0.21921369104542868,0.09586596214414025,1.0
NP_001265272,1.4841053674146467,0.2193107420374493,0.09584702068340709,1.0
NP_733793,1.4839083968629165,0.21936969119124067,0.09583551896777946,1.0
NP_079345,1.4838262983755794,0.2193942658786292,0.09583072489848643,1.0
NP_073210,1.4837130527561269,0.21942816807671728,0.09582411193625312,1.0
NP_006708,1.4835424769213976,0.2194792423062211,0.0958141510014684,1.0
NP_059990,1.483353099986698,0.21953595890229374,0.09580309190184214,1.0
NP_001017536,1.4832878776361884,0.21955549551962714,0.09579928303074603,1.0
NP_115904,1.4829556524957777,0.21965503479044793,0.09577988116608294,1.0
NP_001120852,1.4828057596973387,0.21969995843504514,0.09577112719176331,1.0
NP_055426,1.4827443961259823,0.21971835186792388,0.09576754341413705,1.0
NP_001837,1.4826992173939564,0.21973189488503514,0.09576490485123071,1.0
NP_060764,1.4825177925343416,0.21978628755062682,0.0957543089825616,1.0
NP_005763,1.48213352352957,0.21990153572800367,0.09573186546137456,1.0
NP_000479,1.4815651873053026,0.2200720910636683,0.09569866931285267,1.0
NP_005002,1.481013457646843,0.22023777997584923,0.09566644081142486,1.0
NP_699197,1.480444768789008,0.22040868271828815,0.09563321925826165,1.0
NP_001096045,1.480394561881425,0.22042377682606912,0.09563028616381108,1.0
NP_942127,1.4799984004927744,0.22054291158371125,0.09560714169361034,1.0
NP_060816,1.479793976208845,0.22060440993168817,0.09559519839108745,1.0
NP_003096,1.4794329005051226,0.22071307356701325,0.09557410210143076,1.0
NP_690869,1.4792549317020318,0.22076665046644978,0.09556370369432114,1.0
NP_001128647,1.4792549317020318,0.22076665046644978,0.09556370369432114,1.0
NP_115716,1.4792380511887726,0.22077173291210445,0.09556271738292506,1.0
NP_055514,1.4788611683204496,0.2208852343608497,0.09554069593615429,1.0
NP_002416,1.4786788317198536,0.22094016594222202,0.09553004153621006,1.0
NP_116175,1.478482813231298,0.22099923349225634,0.09551858738812974,1.0
NP_006387,1.478431705191372,0.22101463661793638,0.09551560089227357,1.0
NP_689541,1.478032446836208,0.221135000738004,0.09549226957062788,1.0
NP_003743,1.4779556438293873,0.22115816143785025,0.09548778132198649,1.0
NP_002964,1.4775977229740644,0.22126612558472153,0.09546686439464715,1.0
NP_115919,1.4774278035624147,0.2213173975708556,0.09545693395012043,1.0
NP_694988,1.4773514376500896,0.2213404440269669,0.09545247089604073,1.0
NP_001002860,1.4770755901073633,0.22142371050681914,0.09543634916737632,1.0
NP_996811,1.476826100237596,0.22149904569707296,0.09542176740067682,1.0
NP_001017915,1.476577375912421,0.22157417332629048,0.09540722990927888,1.0
NP_001001481,1.476532053867359,0.2215878654699884,0.09540458086657697,1.0
NP_001070731,1.476452173667089,0.22161199980753848,0.09539991188544143,1.0
NP_115662,1.476435365340799,0.2216170784446985,0.0953989294361187,1.0
NP_054880,1.4762814579107593,0.2216635865934347,0.09538993342332583,1.0
NP_005116,1.4759419482865341,0.22176621242123187,0.09537008818063877,1.0
NP_001509,1.4757816848731982,0.22181467157388662,0.09536072005433502,1.0
NP_001165419,1.4757544175738009,0.2218229174138303,0.09535912613720328,1.0
NP_060125,1.4753530464686075,0.22194432791174995,0.09533566323420811,1.0
NP_055604,1.4753527406051923,0.22194442045561583,0.09533564535392273,1.0
NP_008949,1.4752651269369863,0.22197093084070404,0.09533052357009832,1.0
NP_003695,1.4751534783486757,0.22200471802181526,0.09532399665131375,1.0
NP_068776,1.4746542940932859,0.22215583971928546,0.09529481344576239,1.0
NP_000933,1.4744501080438068,0.22221768186314014,0.0952828758210523,1.0
NP_853515,1.4744137123472594,0.22222870675539533,0.09528074793365532,1.0
NP_938080,1.4740060177169167,0.2223522391498319,0.09525691123741695,1.0
NP_006457,1.4738208524066265,0.2224083656218789,0.0952460847559447,1.0
NP_671709,1.4732537058800381,0.22258035802820772,0.09521292249736603,1.0
NP_056989,1.4731638437854677,0.22260762081841542,0.09520766784726697,1.0
NP_061174,1.4726663133591555,0.22275861983820455,0.09517857384978635,1.0
NP_115494,1.4725119904365034,0.22280547562694414,0.09516954915573225,1.0
NP_996810,1.4724001671559894,0.22283943329433648,0.09516300969784408,1.0
NP_110437,1.4717384726265892,0.22304046972643368,0.09512431167515312,1.0
NP_003055,1.4714416534485744,0.2231307039615973,0.0951069516602282,1.0
NP_612461,1.4713745759159227,0.22315110047726192,0.09510302841522511,1.0
NP_056285,1.4712547033046361,0.22318755488084951,0.09509601719570798,1.0
NP_443122,1.471172878070829,0.22321244187496345,0.09509123126379783,1.0
NP_653172,1.4710959719596133,0.2232358350650352,0.09508673300365292,1.0
NP_775844,1.4710360435069723,0.22325406558606808,0.09508322774054614,1.0
NP_003109,1.4704310468771409,0.22343818551640807,0.09504783948304801,1.0
NP_569829,1.4702361717185264,0.2234975221661552,0.09503643999994627,1.0
NP_060297,1.4697648445673988,0.22364109462475362,0.09500886790037691,1.0
NP_778243,1.4697297713115955,0.22365178180643402,0.09500681608784071,1.0
NP_001182177,1.4697297713115955,0.22365178180643402,0.09500681608784071,1.0
NP_001138765,1.4693260932909078,0.22377482062478835,0.09498319994224953,1.0
NP_065101,1.4691772961182437,0.22382018894872363,0.09497449463501276,1.0
NP_060761,1.4684346572322835,0.22404674694339594,0.09493104439922861,1.0
NP_003350,1.4683166096288742,0.22408277941678528,0.09492413729848673,1.0
NP_005919,1.4676903549660645,0.22427402493223575,0.09488749265625467,1.0
NP_001705,1.467460033864154,0.22434439825252656,0.09487401490945026,1.0
NP_699189,1.4674204592433162,0.22435649210895808,0.0948716990728979,1.0
NP_005520,1.4672380992956522,0.22441222840903874,0.09486102753939422,1.0
NP_620581,1.4670488003382272,0.22447009906804302,0.09484994967534763,1.0
NP_005517,1.4670311222582464,0.22447550414446452,0.0948489151319464,1.0
NP_004873,1.4668360467498802,0.22453515650145825,0.09483749891162217,1.0
NP_079420,1.466331175786959,0.2246896095356877,0.0948079514864228,1.0
NP_005941,1.4662054644451277,0.22472808312732828,0.09480059396700441,1.0
NP_001879,1.4662024744547983,0.22472899827926118,0.09480041897010556,1.0
NP_002677,1.4659527618939365,0.22480544041628414,0.09478580365936785,1.0
NP_001036004,1.4656954127231974,0.22488424539833457,0.09477074089519509,1.0
NP_008964,1.4655700079600464,0.22492265585316015,0.09476340071563638,1.0
NP_998734,1.4653800547775526,0.2249808484987431,0.09475228216747698,1.0
NP_004709,1.4653760305219687,0.22498208149014165,0.09475204661237789,1.0
NP_001009552,1.4651780142390378,0.22504275939274596,0.09474045580917498,1.0
NP_001243573,1.465064694775514,0.22507749054317897,0.09473382256657803,1.0
NP_067064,1.4650101346223698,0.2250942143858774,0.09473062881107137,1.0
NP_001030331,1.4644885802928818,0.2252541397456266,0.09470009775552149,1.0
NP_000986,1.4643498976951688,0.22529668194872263,0.0946919791250596,1.0
NP_006605,1.4642605881341912,0.22532408243036414,0.09468675076891339,1.0
NP_001120838,1.4640502417068584,0.2253886295959399,0.09467443643957427,1.0
NP_061918,1.4636656921304216,0.22550667708292196,0.0946519228539254,1.0
NP_115500,1.4635704799108675,0.2255359137613774,0.09464634844922976,1.0
NP_060023,1.463472354318429,0.22556604870595548,0.09464060340300798,1.0
NP_000037,1.463223203964851,0.2256425809389095,0.09462601584834353,1.0
NP_001171940,1.4627775530712328,0.2257795325852355,0.09459992217120752,1.0
NP_775813,1.4623203516639716,0.2259201135034912,0.09457315062720224,1.0
NP_057306,1.462316719657646,0.22592123060113148,0.09457293794781509,1.0
NP_899195,1.4623073768142276,0.22592410420664719,0.09457239085849252,1.0
NP_076943,1.4619763852914618,0.2260259299987454,0.09455300854567325,1.0
NP_116245,1.4619177973814044,0.2260439583165309,0.09454957764870478,1.0
NP_001158213,1.4616676000778182,0.22612096245309204,0.0945349258491666,1.0
NP_055824,1.4614575605244342,0.22618562578124035,0.09452262536074012,1.0
NP_031383,1.4613593603689106,0.22621586379185707,0.09451687437747013,1.0
NP_065875,1.4613343062988482,0.22622357909409666,0.09451540710192842,1.0
NP_705831,1.4611917972949895,0.22626746879911555,0.09450706106308264,1.0
NP_001139110,1.4609316359913387,0.22634761314308852,0.09449182432127518,1.0
NP_008875,1.459974895528759,0.2266425684300959,0.09443578695273327,1.0
NP_689813,1.459813555633519,0.22669234312926392,0.09442633640957247,1.0
NP_004273,1.4597910806619174,0.226699277644996,0.09442501991426751,1.0
NP_444252,1.4597582364797455,0.22670941186947455,0.09442309602456878,1.0
NP_660304,1.4595063520314546,0.2267871458748176,0.09440834130125172,1.0
NP_055435,1.459418351010579,0.22681430964552804,0.09440318632137784,1.0
NP_001092885,1.4590739785585685,0.22692063788253594,0.09438301288824127,1.0
NP_004276,1.4590457751544454,0.2269293479856014,0.09438136068523725,1.0
NP_003549,1.458402276302732,0.2271281645786129,0.09434366179863354,1.0
NP_059523,1.4583183168344185,0.22715411669484845,0.09433874286611629,1.0
NP_001191395,1.4580736620147428,0.22722975580769844,0.0943244089719717,1.0
NP_958834,1.4579722241005382,0.22726112383956545,0.09431846577052407,1.0
NP_004099,1.4577158200594245,0.22734043044006882,0.0943034428261226,1.0
NP_001123237,1.457570915201869,0.22738526126779537,0.09429495249919309,1.0
NP_005865,1.4575691198934322,0.2273858167534594,0.09429484730672073,1.0
NP_001784,1.4573044459578037,0.22746772310114755,0.09427933900460245,1.0
NP_775746,1.457074792293511,0.22753881407099777,0.09426588224959426,1.0
NP_203751,1.4566875514149542,0.2276587337101104,0.09424319062990984,1.0
NP_002889,1.4564112460560497,0.22774433477543804,0.09422699893726467,1.0
NP_000886,1.4561826763975403,0.2278151694585056,0.0942136041534507,1.0
NP_001963,1.4554564803548864,0.22804035540893827,0.09417104452430039,1.0
NP_060605,1.4552748887463594,0.22809669716493225,0.09416040149541481,1.0
NP_057043,1.4551711355396668,0.2281288940477411,0.09415432043928998,1.0
NP_001274,1.4550863959087872,0.22815519371108284,0.09414935372305476,1.0
NP_277045,1.455068674692505,0.22816069399420033,0.0941483150492345,1.0
NP_004229,1.454021447737514,0.22848594772720554,0.0940869308778126,1.0
NP_055767,1.4539219745501089,0.22851686488993286,0.09408109973277097,1.0
NP_001087,1.453842081068049,0.22854169929544718,0.09407641630097276,1.0
NP_001008707,1.4537630788173566,0.2285662591126917,0.09407178506638587,1.0
NP_777568,1.4536499260620963,0.2286014397011606,0.09406515179372357,1.0
NP_001159603,1.4535816502758354,0.2286226698996617,0.0940611492643772,1.0
NP_001026892,1.4532747420559422,0.2287181247443091,0.09404315695629675,1.0
NP_001008895,1.4532614580351748,0.22872225718031114,0.09404237817250724,1.0
NP_061832,1.4526928387395597,0.22889920961449056,0.09400904126546088,1.0
NP_055230,1.4526196441403354,0.22892199669134572,0.09400474984778205,1.0
NP_008975,1.4525715687719405,0.2289369647403649,0.09400193115477545,1.0
NP_000129,1.45186761651319,0.2291562403860294,0.09396065592495759,1.0
NP_002499,1.451533611969666,0.2292603478627732,0.09394107073263083,1.0
NP_056997,1.4514909867928252,0.22927363704279072,0.09393857123778465,1.0
NP_004978,1.4514867469183295,0.22927495894016267,0.09393832261531829,1.0
NP_036462,1.451481802006532,0.22927650066115512,0.09393803264991983,1.0
NP_002107,1.4512044015857417,0.22936300365733742,0.09392176582925836,1.0
NP_064545,1.4510907937674153,0.2293984391602523,0.09391510367363508,1.0
NP_066951,1.4510896844009173,0.2293987852084779,0.09391503861801452,1.0
NP_003939,1.450706122575386,0.22951845969630497,0.09389254517343555,1.0
NP_002305,1.450621620503038,0.22954483277594254,0.09388758951795555,1.0
NP_002631,1.4504406803093646,0.22960131356046726,0.0938769780306565,1.0
NP_001010872,1.4502099515721465,0.22967335448881762,0.0938634462649861,1.0
NP_055109,1.4499419776405493,0.22975705069240238,0.09384772963800984,1.0
NP_003205,1.449450878290416,0.22991050848640784,0.09381892532680142,1.0
NP_001191375,1.4492513603400476,0.22997288043431305,0.09380722253380107,1.0
NP_001071105,1.4492041219588225,0.22998765005750277,0.09380445170628476,1.0
NP_005850,1.4489814751891914,0.23005727489100317,0.0937913918478206,1.0
NP_006486,1.448779382721638,0.23012048890185877,0.09377953732331729,1.0
NP_055724,1.448543639663281,0.23019424894044646,0.09376570849981129,1.0
NP_001180412,1.447966143940936,0.2303750296199067,0.09373183048493816,1.0
NP_065983,1.4478628855910083,0.2304073676384862,0.093725772704877,1.0
NP_001230587,1.4475821935071598,0.2304952947324218,0.09370930514392081,1.0
NP_075055,1.4474890111664065,0.230524491028136,0.09370383821733563,1.0
NP_079353,1.4461782513097423,0.2309355448799615,0.0936269300910803,1.0
NP_612439,1.4461589999629176,0.23094158711938628,0.09362580043144639,1.0
NP_004985,1.445688452481822,0.23108931868243324,0.0935981880593693,1.0
NP_786924,1.4454568134820645,0.23116207525060103,0.09358459454694476,1.0
NP_006633,1.4454170450675816,0.2311745684162861,0.0935822607346927,1.0
NP_001180413,1.445371665463271,0.2311888250847029,0.09357959761468247,1.0
NP_006786,1.4451807905649523,0.23124880009267015,0.09356839587450957,1.0
NP_057737,1.4451735391277039,0.23125107885684926,0.09356797030908101,1.0
NP_000553,1.44441842994271,0.23148848504863978,0.09352365299442796,1.0
NP_000249,1.4440071375507284,0.2316178896137117,0.0934995124445231,1.0
NP_689544,1.443979016632313,0.2316267397037995,0.09349786185783002,1.0
NP_001139138,1.4429012927101554,0.23196615067368268,0.09343459919615489,1.0
NP_001025053,1.4428818892960085,0.2319722656418792,0.0934334601300111,1.0
NP_002957,1.4424065176700198,0.23212212489371,0.09340555282102836,1.0
NP_056281,1.4413199042893259,0.23246501040416198,0.09334175531775316,1.0
NP_067676,1.4404384781066095,0.2327434902752411,0.09328999821792909,1.0
NP_071926,1.4404120537119087,0.23275184359443166,0.09328844649360442,1.0
NP_653259,1.4397640093441448,0.23295679063658625,0.09325038960911572,1.0
NP_056349,1.4392188315973755,0.23312933410381,0.09321837116861893,1.0
NP_004531,1.4391617095645834,0.23314741947030262,0.09321501624489244,1.0
NP_005227,1.4389710596354792,0.2332077903449887,0.09320381870509538,1.0
NP_653324,1.4389174354166034,0.2332247734856856,0.09320066911658927,1.0
NP_005882,1.4387657931116289,0.23327280574781,0.09319176237219481,1.0
NP_001099032,1.4384625830116926,0.2333688739368544,0.09317395273507102,1.0
NP_005768,1.4383744198123025,0.2333968141262322,0.0931687741661722,1.0
NP_057540,1.4383270819520164,0.23341181744536146,0.09316599358964708,1.0
NP_073615,1.4382000147568352,0.23345209466001218,0.09315852971085424,1.0
NP_073602,1.4381622181615696,0.23346407649518996,0.09315630952949205,1.0
NP_060116,1.4381535253679094,0.23346683226304177,0.09315579891110301,1.0
NP_005821,1.4380539947301667,0.23349838734929892,0.09314995239821369,1.0
NP_849158,1.4375035027178897,0.2336729855421295,0.09311761467550803,1.0
NP_653271,1.4372297725901653,0.23375984850258452,0.09310153400333929,1.0
NP_652759,1.4369028148129164,0.23386364111173502,0.09308232564851644,1.0
NP_783328,1.436545006138653,0.23397727584905903,0.093061303910129,1.0
NP_277037,1.4363280323198755,0.23404620822720706,0.09304855593328654,1.0
NP_055519,1.4362554514420984,0.23406927126799532,0.09304429147082549,1.0
NP_001154816,1.4362370658771182,0.2340751137309527,0.09304321122743192,1.0
NP_001180240,1.4358103953555463,0.23421073636057574,0.09301814148919349,1.0
NP_008817,1.4356290647002543,0.23426839646134154,0.09300748668438752,1.0
NP_443180,1.4355006735494238,0.23430923057419423,0.09299994239962205,1.0
NP_004822,1.4354304507980384,0.2343315673072259,0.09299581604631076,1.0
NP_001032755,1.435187808528089,0.23440876298518912,0.09298155787486656,1.0
NP_940919,1.4349979210884907,0.2344691912147483,0.09297039937581625,1.0
NP_055753,1.434759522582633,0.23454507746819508,0.092956389795606,1.0
NP_060410,1.4346139581174253,0.23459142417665413,0.0929478354308258,1.0
NP_059993,1.4345071553366393,0.23462543478527587,0.0929415588654312,1.0
NP_116166,1.4345008345429915,0.23462744774032876,0.09294118740351646,1.0
NP_659001,1.4344498386643283,0.23464368875129427,0.09293819045437791,1.0
NP_057258,1.4342283468461352,0.2347142407673446,0.09292517349202029,1.0
NP_001253994,1.433670472218781,0.23489202748154,0.0928923858261355,1.0
NP_060191,1.4332746884901417,0.2350182331078733,0.09286912320423173,1.0
NP_115729,1.4331218853224617,0.2350669749102432,0.09286014171153664,1.0
NP_001065243,1.433114760993498,0.23506924768535875,0.09285972295207903,1.0
NP_056155,1.4325131362301413,0.23526124843491572,0.09282435877971824,1.0
NP_001981,1.4320688734502962,0.23540312154920628,0.09279824274981445,1.0
NP_612423,1.4319997193679959,0.23542521262549215,0.09279417738523922,1.0
NP_443087,1.4319701663782,0.235434653825037,0.09279244004100327,1.0
NP_001238774,1.4314512168414524,0.2356004976285807,0.09276193124851452,1.0
NP_002885,1.431422781867043,0.235609587861365,0.09276025951081202,1.0
NP_001698,1.4313591749145131,0.23562992321104104,0.09275651993386008,1.0
NP_056999,1.4313465885578414,0.23563394730114942,0.09275577995371881,1.0
NP_001108479,1.4310479270093288,0.23572945340993862,0.09273822061718387,1.0
NP_006690,1.4310047562492645,0.23574326151149255,0.09273568240394295,1.0
NP_056384,1.4309493420557389,0.2357609867445428,0.0927324243205056,1.0
NP_001138417,1.4307615144232975,0.23582107591347223,0.09272138080067852,1.0
NP_061967,1.4304272335364068,0.23592805267277245,0.09270172574531982,1.0
NP_001093140,1.4294766298400445,0.23623250885090244,0.09264582747255919,1.0
NP_065074,1.4292932275569095,0.23629128979400654,0.09263504209020887,1.0
NP_001137381,1.4291215910642079,0.2363463119247982,0.09262494838927741,1.0
NP_079225,1.429113066104217,0.2363490451084556,0.09262444704250665,1.0
NP_057388,1.4282848138310122,0.23661472902195493,0.09257573547972078,1.0
NP_006051,1.427878890947148,0.23674503959001642,0.0925518602421106,1.0
NP_818931,1.4265557608696513,0.23717025186232055,0.09247402874517151,1.0
NP_001026855,1.4262380801899304,0.23727244863466013,0.0924553395828551,1.0
NP_057389,1.4260715736053082,0.23732602935406147,0.09244554368886632,1.0
NP_054758,1.4259360060579869,0.23736966228991135,0.09243756784016224,1.0
NP_115575,1.4259342445805465,0.23737022927660067,0.09243746420619596,1.0
NP_001627,1.4255553043184297,0.23749223194402985,0.09241516925613312,1.0
NP_006462,1.4254860098097617,0.23751454804988212,0.09241109219529496,1.0
NP_001054,1.425202426505297,0.2376058953094459,0.09239440670524723,1.0
NP_036348,1.4251281254547747,0.2376298343330451,0.09239003487452445,1.0
NP_001035173,1.4246701280951144,0.23777744513840576,0.09236308564551815,1.0
NP_001001520,1.424567458457573,0.23781054670424684,0.09235704419552176,1.0
NP_689497,1.424564453890959,0.23781151546574333,0.09235686739482635,1.0
NP_203124,1.4242674073359443,0.2379073099577643,0.09233938764952601,1.0
NP_001193496,1.4241019221370035,0.23796069259263525,0.09232964935826192,1.0
NP_640338,1.423965106820968,0.23800483511546497,0.0923215980429861,1.0
NP_068814,1.4237741204469367,0.2380664681111331,0.09231035862743038,1.0
NP_001129611,1.4235061794996882,0.23815295968941658,0.09229459001947019,1.0
NP_001809,1.423366182258596,0.2381981623796895,0.09228635081593829,1.0
NP_443097,1.4226626782376735,0.23842543074025563,0.09224494550121612,1.0
NP_001104740,1.4226294107671527,0.23843618278159012,0.09224298742301076,1.0
NP_060915,1.4220038809455,0.23863843666932658,0.09220616801312326,1.0
NP_001918,1.42179715006586,0.23870531396091046,0.09219399893739284,1.0
NP_001231496,1.4215813340095986,0.23877514862241409,0.0921812947207009,1.0
NP_005369,1.4215115705314127,0.23879772698369137,0.09217718795139014,1.0
NP_115664,1.421256359521483,0.2388803405430146,0.0921621641186169,1.0
NP_116231,1.42113904826483,0.23891832378790354,0.09215525804008198,1.0
NP_001129494,1.4210631605904496,0.2389428977799731,0.09215079049945597,1.0
NP_001095896,1.4210241210805603,0.23895554047944656,0.09214849220928327,1.0
NP_620137,1.420805637857842,0.23902630620863305,0.09213562969562272,1.0
NP_644670,1.4207710328283056,0.23903751638259468,0.09213359239973898,1.0
NP_066967,1.42062773869416,0.23908394112506348,0.09212515617178511,1.0
NP_003176,1.4204808550620278,0.23913153737368495,0.09211650845477568,1.0
NP_001193600,1.420166519074479,0.2392334241364433,0.09209800149160241,1.0
NP_115910,1.4198639430050481,0.23933153667869855,0.09208018619704782,1.0
NP_001107609,1.4195683933269914,0.2394274064426316,0.09206278393248195,1.0
NP_003208,1.4195625006756871,0.23942931824568792,0.09206243696041841,1.0
NP_597734,1.419116940881964,0.23957391550927964,0.09203620066719534,1.0
NP_001344,1.4186063205400616,0.23973972518036893,0.09200613149129115,1.0
NP_064632,1.4185938858221048,0.23974376431763758,0.09200539921649709,1.0
NP_009176,1.4184205976751456,0.2398000595441598,0.09199519423468194,1.0
NP_001142,1.4183414129317087,0.23982578791269238,0.09199053094920541,1.0
NP_006355,1.4182821186709356,0.23984505520565147,0.09198703900698843,1.0
NP_937784,1.417816435918142,0.23999642514186592,0.09195961320535136,1.0
NP_056245,1.4177844279523775,0.24000683252662294,0.09195772807550355,1.0
NP_001786,1.4175704633029025,0.24007641371153401,0.09194512628802454,1.0
NP_031375,1.41717157508685,0.2402061812515234,0.09192163219983279,1.0
NP_612157,1.417017226242246,0.24025641172179546,0.09191254089216781,1.0
NP_001106190,1.4167429524447956,0.24034569366026642,0.09189638543075841,1.0
NP_056972,1.4165016815089975,0.240424257577112,0.09188217345106194,1.0
NP_689672,1.4161553483462563,0.24053707350446252,0.09186177204021045,1.0
NP_000980,1.4161424488136656,0.2405412763848544,0.09186101215110676,1.0
NP_001074248,1.4160025789966124,0.24058685259345847,0.09185277258099525,1.0
NP_006222,1.41598402195375,0.24059289995049807,0.09185167939570131,1.0
NP_001164188,1.415901818734058,0.24061968995548108,0.09184683681712308,1.0
NP_004635,1.415675547213405,0.24069344587941605,0.09183350693115148,1.0
NP_036333,1.4156512100228122,0.24070138011183756,0.09183207317913343,1.0
NP_001177693,1.415520890539451,0.24074386998722333,0.0918243957236736,1.0
NP_004821,1.4153826173386654,0.2407889606298353,0.09181624955235908,1.0
NP_001245308,1.4148101151597139,0.2409757348251448,0.09178251983579852,1.0
NP_001958,1.4147023244130783,0.24101091551040882,0.09177616892235017,1.0
NP_006135,1.4146046791264384,0.24104278898324558,0.09177041569168579,1.0
NP_065878,1.4143322547824555,0.24113173440604604,0.09175436414663014,1.0
NP_065138,1.4142943096694485,0.2411441257113384,0.09175212833339098,1.0
NP_004771,1.41369129612116,0.24134112322666496,0.09171659591216252,1.0
NP_001014448,1.4135032503570937,0.24140258570331996,0.09170551479426625,1.0
NP_542164,1.4135009505694887,0.24140333747409246,0.0917053792712332,1.0
NP_056324,1.4133974461212935,0.2414371739547809,0.09169927986752639,1.0
NP_004112,1.4127537330843112,0.2416477066192503,0.09166134472464571,1.0
NP_055569,1.4126034050871503,0.24169689704909889,0.09165248517462664,1.0
NP_068781,1.412448375171929,0.2417476356375412,0.09164334833700116,1.0
NP_057197,1.4124398306186516,0.24175043240413813,0.09164284475016546,1.0
NP_000484,1.412209485393848,0.2418258391711286,0.09162926877760118,1.0
NP_001122405,1.4119244656360035,0.24191917419947093,0.09161246986281137,1.0
NP_001150,1.4118789009416957,0.24193409826162998,0.0916097842460614,1.0
NP_008841,1.411488729823579,0.24206192769699708,0.09158678662186172,1.0
NP_001181885,1.41026503504111,0.24246324026335023,0.09151465155429413,1.0
NP_110414,1.4099803786434109,0.24255668094065838,0.09149786982191702,1.0
NP_008955,1.409921348635483,0.24257606212132832,0.09149438966866168,1.0
NP_001191421,1.4096354118010277,0.24266996311664488,0.0914775316956233,1.0
NP_057731,1.4093748673229602,0.24275555425570478,0.0914621702345416,1.0
NP_057616,1.4092046642979552,0.24281148233977723,0.09145213494133043,1.0
NP_001139746,1.4087196246008549,0.24297092920864324,0.09142353543455732,1.0
NP_079018,1.4086311233291628,0.24300003251241822,0.09141831691956397,1.0
NP_612638,1.4085369819674518,0.24303099403566508,0.09141276576847346,1.0
NP_002118,1.4076827039521946,0.243312116682181,0.09136238920542619,1.0
NP_998766,1.4074108523332964,0.2434016389225021,0.09134635701105866,1.0
NP_001899,1.4073010546254971,0.24343780444745056,0.09133988163377937,1.0
NP_001264,1.406397080008904,0.2437357452250289,0.0912865657496147,1.0
NP_001002814,1.4063280346990839,0.24375851554272202,0.09128249324119708,1.0
NP_071738,1.4058865719199567,0.24390415063572973,0.09125645352228162,1.0
NP_001138347,1.4053379332471165,0.24408525299238965,0.09122408994444567,1.0
NP_112581,1.404748246425724,0.24428004205963785,0.09118930241210912,1.0
NP_001257475,1.403670759233655,0.24463633119556544,0.09112573107888784,1.0
NP_001136202,1.4030016682855175,0.2448578160706623,0.09108625049195902,1.0
NP_001186512,1.4029427284529081,0.2448773353170135,0.091082772505629,1.0
NP_079016,1.402624667253181,0.24498269293279704,0.09106400354189229,1.0
NP_004050,1.4024498311438285,0.24504062493439274,0.09105368603818262,1.0
NP_570602,1.4024299799688769,0.24504720341828215,0.09105251455729786,1.0
NP_056265,1.402415458499519,0.2450520157923404,0.09105165759735585,1.0
NP_001095,1.402356838277714,0.2450714432459958,0.09104819820773126,1.0
NP_036382,1.4019830402308096,0.24519535753391852,0.09102613842443241,1.0
NP_009131,1.4019221555041368,0.2452155462753352,0.0910225451959667,1.0
NP_004131,1.401828589878913,0.24524657462036442,0.09101702318646136,1.0
NP_001245258,1.4018262930342393,0.2452473363478237,0.0910168876315818,1.0
NP_777565,1.4017759020273854,0.24526404860632753,0.09101391365153322,1.0
NP_060386,1.4017321894141144,0.2452785468069273,0.0910113338016324,1.0
NP_001075019,1.4014685497084307,0.24536600500769756,0.0909957738890401,1.0
NP_002260,1.4007288092876193,0.24561155391593878,0.09095211185349165,1.0
NP_002104,1.4003893921045705,0.24572429485912256,0.09093207687479113,1.0
NP_001139643,1.400305909971622,0.24575203155265274,0.09092714899026327,1.0
NP_001074419,1.4001485112372574,0.24580433459209855,0.09091785772167,1.0
NP_002138,1.399665113333008,0.2459650295083981,0.09088932149058097,1.0
NP_003053,1.3996581760712847,0.24596733634485143,0.09088891195300293,1.0
NP_055242,1.399321610789352,0.24607927757067768,0.09086904255632491,1.0
NP_060341,1.3992390007046192,0.2461067606941157,0.09086416547211158,1.0
NP_803183,1.3985998952435217,0.24631947605726953,0.09082643258206459,1.0
NP_003661,1.3985642867318975,0.24633133267542157,0.09082433015764749,1.0
NP_150366,1.3985212994611311,0.24634564690347882,0.0908217920580512,1.0
NP_036269,1.398503205487841,0.2463516721991142,0.09082072373043577,1.0
NP_001003793,1.3985027303779642,0.2463518304125815,0.0908206956783542,1.0
NP_115512,1.398175908037776,0.24646068550950578,0.0908013985804601,1.0
NP_078782,1.3980735050817605,0.24649480200825885,0.09079535206922863,1.0
NP_000590,1.397530644717278,0.24667573295816766,0.09076329685349607,1.0
NP_008993,1.3974952129004234,0.24668754630520512,0.09076120457108933,1.0
NP_001230903,1.3968895949757936,0.24688954560738657,0.09072544076899902,1.0
NP_078894,1.3967661847598372,0.2469307266544425,0.09071815263015397,1.0
NP_057336,1.3966934981141825,0.24695498456458395,0.09071385997813439,1.0
NP_003627,1.3956919000330688,0.2472894719566596,0.09065470451705203,1.0
NP_060227,1.3955430415808086,0.24733921903403905,0.0906459121196101,1.0
NP_001254500,1.3952738574453616,0.24742920097861218,0.09063001219498203,1.0
NP_690008,1.39518221901681,0.2474598403655692,0.09062459925244788,1.0
NP_777573,1.394528244137528,0.24767859787000418,0.09058596808048251,1.0
NP_653267,1.3939203689443098,0.24788209289553695,0.09055005713530935,1.0
NP_612457,1.3938465734462915,0.24790680737815973,0.09054569738603312,1.0
NP_612142,1.3937502504203032,0.24793906982198244,0.090540006674608,1.0
NP_848018,1.3935518701010121,0.24800552740279633,0.09052828625001849,1.0
NP_001146,1.393497454212503,0.24802375961041323,0.09052507127489504,1.0
NP_056132,1.3933861801273408,0.24806104613151544,0.09051849695853045,1.0
NP_002622,1.393163609537767,0.2481356420152613,0.09050534671602845,1.0
NP_055436,1.3930736827224468,0.24816578733138328,0.09050003341997027,1.0
NP_001560,1.393069260664015,0.2481672697823164,0.09049977214251304,1.0
NP_004226,1.3930581136541254,0.24817100674188874,0.09049911352042771,1.0
NP_001008529,1.3927633595613467,0.24826983966327154,0.09048169760215406,1.0
NP_055952,1.3927525863083987,0.2482734526828396,0.09048106103824657,1.0
NP_000921,1.3925383638930928,0.2483453062791713,0.09046840299970452,1.0
NP_076952,1.3919125967671342,0.2485553070346017,0.09043142546557116,1.0
NP_061887,1.3918718889469375,0.24856897374723852,0.09042901987421398,1.0
NP_775266,1.3911554084428155,0.2488096276632659,0.09038667803196224,1.0
NP_003106,1.3911023373659825,0.24882746179842646,0.09038354153417019,1.0
NP_001193814,1.39105757486037,0.24884250480619657,0.09038089605567534,1.0
NP_079351,1.3908860311825901,0.24890016190636308,0.09037075762659771,1.0
NP_000482,1.3905890044295568,0.24900002357582746,0.09035320246868603,1.0
NP_001107000,1.3899742839099187,0.24920681118333166,0.0903168685189503,1.0
NP_066972,1.3899354329567832,0.24921988562112216,0.09031457207938023,1.0
NP_001095886,1.389861885662982,0.24924463806359376,0.09031022474332676,1.0
NP_001238936,1.3894222813174368,0.24939263420055383,0.09028423912989758,1.0
NP_001034229,1.3894018168929583,0.2493995256533441,0.09028302941364562,1.0
NP_001166161,1.3886759482054543,0.24964407617597276,0.09024011896016267,1.0
NP_067058,1.388462593352086,0.24971599851301846,0.09022750550480009,1.0
NP_001245303,1.3883932748367591,0.24973936997998614,0.09022340734604645,1.0
NP_001078935,1.3882577906374889,0.24978505565410988,0.09021539731951538,1.0
NP_004578,1.3880322541757484,0.24986112409501404,0.09020206295701567,1.0
NP_054767,1.3877867074913284,0.24994396551964188,0.09018754508832022,1.0
NP_001106189,1.387742579104197,0.24995885600478035,0.0901849359625163,1.0
NP_001258137,1.3876031161336988,0.2500059210738499,0.09017669000565888,1.0
NP_002575,1.3874929178046664,0.2500431158050063,0.090170174258811,1.0
NP_055501,1.3872959539986163,0.25010960863390347,0.0901585280575634,1.0
NP_001159907,1.3870644265124656,0.25018779036392774,0.09014483777181724,1.0
NP_065876,1.3870255108941443,0.25020093349425615,0.09014253663985405,1.0
NP_065389,1.386991328968547,0.2502124784137072,0.0901405154077982,1.0
NP_006615,1.3866898996785006,0.25031430692118567,0.09012269102189908,1.0
NP_065838,1.3866802137706284,0.2503175796292214,0.09012211825456606,1.0
NP_057512,1.3866533022177814,0.2503266728021578,0.0901205268606341,1.0
NP_001613,1.386627554598632,0.2503353729737396,0.09011900428981318,1.0
NP_079143,1.3864540521070934,0.2503940069859279,0.09010874418574863,1.0
NP_004435,1.3860991010368537,0.25051399928111345,0.09008775336325797,1.0
NP_116027,1.3857353310071874,0.25063702714811775,0.09006624000703342,1.0
NP_005733,1.3854931072551948,0.250718978274535,0.09005191433232977,1.0
NP_004330,1.3846875822239297,0.2509916855080105,0.09000427046850477,1.0
NP_115714,1.3845536850981681,0.2510370419873434,0.08999635045892032,1.0
NP_000932,1.3844735206807623,0.2510642005506534,0.08999160867088937,1.0
NP_001243657,1.384461540384267,0.25106825953412754,0.08999090002273077,1.0
NP_002544,1.384415059974172,0.25108400789120094,0.0899881506431806,1.0
NP_663304,1.3838139879962177,0.25128774231487805,0.08995259492060871,1.0
NP_001008530,1.3837219124137692,0.25131896477791893,0.08994714804986083,1.0
NP_036337,1.383663141527149,0.25133889559637684,0.08994367133482303,1.0
NP_002846,1.3835520148024358,0.25137658564410875,0.08993709732779193,1.0
NP_002903,1.3831257532056003,0.2515212053931785,0.08991187976977817,1.0
NP_006315,1.3828728881565606,0.25160703184839767,0.0898969196593472,1.0
NP_001180242,1.3828218415788212,0.251624361106969,0.0898938995601664,1.0
NP_001130027,1.3826448498978887,0.25168445453320637,0.08988342794035625,1.0
NP_009090,1.3824945487949152,0.2517354960396287,0.08987453526536247,1.0
NP_055939,1.3824473410918308,0.25175152948319673,0.08987174215112288,1.0
NP_660344,1.3824157949873874,0.2517622441989954,0.0898698756691956,1.0
NP_751911,1.3823263730859972,0.2517926188325734,0.08986458482018769,1.0
NP_055152,1.382163776698025,0.25184785775293617,0.08985496427959137,1.0
NP_001073919,1.3819856743719467,0.25190837715674796,0.08984442604666344,1.0
NP_001193813,1.3816941054627707,0.2520074812001126,0.08982717352128756,1.0
NP_002327,1.3813260243089434,0.2521326423215901,0.08980539272920095,1.0
NP_995325,1.381247908050512,0.25215921198983826,0.08980077015256804,1.0
NP_057183,1.3811176837727506,0.2522035108080814,0.08979306394813197,1.0
NP_001032852,1.380984972108755,0.25224866304799753,0.08978521041487107,1.0
NP_002600,1.3809238295174902,0.2522694679497034,0.0897815921087499,1.0
NP_078963,1.3806225531781826,0.25237200560027595,0.08976376270887011,1.0
NP_078920,1.379540597334808,0.25274055539852003,0.08969972728404346,1.0
NP_006758,1.3794909103460082,0.2527574921662497,0.08969678634928055,1.0
NP_005558,1.3793023960220667,0.2528217602883447,0.08968562815819457,1.0
NP_002968,1.3789911682704878,0.25292789625434464,0.08966720594232366,1.0
NP_000700,1.3788430405162786,0.25297842551524546,0.08965843769155148,1.0
NP_005617,1.3782782261835762,0.25317117886640583,0.08962500261159753,1.0
NP_115956,1.3782166094683501,0.2531922147830385,0.08962135496386386,1.0
NP_060674,1.3780313871092713,0.2532554591693714,0.08961038980999968,1.0
NP_005068,1.3778293980140353,0.25332444493830913,0.08959843176514713,1.0
NP_008880,1.3775909377816924,0.2534059087483356,0.08958431417219227,1.0
NP_001120680,1.3775741079853583,0.2534116591148099,0.08958331777897292,1.0
NP_950245,1.3775469859967648,0.2534209263435612,0.08958171204101661,1.0
NP_055755,1.3770673478921258,0.25358486328544005,0.08955331447390025,1.0
NP_004695,1.3768995274986764,0.25364224586699063,0.08954337804161056,1.0
NP_647611,1.3768694906129357,0.2536525175798109,0.08954159957288241,1.0
NP_001157281,1.3762505785953636,0.2538642510241207,0.08950495256048858,1.0
NP_055567,1.3760748696010436,0.25392439135578354,0.08949454794354478,1.0
NP_478126,1.3759687218831949,0.25396072905490014,0.0894882622858686,1.0
NP_079527,1.3759393472454524,0.2539707857506811,0.08948652281799929,1.0
NP_056272,1.3759330299721733,0.2539729485785002,0.08948614872932126,1.0
NP_079037,1.3758696500790977,0.2539946487074235,0.08948239555816079,1.0
NP_001008712,1.375725400155661,0.25404404354959303,0.08947385338591787,1.0
NP_001017964,1.3751632445107405,0.25423662319247275,0.08944056220032028,1.0
NP_001026973,1.3750324107837932,0.25428146237691346,0.08943281380137896,1.0
NP_055362,1.3749125905262487,0.25432253333739097,0.08942571754023791,1.0
NP_001116428,1.3741742224865,0.2545757577540613,0.0893819858289762,1.0
NP_036359,1.3740353859844707,0.25462339749934765,0.08937376241745168,1.0
NP_079175,1.3737012834376103,0.2547380731492361,0.08935397261279737,1.0
NP_001138462,1.3735428792311692,0.25479245938173944,0.08934458959923625,1.0
NP_001116801,1.3733873988744942,0.25484585199484155,0.08933537959077528,1.0
NP_001157871,1.3733870268188137,0.25484597977251927,0.08933535755152362,1.0
NP_001231634,1.3728033569963687,0.2550465051900043,0.08930078171926839,1.0
NP_001078,1.3723326237130755,0.255208334480231,0.08927289418628252,1.0
NP_004640,1.3722284095825386,0.25524417394427645,0.08926672002395807,1.0
NP_009126,1.3721030596906925,0.2552872880932058,0.0892592935633298,1.0
NP_061153,1.3718731711293382,0.25536637553728364,0.08924567330583494,1.0
NP_116082,1.3713270442658847,0.25555434606094046,0.0892133151755069,1.0
NP_031382,1.3712892236028296,0.2555673681410442,0.089211074208219,1.0
NP_000791,1.3712092762751045,0.2555948968876133,0.08920633709616559,1.0
NP_079133,1.3709694665682606,0.255677488153309,0.08919212737687808,1.0
NP_001238965,1.370859942054367,0.25571521681666703,0.08918563744789067,1.0
NP_056052,1.370255631073133,0.25592347881544963,0.0891498270401547,1.0
NP_060351,1.3700408696333974,0.2559975284983635,0.08913709997610927,1.0
NP_071927,1.3699742032204103,0.25602051901122735,0.0891331491586606,1.0
NP_001092260,1.3696431592928213,0.256134710234031,0.08911353016447263,1.0
NP_004655,1.369582840729118,0.2561555216639359,0.08910995535283804,1.0
NP_001311,1.3695509141507225,0.2561665377616369,0.08910806319589848,1.0
NP_109590,1.369539917547739,0.2561703321810619,0.08910741147066512,1.0
NP_054762,1.3691024975260144,0.25632130696279126,0.08908148655696721,1.0
NP_001036038,1.3689013560347394,0.25639075769084524,0.08906956485196177,1.0
NP_085135,1.3686143881293218,0.25648987235907245,0.08905255565436243,1.0
NP_000531,1.3682322868236818,0.2566218986957274,0.08902990671196245,1.0
NP_004956,1.3676021548344144,0.25683976095571154,0.08899255336358294,1.0
NP_000713,1.3674587777927147,0.25688935564466486,0.08898405374405871,1.0
NP_112740,1.3672425319180812,0.2569641723754924,0.08897123404399263,1.0
NP_001072987,1.3669819715370002,0.25705434727681753,0.08895578676860226,1.0
NP_001164187,1.3669612882170434,0.2570615066021025,0.08895456053925194,1.0
NP_060282,1.3667880519450815,0.2571214777105722,0.08894428994041331,1.0
NP_060662,1.3666190280420447,0.2571800028006158,0.08893426885563742,1.0
NP_569827,1.3665234540084616,0.25721310097262595,0.08892860236724495,1.0
NP_061960,1.3664223621296983,0.25724811422738636,0.08892260865464849,1.0
NP_001020376,1.3662620286360638,0.2573036547235509,0.08891310235956815,1.0
NP_001010883,1.3661361447963918,0.257347269266955,0.08890563847171315,1.0
NP_001265048,1.3661022524483044,0.2573590129777434,0.08890362891022945,1.0
NP_079413,1.3658684408508435,0.25744004201483606,0.08888976539846077,1.0
NP_001243340,1.3657356237892908,0.25748608098953635,0.08888189001995152,1.0
NP_003121,1.3645920947056924,0.2578827763930992,0.08881407890912388,1.0
NP_079108,1.3645182759171501,0.2579084034832538,0.0888097011187094,1.0
NP_000057,1.364265617431357,0.2579961344147078,0.08879471700121767,1.0
NP_001138247,1.3640455444463768,0.2580725726723348,0.08878166499183784,1.0
NP_872294,1.3639231509234881,0.25811509266384025,0.08877440595903435,1.0
NP_659412,1.363914690424629,0.258118032108952,0.08877390417135499,1.0
NP_068598,1.3639059613340379,0.25812106490312053,0.08877338645306385,1.0
NP_438171,1.363696361607283,0.25819389694079115,0.08876095501438427,1.0
NP_000353,1.3636694847423068,0.25820323750203333,0.08875936091287114,1.0
NP_112202,1.363576558849076,0.2582355345499705,0.08875384931535919,1.0
NP_001030177,1.3635184699325018,0.258255725620426,0.08875040392609317,1.0
NP_066928,1.3632385595949497,0.25835303943471705,0.08873380142519195,1.0
NP_942559,1.3626207220731452,0.2585679548190694,0.08869715309155031,1.0
NP_004035,1.3624472930438472,0.25862831137560083,0.08868686525360885,1.0
NP_009039,1.3618507400155733,0.25883602046619925,0.0886514758581877,1.0
NP_056168,1.3611538075487986,0.2590788712005,0.08861012815846547,1.0
NP_631961,1.3609534535291272,0.259148724056067,0.08859824083487816,1.0
NP_055547,1.3608143471621827,0.2591972331219631,0.08858998724983513,1.0
NP_064555,1.3604305640598227,0.2593311083020267,0.08856721550780902,1.0
NP_060391,1.3601081744605492,0.2594436159420628,0.08854808566530924,1.0
NP_061742,1.3600949526403472,0.25944823104078296,0.08854730109637451,1.0
NP_005612,1.3600257761239845,0.2594723784324671,0.08854319621247278,1.0
NP_008835,1.3598189983051003,0.2595445703313361,0.08853092594744454,1.0
NP_001230022,1.3595294420326594,0.2596456930504714,0.0885137430260195,1.0
NP_076922,1.3594526311424517,0.25967252396219337,0.08850918478605532,1.0
NP_055787,1.359154953847148,0.25977652971388404,0.088491519092768,1.0
NP_660095,1.359075821631454,0.25980418413619216,0.08848682286712564,1.0
NP_001180414,1.358485824385969,0.2600104551211094,0.0884518070283326,1.0
NP_116020,1.3584558012726242,0.26002095556755456,0.0884500251099502,1.0
NP_037428,1.3582636495935645,0.2600881688252118,0.08843862044453896,1.0
NP_065802,1.3581929922559595,0.260112888200379,0.08843442668944189,1.0
NP_005981,1.357417927839553,0.2603841830375472,0.08838842142720221,1.0
NP_001263991,1.3573661148268263,0.2604023282080037,0.08838534581241453,1.0
NP_000388,1.3568858695063861,0.26057056691569774,0.08835683751487047,1.0
NP_004494,1.3567509315368051,0.26061785584331576,0.08834882701330823,1.0
NP_001186506,1.356442356247105,0.260726025037981,0.0883305081202805,1.0
NP_852124,1.3560638625845551,0.2608587591464379,0.08830803744497578,1.0
NP_001002019,1.3560132318639218,0.26087651949002966,0.08830503148109936,1.0
NP_690618,1.355690614386727,0.2609897135705085,0.08828587710126057,1.0
NP_003218,1.35544135143122,0.26107720078237123,0.08827107736013627,1.0
NP_004611,1.355154235514357,0.2611780066308234,0.08825402954143385,1.0
NP_997281,1.3549693412678192,0.2612429412762737,0.08824305090770977,1.0
NP_001076582,1.3549588153439556,0.26124663840771384,0.08824242589240734,1.0
NP_808818,1.3546313219606185,0.26136169100600554,0.0882229793445569,1.0
NP_001553,1.3543644174994853,0.2614554918257294,0.08820712995165761,1.0
NP_004844,1.3540083405373036,0.2615806787895416,0.08818598443524883,1.0
NP_001027392,1.3539377889658712,0.2616054892321941,0.0881817946363493,1.0
NP_919257,1.3538781793454653,0.26162645344344043,0.08817825460975365,1.0
NP_004097,1.3534004065237157,0.2617945370755944,0.08814988020169469,1.0
NP_057691,1.3526195713924092,0.26206945016176547,0.08810350345115288,1.0
NP_060286,1.3525729101967703,0.2620858866945953,0.08810073191695622,1.0
NP_003000,1.3523803348797776,0.2621537317302471,0.0880892933460776,1.0
NP_789847,1.3522850454375281,0.2621873084422567,0.08808363324646627,1.0
NP_001766,1.352215681190165,0.26221175245416734,0.0880795130338695,1.0
NP_003791,1.352182844181335,0.2622233249585277,0.08807756251377823,1.0
NP_689741,1.3521822139393878,0.26222354707455536,0.08807752507729102,1.0
NP_001158220,1.3521696691722882,0.2622279682593502,0.08807677991518642,1.0
NP_001128342,1.351712116893147,0.26238927063757483,0.08804960037035293,1.0
NP_008910,1.3515815901946053,0.26243530206869436,0.08804184651944201,1.0
NP_067062,1.3513266271735231,0.2625252381517018,0.08802670023198697,1.0
NP_937883,1.3508010380473519,0.2627107232165221,0.08799547559110152,1.0
NP_006216,1.3507761373164904,0.26271951384220343,0.08799399621448874,1.0
NP_001143,1.3506396817256872,0.26276769104299885,0.08798588917005001,1.0
NP_001092878,1.350551609989849,0.2627987900104982,0.0879806566111237,1.0
NP_783161,1.3502588398350592,0.2629021938353935,0.08796326198298608,1.0
NP_004920,1.349707765161599,0.26309692822833824,0.08793051866596162,1.0
NP_057424,1.3494648117595989,0.26318282254587727,0.08791608230703526,1.0
NP_006273,1.349321406834673,0.26323353414645156,0.08790756093190244,1.0
NP_001137472,1.3492532111819517,0.2632576529463673,0.0879035085693302,1.0
NP_006471,1.3492416801760472,0.2632617313218241,0.08790282336349087,1.0
NP_001093131,1.3492004069336958,0.2632763296294183,0.08790037077919848,1.0
NP_056147,1.3491215316637877,0.2633042297728778,0.08789568372891426,1.0
NP_079491,1.3489718061995501,0.26335719873626484,0.08788678637449134,1.0
NP_002206,1.3489265234226204,0.2633732204966335,0.08788409543586943,1.0
NP_009185,1.3482254591754856,0.26362138040393157,0.08784243251844394,1.0
NP_064578,1.3480884121338133,0.26366991642910015,0.08783428762816145,1.0
NP_659540,1.347996018524536,0.26370264272869665,0.08782879646942493,1.0
NP_001186743,1.3478668972281698,0.26374838431108594,0.08782112239138552,1.0
NP_001010888,1.3477817357908406,0.2637785569100384,0.08781606091307842,1.0
NP_542196,1.3477267263640715,0.26379804834303683,0.08781279145718487,1.0
NP_000678,1.3473472978995813,0.2639325262558238,0.08779023969073647,1.0
NP_000119,1.347073993332981,0.2640294298318374,0.08777399482912328,1.0
NP_000691,1.347050482231553,0.26403776748902863,0.08777259733335312,1.0
NP_003462,1.3466032658158364,0.2641964074976173,0.08774601405220141,1.0
NP_079412,1.3465868822946006,0.2642022208181685,0.08774504015926572,1.0
NP_001165285,1.3464547617346567,0.2642491050191137,0.08773718638209203,1.0
NP_444271,1.3459770498835768,0.2644186881486734,0.08770878814091466,1.0
NP_002707,1.345544313815666,0.2645723900818895,0.08768306202108883,1.0
NP_060212,1.3452574408933593,0.26467432785597234,0.08766600665221823,1.0
NP_001153416,1.3450506398782556,0.26474783476206765,0.08765371137862388,1.0
NP_055971,1.3449669257058856,0.26477759599345785,0.08764873409096753,1.0
NP_078875,1.3446687864693387,0.2648836120146292,0.0876310075623818,1.0
NP_001093214,1.3446541712780768,0.26488881004891845,0.08763013856610617,1.0
NP_000108,1.3436732718432842,0.2652378868502653,0.08757181204509994,1.0
NP_112553,1.343474598296645,0.2653086401554635,0.08755999755399538,1.0
NP_003783,1.3433951533010289,0.26533693754428095,0.08755527312428021,1.0
NP_001164655,1.3432088311390271,0.2654033140232343,0.0875441927384177,1.0
NP_004746,1.3431545668596518,0.2654226482581135,0.08754096564736367,1.0
NP_001035830,1.343076583849198,0.26545043564554066,0.08753632796586441,1.0
NP_775840,1.3428712206911635,0.2655236244657855,0.08752411470938946,1.0
NP_001240,1.3428597070804293,0.2655277283090781,0.08752342996793004,1.0
NP_001180583,1.3423272022365569,0.2657175936973616,0.0874917595318184,1.0
NP_002638,1.342086092279308,0.26580360206777215,0.08747741892510265,1.0
NP_057630,1.3419201613395937,0.2658628072771782,0.08746754951320407,1.0
NP_444505,1.3417570428124657,0.26592102058979444,0.08745784717279644,1.0
NP_001243655,1.3415311035862152,0.26600167217289317,0.08744440789698103,1.0
NP_006701,1.3411297506816942,0.26614499405313463,0.08742053372060812,1.0
NP_071904,1.3410371911959624,0.2661780566363893,0.08741502771178779,1.0
NP_057532,1.3408559476739463,0.2662428082022277,0.08740424603734404,1.0
NP_001136171,1.3407742013519435,0.26627201776732545,0.08739938309200751,1.0
NP_872313,1.3406139905234673,0.2663292726191659,0.08738985228046413,1.0
NP_001059,1.3405614994353439,0.2663480338737327,0.08738672958513853,1.0
NP_001136113,1.3401150479003328,0.2665076518050469,0.08736016931527256,1.0
NP_598000,1.3400150115518943,0.2665434291997786,0.08735421774638337,1.0
NP_004285,1.339994138826961,0.2665508947493762,0.08735297593336826,1.0
NP_001028740,1.3398538926747914,0.2666010614919632,0.08734463196644975,1.0
NP_065090,1.339236402449136,0.2668220420260155,0.08730789247340284,1.0
NP_689837,1.3391511696282907,0.2668525571608349,0.08730282105047812,1.0
NP_065962,1.3387954149989791,0.2669799587270806,0.08728165274894036,1.0
NP_060959,1.3387838527850733,0.26698410026488634,0.0872809647514519,1.0
NP_115865,1.338363674631175,0.2671346456448977,0.08725596178455174,1.0
NP_064576,1.338318101704675,0.2671509785382447,0.08725324985638008,1.0
NP_001154481,1.3380900907526894,0.26723270895641216,0.08723968126640627,1.0
NP_003970,1.338050790634701,0.26724679834089715,0.08723734253453544,1.0
NP_002783,1.3380047948622962,0.2672632890172226,0.08723460533214084,1.0
NP_037453,1.3377666184965968,0.2673486960809101,0.08722043122518995,1.0
NP_056193,1.337529621015432,0.2674337048147078,0.08720632683784704,1.0
NP_757385,1.33703135406839,0.2676125078221425,0.08717667214742449,1.0
NP_002941,1.3363926502357577,0.2678418640491939,0.08713865644377682,1.0
NP_001121070,1.335353752269922,0.2682153066931395,0.08707681438859954,1.0
NP_612401,1.3353202844639367,0.26822734483391353,0.0870748220248609,1.0
NP_116189,1.3352778924568474,0.26824259364706987,0.08707229838421428,1.0
NP_079222,1.334675138824603,0.2684594943902476,0.08703641431864756,1.0
NP_116296,1.3342794946984093,0.26860195264741094,0.0870128586843429,1.0
NP_005026,1.3342607076820305,0.2686087189175722,0.0870117401234481,1.0
NP_005608,1.3341286027124417,0.2686563017424344,0.08700387464315698,1.0
NP_006001,1.333886019103666,0.26874369757260486,0.08698943095323973,1.0
NP_443714,1.3338351355591136,0.26876203268253407,0.08698640123408881,1.0
NP_005099,1.33368422367967,0.2688164181001399,0.08697741548766687,1.0
NP_064583,1.3332934665583402,0.26895728464812524,0.08695414781346429,1.0
NP_653198,1.3331397368394107,0.26901272186944364,0.08694499363600061,1.0
NP_620156,1.3330533589276778,0.2690438755400254,0.08693984999090262,1.0
NP_002791,1.3321240734421822,0.26937924363371585,0.08688450909092536,1.0
NP_002139,1.3321146319105852,0.2693826528996282,0.08688394679348849,1.0
NP_009298,1.3319441235217686,0.26944422887510533,0.08687379192038297,1.0
NP_612367,1.3316353122464355,0.26955578263531965,0.08685539964433978,1.0
NP_071739,1.3316022103271679,0.2695677427065042,0.08685342810617781,1.0
NP_963891,1.3315801917598373,0.26957569851057434,0.08685211668367444,1.0
NP_443070,1.330922460434315,0.2698134490562897,0.0868129405695664,1.0
NP_071376,1.3308714729359408,0.26983188741333125,0.08680990348691982,1.0
NP_001017930,1.330832495991533,0.2698459832174094,0.08680758180219489,1.0
NP_003667,1.3306163422505008,0.26992416608639913,0.08679470626261648,1.0
NP_002475,1.3304217152286808,0.26999458016487465,0.08678311268548397,1.0
NP_002529,1.3296839554908901,0.2702616441542816,0.08673916300894219,1.0
NP_438169,1.3296321340725543,0.27028041207980963,0.08673607575469695,1.0
NP_056073,1.3296298302975256,0.270281246454659,0.08673593850711522,1.0
NP_004706,1.329468336722182,0.27033974152173573,0.08672631741163539,1.0
NP_542159,1.3291776607862775,0.2704450567982608,0.08670899967363942,1.0
NP_001186210,1.3290647716167594,0.2704859678028199,0.08670227384501959,1.0
NP_078787,1.328854844589872,0.27056206009472955,0.08668976633038407,1.0
NP_064595,1.3288313316259683,0.270570584041873,0.08668836539967432,1.0
NP_001231693,1.3285298648261912,0.2706798935310465,0.08667040326383282,1.0
NP_066997,1.3280984236718198,0.2708363997593887,0.08664469570607547,1.0
NP_060024,1.3280819195259723,0.2708423882896156,0.0866437122725818,1.0
NP_001078834,1.3280810976508821,0.2708426865101472,0.08664366329940795,1.0
NP_056385,1.3276965762998425,0.2709822439351499,0.0866207502014861,1.0
NP_001098717,1.3275968673475937,0.27101844265791886,0.08661480849459029,1.0
NP_001670,1.3275325222831178,0.27104180504560843,0.08661097409861344,1.0
NP_057613,1.327484101747896,0.2710593867532277,0.08660808864231763,1.0
NP_004625,1.3274815997354525,0.27106029527271297,0.08660793954294255,1.0
NP_001036227,1.3271174645335704,0.2711925475923632,0.08658623955903483,1.0
NP_663780,1.3270721015541953,0.27120902729033397,0.08658353616145822,1.0
NP_002010,1.3270312624424685,0.2712238643040358,0.08658110234917057,1.0
NP_006497,1.3267877149318617,0.2713123612415371,0.08656658783361769,1.0
NP_061973,1.3261980975842944,0.2715267157207842,0.08653144694725885,1.0
NP_443728,1.325941423881263,0.271620076579218,0.08651614848371722,1.0
NP_057354,1.3257455960605564,0.271691325138213,0.08650447625865172,1.0
NP_000145,1.3256895487279814,0.2717117200790842,0.08650113552887495,1.0
NP_775267,1.3254180708149585,0.27181052704756875,0.08648495360391019,1.0
NP_056047,1.3251260081340364,0.2719168620779352,0.08646754404699225,1.0
NP_001135,1.3250607271375048,0.2719406348819645,0.086463652622994,1.0
NP_004770,1.3246926156858858,0.27207472172528796,0.08644170874461599,1.0
NP_002374,1.3246646196484557,0.27208492188228345,0.08644003980028657,1.0
NP_004802,1.3241750190442017,0.27226335990982475,0.08641085196420531,1.0
NP_056948,1.3241321375584576,0.2722789933420905,0.08640829546967269,1.0
NP_060753,1.3240626651614174,0.2723043228138813,0.0864041536564332,1.0
NP_001013865,1.3235068823499745,0.27250703610245613,0.08637101758177991,1.0
NP_001077007,1.323454567934978,0.2725261239619882,0.08636789844402107,1.0
NP_002052,1.3232490022297008,0.27260113995100693,0.08635564181180856,1.0
NP_001354,1.3225703387355354,0.2728489326320442,0.08631517490195953,1.0
NP_937859,1.322561897298509,0.272852016030741,0.08631467153881671,1.0
NP_004447,1.3224542706700477,0.27289133148743927,0.08630825371112147,1.0
NP_001073901,1.3223199752018493,0.27294039606653475,0.0863002454812284,1.0
NP_000893,1.3221817517299772,0.2729909040033857,0.08629200287228642,1.0
NP_000468,1.321975900529599,0.27306613919199857,0.08627972717826198,1.0
NP_000276,1.3218047591540827,0.2731287026851724,0.08626952111267212,1.0
NP_031388,1.3216422557439111,0.27318812033848155,0.08625982996362168,1.0
NP_001017927,1.321561190969627,0.2732177651528599,0.08625499546015857,1.0
NP_055964,1.3210145548158876,0.2734177415110721,0.08622239409077845,1.0
NP_003155,1.3207731511658154,0.2735060962138597,0.08620799604132989,1.0
NP_852466,1.320426538124995,0.27363300277799124,0.0861873221896991,1.0
NP_061725,1.3203947204746116,0.27364465492547974,0.08618542436834205,1.0
NP_000150,1.320305760974323,0.2736772357218602,0.08618011817607192,1.0
NP_002205,1.3198118637627416,0.27385818544044077,0.0861506574297172,1.0
NP_001032407,1.3197827914964804,0.2738688400260816,0.08614892322292261,1.0
NP_001258356,1.3196989556410683,0.2738995667962358,0.08614392224431565,1.0
NP_001230655,1.3196454766542582,0.2739191690532408,0.08614073208582258,1.0
NP_005383,1.319578764984731,0.2739436233990526,0.08613675253270237,1.0
NP_891988,1.3195325024147382,0.2739605829146956,0.08613399280994688,1.0
NP_002342,1.319275458165419,0.2740548305896246,0.08611865892536212,1.0
NP_003834,1.319081383549685,0.2741260091288668,0.08610708113125988,1.0
NP_061825,1.3190551568144615,0.2741356292819939,0.08610551651599083,1.0
NP_001159349,1.31883964434389,0.2742146922587797,0.08609265942873415,1.0
NP_068759,1.3187780050214974,0.2742373090422175,0.08608898207084154,1.0
NP_001002926,1.3187232566867775,0.2742573987781396,0.08608571579952926,1.0
NP_955445,1.3186789985745477,0.27427364012346395,0.08608307535507831,1.0
NP_008862,1.3186490684780379,0.2742846240233198,0.08608128971316989,1.0
NP_001244258,1.3186479680407357,0.2742850278749461,0.08608122406049337,1.0
NP_001078816,1.318459607812146,0.2743541624205944,0.0860699862497763,1.0
NP_000265,1.3182994658011997,0.274412952221656,0.0860604317564337,1.0
NP_060848,1.318246306330827,0.27443247011473804,0.08605726007852559,1.0
NP_899228,1.3181504359449339,0.27446767278389034,0.0860515400639895,1.0
NP_005702,1.3181482041265917,0.27446849233401494,0.08605140690383788,1.0
NP_115706,1.3176636423352066,0.274646481132282,0.08602249488580142,1.0
NP_872422,1.3176144079311565,0.2746645716601941,0.08601955714781036,1.0
NP_009201,1.3175026521110127,0.274705638817405,0.08601288878702684,1.0
NP_001137438,1.3161009997471418,0.2752211748167603,0.08592924529349015,1.0
NP_065770,1.3159710047467388,0.27526903166487526,0.08592148707639179,1.0
NP_001034764,1.3157725868583277,0.2753420923533315,0.08590964506663698,1.0
NP_002898,1.3157409363677628,0.27535374818511366,0.08590775606836551,1.0
NP_000833,1.3156371617368303,0.27539196806117133,0.08590156242560368,1.0
NP_060102,1.3154979517935839,0.27544324612049365,0.08589325374429156,1.0
NP_060931,1.3150725651043265,0.27559999057046786,0.08586786379979315,1.0
NP_001035948,1.3139921294802412,0.2759984636964808,0.0858033697791145,1.0
NP_060531,1.3135507102583612,0.27616141103539105,0.08577701769573463,1.0
NP_055538,1.3133147759863735,0.27624854013700306,0.08576293214097919,1.0
NP_005804,1.3132664503644178,0.27626638953541494,0.08576004699070361,1.0
NP_000101,1.3132404638184692,0.27627598827071054,0.08575849552688364,1.0
NP_116021,1.3131897017732046,0.2762947392747817,0.08575546488666189,1.0
NP_891847,1.3127284234783805,0.27646518322552227,0.08572792432376897,1.0
NP_001265576,1.3125692498256956,0.2765240203011615,0.0857184204956746,1.0
NP_001074318,1.3125198834629264,0.276542270401049,0.08571547292359173,1.0
NP_067077,1.3123403410994128,0.27660865396530365,0.08570475262863626,1.0
NP_116317,1.3121940968425638,0.27666273651319845,0.08569602034453987,1.0
NP_077275,1.3120266288918994,0.2767246794198587,0.0856860205830799,1.0
NP_524144,1.3120107098134273,0.2767305682017358,0.08568507001974364,1.0
NP_005673,1.3120054228407567,0.2767325239822829,0.08568475432249079,1.0
NP_114412,1.311879315244704,0.27677917793640894,0.08567722408434736,1.0
NP_066362,1.3118328320745736,0.27679637632711424,0.08567444841264216,1.0
NP_001505,1.3117420579337202,0.2768299647718402,0.08566902792449052,1.0
NP_689547,1.3116889438288006,0.2768496198607657,0.08566585623837804,1.0
NP_001020247,1.311645132438956,0.2768658333828721,0.08566324004336603,1.0
NP_076920,1.3115245028655071,0.27691047982625905,0.08565603657689726,1.0
NP_067039,1.3113587275239533,0.2769718457732857,0.08564613701895916,1.0
NP_001070867,1.311338624056642,0.2769792884093438,0.08564493649146475,1.0
NP_001108225,1.3108143307662516,0.2771734536949094,0.08561362592793262,1.0
NP_110389,1.3106159301640055,0.277246960584126,0.08560177697240202,1.0
NP_006469,1.310569038071116,0.27726433652786925,0.08559897642029286,1.0
NP_001723,1.3104786525888452,0.27729783177056855,0.08559357824957727,1.0
NP_612426,1.3104534751017272,0.2773071627418667,0.08559207454128134,1.0
NP_005100,1.310359877454093,0.2773418532180115,0.08558648444206184,1.0
NP_057137,1.3103528990488817,0.2773444398082711,0.08558606765558513,1.0
NP_003125,1.3102453726117502,0.2773842978956844,0.08557964557221444,1.0
NP_001026893,1.3095991257971367,0.2776239578184795,0.08554104617869596,1.0
NP_001007468,1.3095957969765288,0.27762519278757236,0.08554084734458878,1.0
NP_055836,1.309437429386808,0.2776839517335346,0.08553138777479262,1.0
NP_001180197,1.309413825025726,0.2776927105856656,0.08552997782875763,1.0
NP_001244119,1.3092246532135394,0.277762915356017,0.0855186779781641,1.0
NP_444259,1.3090668175082203,0.27782150293597396,0.0855092497219429,1.0
NP_056101,1.3090137325120215,0.2778412102238052,0.08550607866606365,1.0
NP_115666,1.308709025758475,0.27795435383768463,0.0854878764470889,1.0
NP_001001931,1.3081097877509067,0.2781769829683562,0.085452077747549,1.0
NP_055515,1.308080198701702,0.2781879800352138,0.0854503100142265,1.0
NP_036516,1.3080522402866959,0.2781983714178993,0.08544863969331462,1.0
NP_005013,1.3076812247250598,0.2783363006978484,0.08542647351532806,1.0
NP_003809,1.30754040621662,0.27838866760323705,0.08541806008792946,1.0
NP_004878,1.3070572828979579,0.2785683961567214,0.08538919393463612,1.0
NP_001091081,1.30695792266779,0.27860537240071315,0.08538325703060436,1.0
NP_056505,1.3069488747645333,0.27860873973535866,0.08538271640269252,1.0
NP_060519,1.3066467990449342,0.27872118336744256,0.08536466648766365,1.0
NP_073733,1.306578999110073,0.27874642655955345,0.08536061514372592,1.0
NP_000926,1.3064412015930147,0.2787977374699201,0.08535238102616866,1.0
NP_060648,1.306392198703029,0.27881598644487726,0.08534945281316685,1.0
NP_061141,1.3054428097317692,0.279169755565665,0.08529271749666208,1.0
NP_899058,1.3054361684693745,0.2791722317004019,0.08529232059120898,1.0
NP_038460,1.3048041588963117,0.2794079606281547,0.08525454787592696,1.0
NP_003709,1.304651401430955,0.27946496328536674,0.08524541769758785,1.0
NP_001182719,1.304163384367015,0.27964714037419547,0.08521624812887185,1.0
NP_001028729,1.3040968541953937,0.2796719843508238,0.08521227136888473,1.0
NP_001034662,1.3040543877506778,0.27968784338074787,0.08520973297078968,1.0
NP_000646,1.303796238974985,0.2797842659475733,0.08519430202909643,1.0
NP_003229,1.3031179648052675,0.28003775344466614,0.08515375545050567,1.0
NP_001248337,1.3027077574419943,0.28019115744887635,0.08512923190397226,1.0
NP_000172,1.3026637003684418,0.28020763780350055,0.08512659794889679,1.0
NP_000166,1.3025730768908046,0.2802415398967452,0.08512117997056891,1.0
NP_001186776,1.3024124075734027,0.2803016550313038,0.08511157410244792,1.0
NP_001012339,1.3022094685677816,0.2803776020223055,0.08509944078615873,1.0
NP_001092094,1.3019572426098107,0.2804720195654636,0.0850843602532349,1.0
NP_064709,1.3018611708587684,0.2805079902588881,0.08507861601424434,1.0
NP_004568,1.3018449906411675,0.2805140487786243,0.08507764857358018,1.0
NP_001186110,1.3017929758569144,0.2805335259833,0.0850745385139425,1.0
NP_060651,1.3017715826370657,0.2805415371355941,0.08507325936783602,1.0
NP_001950,1.301726269211442,0.2805585063993775,0.08507054996994956,1.0
NP_150243,1.3016669043398816,0.28058073912666065,0.08506700037828567,1.0
NP_008998,1.3016284639210738,0.28059513628038035,0.08506470190346846,1.0
NP_113638,1.3016124170710792,0.2806011465289102,0.0850637424078883,1.0
NP_000163,1.3014959011334901,0.280644790302423,0.08505677546448769,1.0
NP_689633,1.3003105834068833,0.2810891235012628,0.08498589465347613,1.0
NP_003828,1.3002752021596007,0.28110239631557504,0.08498377872157944,1.0
NP_001073861,1.3001724735542095,0.28114093678594265,0.08497763510846104,1.0
NP_000395,1.3001233562485004,0.2811593656873235,0.08497469765284842,1.0
NP_002574,1.3000421858253595,0.2811898233401887,0.08496984322237859,1.0
NP_001002295,1.2999071975593635,0.2812404816355209,0.08496177007967237,1.0
NP_065750,1.299463147581492,0.28140718187384145,0.08493521210820447,1.0
NP_061184,1.2990765877415955,0.28155237162812724,0.08491209128154065,1.0
NP_060376,1.2985192982867677,0.2817618041815537,0.08487875675864813,1.0
NP_002609,1.2983315844411873,0.2818323794151688,0.08486752802257375,1.0
NP_001075955,1.2982932992483251,0.28184677552974685,0.08486523783094915,1.0
NP_114127,1.298273681966575,0.28185415233395505,0.08486406433537429,1.0
NP_150242,1.298254093674582,0.28186151840890966,0.08486289257094867,1.0
NP_006077,1.2982350083416756,0.28186869551397564,0.08486175089046458,1.0
NP_005735,1.2982298183196102,0.28187064726782823,0.08486144042397518,1.0
NP_115909,1.2980830535498356,0.28192584445521424,0.08485266088607243,1.0
NP_997227,1.2980820016543697,0.2819262401004421,0.08485259796058044,1.0
NP_003394,1.2980512332121215,0.2819378131306118,0.08485075735620805,1.0
NP_001447,1.2979951693381069,0.2819589017005526,0.08484740353034556,1.0
NP_065921,1.2978217928599822,0.28202412661561393,0.08483703173125733,1.0
NP_002369,1.297799422427527,0.2820325434412538,0.08483569346090866,1.0
NP_110379,1.297737278746764,0.282055926039745,0.08483197580793322,1.0
NP_001185728,1.296710418121435,0.28244255004480984,0.0847705410298721,1.0
NP_002697,1.2963962821632935,0.2825609200048111,0.0847517453293875,1.0
NP_001019628,1.2963882758790854,0.28256393744095015,0.08475126627920154,1.0
NP_076413,1.2962150200737388,0.2826292417312672,0.08474089952139613,1.0
NP_997239,1.296091501182891,0.2826758071997559,0.0847335086275249,1.0
NP_078928,1.2957907346267434,0.2827892220044075,0.08471551141800865,1.0
NP_006140,1.2957712041054534,0.28279658809032643,0.08471434273007843,1.0
NP_000121,1.295766269872739,0.282798449101124,0.08471404746978525,1.0
NP_060717,1.295561273538749,0.2828757758207646,0.08470178049497698,1.0
NP_002635,1.2953560390513439,0.2829532112648764,0.08468949893968498,1.0
NP_005522,1.2953416067454298,0.2829586573184926,0.08468863527534218,1.0
NP_004334,1.2948668292092573,0.2831378675068592,0.08466022252226446,1.0
NP_001190176,1.2947418426138988,0.28318506194789966,0.08465274248738971,1.0
NP_004994,1.2946295268282002,0.28322747792562314,0.08464602065432837,1.0
NP_057209,1.2945418127018051,0.28326060704353767,0.08464077110350013,1.0
NP_061193,1.2944482362424328,0.28329595414013015,0.08463517063499217,1.0
NP_001234926,1.2943828262830117,0.28332066410140483,0.08463125586595414,1.0
NP_000362,1.294305494584366,0.283349880224599,0.08462662754073222,1.0
NP_005505,1.2941464784794146,0.2834099653767772,0.08461711023236401,1.0
NP_055832,1.2939272706060536,0.28349281295947387,0.08460399004857959,1.0
NP_001010903,1.2938323100518117,0.2835287091225127,0.08459830628595595,1.0
NP_002517,1.293767439558121,0.28355323323202125,0.08459442349121409,1.0
NP_150247,1.2934339004403244,0.2836793566269982,0.08457445913458869,1.0
NP_112187,1.2931044430604035,0.28380398565890835,0.08455473824002943,1.0
NP_001180452,1.2929323888929949,0.2838690906959316,0.08454443896136168,1.0
NP_001130046,1.2926872830714649,0.2839618613584646,0.0845297663611045,1.0
NP_060123,1.2926006410523174,0.2839946611579217,0.08452457965732707,1.0
NP_001894,1.2925505142582683,0.2840136390441366,0.08452157885979429,1.0
NP_640334,1.2921935497594104,0.28414881764863287,0.08450020891736232,1.0
NP_055986,1.2918287027994193,0.28428704050266207,0.08447836605460594,1.0
NP_001077083,1.2915776592605877,0.2843821835417124,0.08446333583365792,1.0
NP_001988,1.2913048894741026,0.2844855927754292,0.08444700428169362,1.0
NP_001243546,1.290655931633736,0.28473175262254824,0.08440814687116142,1.0
NP_071914,1.2905641993476689,0.28476656341381806,0.08440265398465331,1.0
NP_057150,1.2898266679283268,0.2850465814277703,0.08435848855198899,1.0
NP_004952,1.2895497521954766,0.28515178113012263,0.08434190496749623,1.0
NP_001011668,1.2895466304142669,0.28515296728528594,0.08434171801072736,1.0
NP_004119,1.2894757759687585,0.2851798903941245,0.08433747466970015,1.0
NP_002404,1.289021531407906,0.28535254697672935,0.08431026987305222,1.0
NP_005900,1.2888931403929782,0.28540136476960476,0.08430258021672914,1.0
NP_116139,1.2882386851516365,0.28565032221902925,0.08426338126201607,1.0
NP_003270,1.2881134201378406,0.285697995581362,0.08425587806282947,1.0
NP_055966,1.287879980552079,0.28578685692466466,0.08424189502994585,1.0
NP_001653,1.287825610588012,0.285807556981123,0.0842386382073911,1.0
NP_115487,1.2877154647578393,0.28584949644821056,0.08423204027615229,1.0
NP_001185867,1.2870656370445162,0.28609703837032513,0.08419311250457531,1.0
NP_001170977,1.2870213338510663,0.28611392193912427,0.08419045841200792,1.0
NP_060628,1.2866543950284117,0.2862537932817097,0.08416847544135375,1.0
NP_055642,1.2866379243370765,0.28626007307853285,0.08416748867248867,1.0
NP_115881,1.2864290694316933,0.28633971402967945,0.08415497586706948,1.0
NP_694948,1.286310937737974,0.286384768962025,0.08414789827167542,1.0
NP_003174,1.2858867381739667,0.28654660889666794,0.08412248240481056,1.0
NP_937832,1.285558758043248,0.28667179512340313,0.08410283054695586,1.0
NP_003334,1.285439930213362,0.2867171623395998,0.08409571043307347,1.0
NP_055482,1.2853671366954293,0.2867449572942249,0.08409134862123535,1.0
NP_068805,1.2845777141705894,0.287046538708443,0.0840440434922606,1.0
NP_006624,1.2845742042686434,0.2870478802185991,0.08404383315499163,1.0
NP_000147,1.2843162429202273,0.28714649019624927,0.08402837408674595,1.0
NP_060874,1.2842093392482248,0.2871873647163404,0.08402196742689928,1.0
NP_872604,1.2840742140249823,0.28723903712433835,0.08401386934163729,1.0
NP_056144,1.283745017061386,0.2873649579260622,0.08399413989361441,1.0
NP_958815,1.2831008087160893,0.28761151544230174,0.08395552870948315,1.0
NP_742068,1.2830721532294846,0.28762248710951843,0.08395381114250368,1.0
NP_002083,1.2830548338276475,0.2876291185754609,0.08395277304035595,1.0
NP_002116,1.2829595283796968,0.28766561273171587,0.08394706051516423,1.0
NP_060832,1.2828307064065958,0.2877149475062097,0.08393933892553233,1.0
NP_612510,1.2817449336377265,0.28813106336540645,0.08387425252834754,1.0
NP_056130,1.2814246467460408,0.2882539135109303,0.08385505123823005,1.0
NP_005844,1.2813702228705395,0.2882747931129389,0.08385178843143286,1.0
NP_001269,1.2811249988279798,0.2883688894587786,0.08383708653166821,1.0
NP_919277,1.2809889480519965,0.2884211060658096,0.08382892968555516,1.0
NP_004337,1.2808719386630567,0.2884660212640489,0.08382191433868677,1.0
NP_115890,1.2807272547223625,0.2885215682036651,0.08381323960393089,1.0
NP_115997,1.2804213964854285,0.28863902432932,0.08379490089062146,1.0
NP_079423,1.2800031635572051,0.2887997035109776,0.08376982320331,1.0
NP_003078,1.2799635050161269,0.2888149438862235,0.08376744516411562,1.0
NP_057260,1.2794597043282359,0.2890086115789949,0.08373723476398848,1.0
NP_570711,1.2790858399385654,0.28915240458495634,0.08371481470410462,1.0
NP_079010,1.2790204462211012,0.28917756236992365,0.08371089303289964,1.0
NP_001186913,1.2786346433135598,0.28932602516764727,0.08368775569046892,1.0
NP_001128243,1.2785366199846682,0.289363756810649,0.08368187685673462,1.0
NP_510868,1.2781327900446933,0.2895192471911056,0.08365765683601929,1.0
NP_443111,1.2775424765765244,0.2897466745426268,0.0836222500140482,1.0
NP_004508,1.277357608631648,0.2898179303720753,0.0836111611284104,1.0
NP_001124151,1.2773224777831513,0.28983147302774964,0.0836090538535585,1.0
NP_008900,1.277128847985286,0.2899061258181071,0.083597439066812,1.0
NP_036577,1.2768872539398235,0.28999929486775766,0.08358294675576149,1.0
NP_113669,1.2767067855957266,0.2900689085608914,0.08357212084475707,1.0
NP_066949,1.2765001708749857,0.29014862614488796,0.08355972615433628,1.0
NP_000018,1.2763155434480713,0.2902198768831817,0.08354865018453198,1.0
NP_001121557,1.276122381965125,0.2902944376749205,0.08353706196224933,1.0
NP_056991,1.2759600486030263,0.2903571118852648,0.08352732296650064,1.0
NP_001092693,1.27582561355673,0.2904090241098528,0.0835192575401281,1.0
NP_742086,1.2757463893997167,0.2904396204525276,0.08351450442284078,1.0
NP_598407,1.2756629342022945,0.2904718539153359,0.0835094974075448,1.0
NP_742128,1.2756432126637862,0.2904794715616462,0.08350831417732084,1.0
NP_001737,1.2756184559213686,0.2904890343580011,0.08350682884638909,1.0
NP_006779,1.2755452520102304,0.2905173124950364,0.08350243680122457,1.0
NP_006094,1.2754046425376602,0.2905716357610062,0.0834940004787841,1.0
NP_055699,1.2752763455022296,0.2906212100860568,0.08348630274552979,1.0
NP_878908,1.2748668167519563,0.29077950332690655,0.08346173043903785,1.0
NP_612404,1.2747642265974466,0.2908191690010249,0.08345557467772509,1.0
NP_055805,1.274512762537379,0.2909164159009378,0.0834404856214647,1.0
NP_116258,1.2743924734585512,0.29096294463671274,0.08343326752098267,1.0
NP_001263990,1.2742798107551256,0.29100652941897365,0.08342650694783414,1.0
NP_001135764,1.2735758039721965,0.2912790132209119,0.08338425921459579,1.0
NP_001035784,1.2733549954477783,0.2913645231314589,0.08337100760293348,1.0
NP_060004,1.2731254917856163,0.29145342389928375,0.08335723375482935,1.0
NP_003452,1.2729532797984362,0.29152014790269165,0.08334689804113876,1.0
NP_065823,1.2727683345455847,0.29159182052914845,0.08333579785052458,1.0
NP_116045,1.2726566737493925,0.29163510048024766,0.08332909597429973,1.0
NP_001128658,1.2726461325938114,0.29163918654776005,0.08332846328952911,1.0
NP_001186090,1.2725518754998004,0.29167572567587974,0.08332280589868063,1.0
NP_064631,1.2723004846461716,0.2917731981655754,0.08330771686461146,1.0
NP_001242941,1.2721548912492935,0.29182966271219946,0.08329897780032458,1.0
NP_055545,1.2716878397930407,0.2920108616502473,0.08327094248740712,1.0
NP_001229687,1.2716628715066793,0.29202055124293747,0.0832694436883689,1.0
NP_002417,1.2715088947803377,0.29208031221356906,0.08326020064821017,1.0
NP_002706,1.271337410408022,0.2921468809570878,0.08324990642545528,1.0
NP_001239002,1.2709041686433655,0.2923151215539515,0.08322389785229528,1.0
NP_006705,1.270675334198383,0.29240401939110017,0.08321015975978024,1.0
NP_758515,1.2704812232135119,0.2924794466040803,0.08319850596994824,1.0
NP_054831,1.2704664307501023,0.29248519533346684,0.08319761786658775,1.0
NP_001154819,1.270268616130291,0.2925620807739707,0.08318574139478342,1.0
NP_004272,1.2700396202842217,0.2926511079186549,0.08317199246799221,1.0
NP_001864,1.269983098861797,0.29267308555143556,0.08316859885434051,1.0
NP_001876,1.269836319286663,0.29273016574352645,0.08315978591615861,1.0
NP_004389,1.2695313056262074,0.29284881214611114,0.08314147174631589,1.0
NP_057366,1.2694512900153252,0.2928799442461726,0.08313666718629359,1.0
NP_061977,1.2692015352965436,0.29297713650491264,0.08312167026957076,1.0
NP_116186,1.2688181156811857,0.2931264001714779,0.08309864627820153,1.0
NP_705694,1.268240859578639,0.29335125062542095,0.08306398040498547,1.0
NP_057066,1.2681550946766649,0.29338467045266065,0.08305882975467116,1.0
NP_003560,1.267830811488777,0.29351106367284213,0.08303935425684417,1.0
NP_006506,1.2677055242560564,0.29355990877066823,0.08303182965128794,1.0
NP_001123999,1.2675825122021742,0.2936078738590793,0.08302444157017626,1.0
NP_060206,1.2674705776786912,0.2936515256065144,0.08301771870002854,1.0
NP_061942,1.2670906479058943,0.2937997318533328,0.0829948991021216,1.0
NP_996670,1.2669694106557996,0.2938470390506027,0.0829876170297099,1.0
NP_060241,1.2669609981230885,0.29385032190037064,0.08298711172962636,1.0
NP_872114,1.2667288830906878,0.2939409137064866,0.08297316948450606,1.0
NP_061159,1.2665464733102014,0.2940121234781028,0.08296221254259736,1.0
NP_001124436,1.2662956583989822,0.2941100624206443,0.0829471462320534,1.0
NP_006539,1.2660953713415035,0.29418829183563333,0.08293511474573251,1.0
NP_006556,1.2656651675112776,0.2943563859000636,0.08290927081283656,1.0
NP_077017,1.2654003705330352,0.29445989260282995,0.08289336275618758,1.0
NP_001258395,1.2649966143440803,0.29461777918218857,0.08286910546415706,1.0
NP_001093115,1.2648764127841265,0.29466479779249094,0.08286188361962828,1.0
NP_071345,1.2648605624225806,0.29467099839030186,0.08286093130364264,1.0
NP_005504,1.2646768139579667,0.29474288847947744,0.082849891247062,1.0
NP_005023,1.26465368845356,0.29475193724394244,0.08284850179144027,1.0
NP_006010,1.2644867531395498,0.2948172645523039,0.08283847164920068,1.0
NP_444292,1.2644631432096314,0.29482650493251866,0.08283705305234568,1.0
NP_776171,1.264425907777738,0.2948410785396242,0.08283481576162455,1.0
NP_001243111,1.2641249845579947,0.2949588805230916,0.08281673439105426,1.0
NP_077740,1.2637842883430668,0.2950923026397315,0.08279626234682952,1.0
NP_036308,1.2635118107914243,0.29519904765033556,0.08277988882598505,1.0
NP_065943,1.263193875636233,0.295323644174189,0.08276078296119906,1.0
NP_057395,1.2626879414917158,0.2955220120617673,0.08273037792111906,1.0
NP_057558,1.26222206387303,0.29570477868572403,0.08270237836866604,1.0
NP_009045,1.262194893379531,0.29571544091946506,0.08270074535131564,1.0
NP_006251,1.2620580618063815,0.29576914147506406,0.08269252132939452,1.0
NP_002990,1.2620463276343679,0.2957737470384219,0.0826918160606833,1.0
NP_775752,1.2618572010610367,0.2958479863676219,0.08268044867916267,1.0
NP_689657,1.2617389033019542,0.2958944310847318,0.08267333829364427,1.0
NP_038461,1.261087231968294,0.29615039842888363,0.0826341670681641,1.0
NP_001171867,1.260474160262791,0.2963913830431982,0.08259731296849071,1.0
NP_000478,1.2604241078786793,0.29641106515308613,0.08259430399630535,1.0
NP_001171829,1.2603909857998257,0.29642409039045664,0.08259231280329912,1.0
NP_000895,1.2603149233815238,0.29645400380483306,0.08258774014227564,1.0
NP_112181,1.2602558572770837,0.2964772348414518,0.0825841892209239,1.0
NP_002388,1.2602283516563317,0.29648805350838825,0.08258253563548726,1.0
NP_065766,1.2601679947555398,0.2965117946500687,0.08257890707288555,1.0
NP_683762,1.259925131951044,0.29660734072819805,0.08256430625029917,1.0
NP_003713,1.2597181184455986,0.2966888046012948,0.08255186030749022,1.0
NP_006589,1.2594988983854338,0.2967750935453541,0.08253868012131763,1.0
NP_056121,1.2593639065710966,0.29682823977307127,0.08253056380867753,1.0
NP_004964,1.2589906485547546,0.29697523508855994,0.0825081211170412,1.0
NP_775826,1.2589573526878668,0.2969883506874156,0.08250611910033956,1.0
NP_004887,1.2582579095404933,0.2972639871402825,0.08246406090394795,1.0
NP_008920,1.258026585152337,0.2973551971318493,0.08245015029509313,1.0
NP_057619,1.257915840962627,0.2973988717328148,0.08244349058378761,1.0
NP_004246,1.257598283548962,0.29752413945498596,0.0824243934187813,1.0
NP_001317,1.2574202284995988,0.29759439769240714,0.08241368525400129,1.0
NP_808907,1.2569546435332766,0.29777818078864793,0.08238568396518386,1.0
NP_008826,1.2568498574001143,0.2978195574489418,0.08237938166445923,1.0
NP_006806,1.2567328463527465,0.2978657673320327,0.08237234400110632,1.0
NP_060176,1.256629493196384,0.29790658871969466,0.08236612770578006,1.0
NP_003266,1.2565930312079636,0.2979209912868121,0.08236393463714689,1.0
NP_056006,1.2564521208519457,0.29797665697160314,0.08235545924433334,1.0
NP_775781,1.2561459960278183,0.29809762115945243,0.08233704608981036,1.0
NP_001243024,1.2558957293587674,0.2981965453892389,0.08232199220802847,1.0
NP_055461,1.2558040024068597,0.2982328100425621,0.08231647458296762,1.0
NP_659430,1.255717732917522,0.2982669206162597,0.08231128517854248,1.0
NP_006864,1.2556586480103609,0.2982902845134645,0.08230773098571677,1.0
NP_061932,1.2555857007144249,0.29831913223213247,0.08230334287693886,1.0
NP_060597,1.2554488794067191,0.2983732461913141,0.08229511234516643,1.0
NP_919299,1.25504179277847,0.2985343035574611,0.08227062303903943,1.0
NP_055315,1.254911369188829,0.29858591980652266,0.08226277680796247,1.0
NP_004117,1.2547190711269371,0.298662037771741,0.08225120798860083,1.0
NP_005731,1.2545002642107206,0.29874866964794267,0.08223804401865337,1.0
NP_112487,1.2543223810716584,0.2988191149767829,0.08222734184693026,1.0
NP_060743,1.2541826824423843,0.29887444873983415,0.08221893683533447,1.0
NP_001092302,1.254051082771617,0.29892658282437595,0.08221101895928357,1.0
NP_057253,1.2539339906315738,0.2989729763990545,0.08220397383400865,1.0
NP_078837,1.2537506328398418,0.2990456381308842,0.08219294146192727,1.0
NP_036311,1.25373254364192,0.2990528074321002,0.08219185304678113,1.0
NP_005573,1.2536578251575785,0.2990824222544341,0.08218735725734863,1.0
NP_115521,1.2535805877773272,0.2991130381655612,0.08218270986038648,1.0
NP_001180276,1.2534304334971962,0.29917256531604297,0.0821736748964094,1.0
NP_872319,1.2531509014104603,0.2992834108279716,0.08215685464008501,1.0
NP_079223,1.2529838799748596,0.29934965870989455,0.08214680418169597,1.0
NP_055915,1.252936715247294,0.29936836861020527,0.08214396602031533,1.0
NP_060441,1.2522224013379644,0.29965185779411313,0.08210097967284534,1.0
NP_036313,1.252067429864859,0.2997133924384037,0.08209165318881316,1.0
NP_006383,1.2520016349297296,0.2997395210541324,0.08208769346460262,1.0
NP_001229797,1.2519978800168856,0.2997410122731827,0.08208746748235846,1.0
NP_848026,1.2519822298087073,0.2997472276379786,0.08208652560332876,1.0
NP_006627,1.2517074595961066,0.29985636911491437,0.08206998874795192,1.0
NP_689948,1.2515888878699037,0.29990347781165544,0.0820628524065013,1.0
NP_000433,1.2515203064412332,0.2999307282782922,0.08205872472350662,1.0
NP_000048,1.2514343651921107,0.2999648796591262,0.08205355215954127,1.0
NP_055880,1.2514046094986873,0.29997670479186767,0.08205176123380159,1.0
NP_055006,1.2513762066309582,0.29998799268502796,0.0820500517249642,1.0
NP_036250,1.2512803047707755,0.3000261088549831,0.08204427954677092,1.0
NP_003191,1.2511801269409497,0.3000659290670374,0.08203824992734572,1.0
NP_612203,1.2510546182637274,0.30011582474556375,0.08203069555370561,1.0
NP_722576,1.2510409424289057,0.30012126198328304,0.08202987239700259,1.0
NP_114111,1.250752556829026,0.300235938538447,0.08201251395092375,1.0
NP_001213,1.2506462051212668,0.3002782390499114,0.08200611228534642,1.0
NP_001010923,1.2502453152953679,0.3004377368816596,0.08198198058108763,1.0
NP_059140,1.2501654253897103,0.3004695307615568,0.08197717142847082,1.0
NP_612437,1.2501327878438824,0.3004825204172189,0.08197520672347079,1.0
NP_005827,1.250033631329078,0.300521987479735,0.08196923767833914,1.0
NP_694880,1.2496033843933914,0.3006932906958916,0.08194333668193947,1.0
NP_057107,1.2494685798341052,0.3007469809556741,0.08193522110576382,1.0
NP_694992,1.2493444773574611,0.30079641623353587,0.08192774969524189,1.0
NP_055829,1.2488864494360774,0.3009789301500891,0.08190017373250637,1.0
NP_055227,1.2488219149480724,0.3010046535450042,0.08189628824531557,1.0
NP_060104,1.2486962473811118,0.30105475009360516,0.08188872196831704,1.0
NP_110381,1.2484398430943764,0.3011569867562008,0.08187328382055838,1.0
NP_110416,1.2482374387461663,0.30123771349894884,0.08186109665202106,1.0
NP_057443,1.2478577028368187,0.30138921840319083,0.08183823112440629,1.0
NP_001186796,1.246942132930378,0.30175478332873457,0.08178309605027162,1.0
NP_056041,1.2464810707464795,0.3019390220753036,0.0817553286533842,1.0
NP_036565,1.2461369508131732,0.30207659566269357,0.0817346029904781,1.0
NP_001020769,1.2460446405390042,0.3021135092032863,0.08172904316610684,1.0
NP_001229971,1.2458594758764738,0.30218756583842815,0.08171789054253045,1.0
NP_789845,1.245803336258932,0.30221002204353903,0.0817145091525647,1.0
NP_037505,1.2445635606934788,0.30270631466998865,0.0816398288962799,1.0
NP_001129225,1.2443551836618925,0.30278980011810597,0.0816272757141954,1.0
NP_005442,1.2441754249409278,0.3028618360263631,0.0816164462989148,1.0
NP_001031,1.2438473205807972,0.3029933583457814,0.08159667926491708,1.0
NP_078834,1.2437548547347788,0.3030304328296689,0.08159110839731605,1.0
NP_699179,1.243733342268561,0.30303905889567245,0.08158981230797818,1.0
NP_002494,1.2433503748334858,0.30319265728269845,0.08156673856203138,1.0
NP_056136,1.2431829908777938,0.30325981218464393,0.08155665333295353,1.0
NP_689578,1.2417572964761432,0.3038323351001288,0.0814707433219157,1.0
NP_660205,1.2416894753359329,0.3038595940240969,0.08146665613055772,1.0
NP_001001669,1.241619137895029,0.30388786658013217,0.0814624172577576,1.0
NP_000177,1.2414147025080187,0.303970053739076,0.08145009677505469,1.0
NP_076412,1.2411772602257023,0.30406553486368143,0.08143578668721045,1.0
NP_068380,1.2411048369165898,0.3040946632257444,0.08143142181598402,1.0
NP_085137,1.240944232923356,0.30415926625300266,0.08142174224630248,1.0
NP_036339,1.2403368903914094,0.30440367913044,0.08138513599219753,1.0
NP_055487,1.2403351832616347,0.30440436637393714,0.08138503309454025,1.0
NP_001034437,1.24022005282907,0.3044507178666526,0.08137809352686123,1.0
NP_001164209,1.2402145676435794,0.3044529263561881,0.08137776290083686,1.0
NP_001164263,1.240090295958346,0.30450296539518906,0.08137027221467424,1.0
NP_001002837,1.2398326828499842,0.3046067184988974,0.08135474375943895,1.0
NP_004299,1.2395825390434396,0.3047074930819075,0.0813396650379142,1.0
NP_001121187,1.239464922244959,0.3047548870849216,0.0813325749013483,1.0
NP_002108,1.2393691172641352,0.30479349674406364,0.0813267995366093,1.0
NP_001660,1.2389379385954555,0.3049673160789196,0.08130080610523475,1.0
NP_751913,1.2389121808506167,0.30497770245161404,0.08129925326346107,1.0
NP_036204,1.2388095481351484,0.30501909043508624,0.08129306585413347,1.0
NP_060414,1.2386302850196187,0.30509139246352357,0.08128225843481865,1.0
NP_036211,1.2384437181315886,0.30516665630214046,0.0812710104154544,1.0
NP_001078906,1.2383376139540083,0.3052094675691165,0.08126461332764025,1.0
NP_060716,1.2382746654923704,0.30523486871710653,0.08126081808306607,1.0
NP_733759,1.237707230810322,0.30546392543916406,0.0812266052931969,1.0
NP_066991,1.2373899714162435,0.30559205952318247,0.08120747540999199,1.0
NP_599023,1.2370338669643581,0.3057359384851027,0.08118600232597693,1.0
NP_073617,1.2370138389759513,0.30574403227657315,0.08118479460927551,1.0
NP_001254509,1.2366910942537137,0.30587448711919113,0.08116533219736359,1.0
NP_859526,1.2359490076964414,0.3061746271413058,0.08112057916918086,1.0
NP_068834,1.235912113631455,0.3061895558439689,0.08111835408434086,1.0
NP_001032412,1.235893323986855,0.3061971590743625,0.08111722087480801,1.0
NP_006280,1.2354726680781873,0.30636742088954927,0.08109185024937138,1.0
NP_001193984,1.235391911103861,0.3064001170362867,0.08108697946939471,1.0
NP_008823,1.235391911103861,0.3064001170362867,0.08108697946939471,1.0
NP_008828,1.235111918674589,0.3065135015295536,0.08107009159287096,1.0
NP_055965,1.234449262300317,0.30678199460557437,0.0810301206854341,1.0
NP_001184254,1.234425285345774,0.30679171338141487,0.08102867434934923,1.0
NP_001731,1.2341635688132182,0.3068978146586535,0.08101288680789469,1.0
NP_004278,1.2341604152909154,0.30689909330965226,0.08101269657447993,1.0
NP_073750,1.2340878649655502,0.30692851140372496,0.08100832001918751,1.0
NP_005750,1.2340737814298899,0.3069342223578082,0.0810074704334311,1.0
NP_001245151,1.2336762091331734,0.3070954786542264,0.08098348633624868,1.0
NP_849189,1.233467315087625,0.30718023636641906,0.08097088401312068,1.0
NP_003060,1.2334070677043614,0.30720468525200323,0.08096724929771297,1.0
NP_001193541,1.2332701110672741,0.3072602697357364,0.08095898661780304,1.0
NP_001139256,1.233050596542049,0.3073493791178685,0.08094574285875183,1.0
NP_077304,1.2327624248716027,0.30746639347712057,0.08092835629463929,1.0
NP_055190,1.2326361131472146,0.3075176956532323,0.08092073518931715,1.0
NP_001982,1.232628409312525,0.30752082484935034,0.08092027036902921,1.0
NP_006552,1.2325807221296954,0.30754019537585087,0.08091739309406829,1.0
NP_001007560,1.2320310688183544,0.3077635417098636,0.08088422766813139,1.0
NP_057216,1.2315029987101662,0.30797825183934335,0.08085236229244426,1.0
NP_065813,1.2313945882123585,0.30802234713731197,0.08084582019596157,1.0
NP_000052,1.2312700147672915,0.30807302344675525,0.08083830262174647,1.0
NP_002853,1.2312096623136835,0.30809757737117627,0.08083466051682317,1.0
NP_631898,1.2312037827309426,0.30809996952518703,0.08083430569859976,1.0
NP_068590,1.2311621845571015,0.3081168945310705,0.08083179534424356,1.0
NP_056506,1.231115928593335,0.308135715603981,0.08082900388685009,1.0
NP_001073884,1.2310300896843351,0.30817064523761123,0.08082382363081847,1.0
NP_476516,1.2309928614371526,0.30818579526292383,0.08082157694091385,1.0
NP_068771,1.2307346498949236,0.30829089234699825,0.0808059938135298,1.0
NP_061167,1.2305447685587223,0.3083681977574933,0.08079453409302897,1.0
NP_064524,1.2301705268176493,0.308520610604056,0.0807719470147453,1.0
NP_001139334,1.2298605240733873,0.3086469116012751,0.08075323619210975,1.0
NP_005955,1.2298257608266259,0.30866107763172873,0.08075113794078456,1.0
NP_054902,1.2297495827609322,0.3086921222015491,0.08074653992688935,1.0
NP_006067,1.2297053298340364,0.30871015769186766,0.08074386885379328,1.0
NP_596870,1.2295062174561477,0.30879131830798806,0.08073185038966535,1.0
NP_005988,1.2293861554950614,0.3088402660503896,0.08072460327309221,1.0
NP_001005498,1.229351571559167,0.30885436674431427,0.08072251571465343,1.0
NP_542787,1.2287722752148913,0.30909064350490717,0.08068754677057857,1.0
NP_002976,1.228772264642235,0.30909064781860623,0.08068754613234097,1.0
NP_005616,1.2287701606282322,0.3090915062682354,0.08068741911970267,1.0
NP_777635,1.228197764592735,0.30932512466166545,0.0806528640866769,1.0
NP_003081,1.2277769352102357,0.30949698108045287,0.08062745733891884,1.0
NP_065185,1.2277444297687135,0.30951025898471274,0.08062549482828174,1.0
NP_110446,1.2275717717886594,0.30958079511026865,0.08061507049094453,1.0
NP_775733,1.2275000448750926,0.30961010191077604,0.08061073986259587,1.0
NP_055634,1.2270946214009801,0.3097757989972713,0.08058626099796841,1.0
NP_003962,1.2270571733318625,0.30979110798626386,0.08058399987365178,1.0
NP_001189431,1.227029087050978,0.30980259025627804,0.08058230400928569,1.0
NP_055814,1.2268861668050268,0.30986102486927164,0.08057367431298385,1.0
NP_057164,1.2267197924525122,0.30992906112057916,0.08056362822546752,1.0
NP_054796,1.226669821486478,0.3099494985375789,0.0805606108142907,1.0
NP_954580,1.2266516086564743,0.30995694762028003,0.08055951105882746,1.0
NP_001253,1.2265318881155227,0.31000591745371586,0.08055228184120143,1.0
NP_001035997,1.2261227073109835,0.31017333765125454,0.0805275729665732,1.0
NP_000212,1.2260014773524286,0.3102229552284863,0.080520252094814,1.0
NP_001339,1.22563979477866,0.31037102767809244,0.08049841000435129,1.0
NP_003822,1.2255616967826386,0.310403009029854,0.08049369351290443,1.0
NP_689570,1.225190459903707,0.3105550710219313,0.08047127312661914,1.0
NP_000746,1.2248339060383853,0.31070118007364134,0.08044973847317957,1.0
NP_071935,1.224464611339133,0.31085257347284906,0.08042743325286825,1.0
NP_056655,1.2232810120511806,0.31133822820137574,0.08035593713883336,1.0
NP_001155035,1.2227697916816977,0.31154819735480854,0.08032505308921281,1.0
NP_055330,1.222082712632551,0.3118305904331017,0.0802835417270703,1.0
NP_001132929,1.2219747396434226,0.3118749882333039,0.08027701796541331,1.0
NP_056380,1.2215688869395531,0.3120419216794621,0.08025249539077972,1.0
NP_002989,1.2213262538631162,0.3121417576813502,0.08023783430521687,1.0
NP_004642,1.2207538449732476,0.312377396833595,0.08020324468859402,1.0
NP_066361,1.2206243079116341,0.3124307439188484,0.08019541664116611,1.0
NP_055506,1.2203150320986351,0.31255814477829547,0.08017672627176711,1.0
NP_079498,1.2199224371281228,0.3127199329041528,0.08015299960742191,1.0
NP_057181,1.2198184707536208,0.31276278962751825,0.08014671614498048,1.0
NP_001017395,1.2197357296561895,0.31279690059356036,0.0801417154227909,1.0
NP_057004,1.2196548991714993,0.3128302270253961,0.08013683012207408,1.0
NP_689692,1.2196505309072418,0.31283202815032024,0.08013656610777238,1.0
NP_036561,1.219635333575485,0.31283829439239663,0.0801356475923501,1.0
NP_008913,1.219629186175252,0.31284082915125433,0.08013527604753348,1.0
NP_001032726,1.219507092834232,0.31289117564100355,0.08012789674433084,1.0
NP_663161,1.2192423869530133,0.31300035423461037,0.08011189755399592,1.0
NP_055983,1.2191213128464766,0.3130503026367812,0.08010457948169553,1.0
NP_115885,1.218925596583785,0.31313105893705256,0.08009274957342581,1.0
NP_001258766,1.2188693267307722,0.31315428032921333,0.08008934833219988,1.0
NP_008818,1.2187692186395194,0.3131955965634353,0.08008329721872683,1.0
NP_001185890,1.2185883185918143,0.31327026902189364,0.08007236236905915,1.0
NP_005893,1.218536511358074,0.31329165702886963,0.08006923073375956,1.0
NP_904324,1.2184989297816848,0.31330717293847254,0.08006695899535504,1.0
NP_001182317,1.2184040422570612,0.3133463511369612,0.08006122316597124,1.0
NP_942147,1.2183438960754267,0.3133711871649183,0.08005758736925499,1.0
NP_004671,1.2175910825947398,0.31368219015224885,0.0800120778634518,1.0
NP_848618,1.2171443982657681,0.3138668521210015,0.07998507252152255,1.0
NP_001123952,1.2171429871741428,0.3138674356250154,0.0799849872081782,1.0
NP_982284,1.217093271665711,0.3138879942130572,0.07998198144266777,1.0
NP_852478,1.2169051932764532,0.31396577989588903,0.07997061017467198,1.0
NP_002444,1.216840887681465,0.3139923793389656,0.07996672217730409,1.0
NP_061909,1.2167761989323704,0.31401913925460306,0.07996281098080027,1.0
NP_001007524,1.216544830016229,0.3141148663558142,0.07994882173359531,1.0
NP_002426,1.216473972407053,0.31414418823720475,0.07994453738842248,1.0
NP_002727,1.216250393122063,0.31423672416737364,0.0799310185952134,1.0
NP_078900,1.216051572997004,0.31431903265065,0.07991899653882982,1.0
NP_689480,1.2159859628010725,0.3143461983933444,0.07991502921820677,1.0
NP_001375,1.2157757199184072,0.31443326274895084,0.079902316010539,1.0
NP_060919,1.2156947607452595,0.31446679462213306,0.07989742038474723,1.0
NP_031379,1.2156610083420476,0.3144807751984406,0.07989537935128524,1.0
NP_065894,1.2155214367507707,0.3145385928769846,0.07988693925499421,1.0
NP_004473,1.2149965987527003,0.31475609057011106,0.07985520015510902,1.0
NP_008867,1.2148244646345305,0.3148274530932741,0.07984479002424767,1.0
NP_057235,1.2145467679470794,0.3149426089765504,0.07982799530419137,1.0
NP_003881,1.2143833313831287,0.3150104003864277,0.0798181105952672,1.0
NP_004500,1.213688969149861,0.3152985549019281,0.07977611292113072,1.0
NP_005966,1.2136315380579512,0.3153223986116412,0.0797726390981646,1.0
NP_065996,1.2132564035364863,0.3154781821660321,0.0797499477662423,1.0
NP_004565,1.2132445565817294,0.3154831029891657,0.07974923114325674,1.0
NP_788954,1.2130479898713904,0.3155647598982647,0.07973734064856823,1.0
NP_001002909,1.2129863131589111,0.315590385173548,0.07973360970618264,1.0
NP_001130,1.2125046373590522,0.31579057294618074,0.07970447117441598,1.0
NP_001230405,1.2124514206083097,0.3158126969813542,0.07970125176313143,1.0
NP_113657,1.2123177409247274,0.3158682781861472,0.07969316455067897,1.0
NP_000207,1.21219672270432,0.31591860237217273,0.07968584319548717,1.0
NP_057371,1.2117081357184123,0.31612184731180437,0.07965628349607995,1.0
NP_077015,1.2116198687746862,0.3161585771995241,0.07965094310973499,1.0
NP_570849,1.2114731620468153,0.31621963343983395,0.07964206682292191,1.0
NP_004756,1.2110908975853871,0.31637877209033866,0.07961893763830152,1.0
NP_476528,1.2108561710663395,0.31647652451038694,0.07960473476631744,1.0
NP_002769,1.2107674755281599,0.3165134688277708,0.07959936784755292,1.0
NP_057657,1.21056436344484,0.316598085174932,0.07958707741010312,1.0
NP_078881,1.210416736763641,0.3166595987077613,0.07957814422257466,1.0
NP_116295,1.2101781551043602,0.31675903364185554,0.07956370679972856,1.0
NP_079421,1.210167582228614,0.31676344078411195,0.07956306698701726,1.0
NP_060439,1.210146949322363,0.3167720414506869,0.07956181839362683,1.0
NP_001035924,1.2101436019743532,0.3167734367858577,0.07956161582966716,1.0
NP_001129419,1.210003118296659,0.31683200194598443,0.07955311441331017,1.0
NP_001263302,1.2098559529429724,0.31689336269094265,0.07954420848468828,1.0
NP_620145,1.2097917957070425,0.3169201163551489,0.07954032586090404,1.0
NP_068813,1.2095776576417339,0.3170094264897845,0.07952736656260846,1.0
NP_068656,1.2094257435508757,0.31707279828319646,0.07951817273993388,1.0
NP_006248,1.20923143215557,0.3171538724210489,0.07950641276974693,1.0
NP_001092253,1.2092223522836127,0.3171576613318941,0.07950586323712021,1.0
NP_003918,1.2092077812888726,0.3171637416982365,0.0795049813690165,1.0
NP_060322,1.2090916003495855,0.3172122267598229,0.07949794978694154,1.0
NP_000066,1.209073708610654,0.3172196939802013,0.07949686692136508,1.0
NP_001803,1.2084970384318385,0.31746045256811,0.0794619636232278,1.0
NP_055639,1.2081371183856204,0.31761079903367373,0.07944017791140658,1.0
NP_001243614,1.2078913972565812,0.31771347770987657,0.07942530398885397,1.0
NP_001254489,1.2078589306141392,0.3177270465989082,0.0794233386911988,1.0
NP_001180207,1.2075790232237276,0.3178440501186751,0.07940639475748343,1.0
NP_683877,1.2075374531424496,0.3178614299412358,0.07940387829805588,1.0
NP_060670,1.2072201966576936,0.31799409732169137,0.0793846726124885,1.0
NP_945187,1.2069541147141982,0.318105402152002,0.07936856425090105,1.0
NP_056338,1.20682774370092,0.3181582763252387,0.07936091366595645,1.0
NP_056286,1.2067289346288819,0.3181996237903845,0.0793549316106312,1.0
NP_056370,1.206644981509282,0.31823475833378106,0.07934984889674994,1.0
NP_001124000,1.2065327108670614,0.31828174908961665,0.07934305168757082,1.0
NP_004556,1.206432785654176,0.3183235777561191,0.07933700182414449,1.0
NP_001035847,1.206379187731401,0.31834601580203514,0.07933375676339274,1.0
NP_699204,1.2063455783243382,0.31836008662785076,0.07933172188615166,1.0
NP_079031,1.205894166284415,0.31854912603602664,0.07930439033031075,1.0
NP_003464,1.2057978941868988,0.3185894548696061,0.07929856115264226,1.0
NP_001322,1.205778404651518,0.31859761966790295,0.0792973810720972,1.0
NP_001121,1.2056745050586548,0.31864114964724677,0.07929108995839339,1.0
NP_003541,1.2054925410035644,0.31871739812996003,0.07928007183935669,1.0
NP_001181866,1.2053206562729728,0.3187894376408738,0.07926966379204352,1.0
NP_002448,1.2052839812623741,0.31880481052968834,0.0792674429986088,1.0
NP_005564,1.2049836395066946,0.3189307276034443,0.07924925590684741,1.0
NP_000122,1.2047332864831013,0.3190357201449527,0.07923409531649599,1.0
NP_001121616,1.2046760233461,0.3190597392651521,0.07923062757117448,1.0
NP_569707,1.2046450226029526,0.319072743235516,0.07922875021496058,1.0
NP_002008,1.2044675871173278,0.31914718147224597,0.07921800485390673,1.0
NP_115746,1.2043559809724453,0.31919401053180435,0.07921124594028456,1.0
NP_689821,1.2041858549338482,0.31926540557027716,0.07920094284713591,1.0
NP_055929,1.203997747882033,0.31934436267400784,0.07918955052790334,1.0
NP_612448,1.203601388691791,0.31951078825285384,0.07916554492062727,1.0
NP_003407,1.2035831566955877,0.31951844542151436,0.07916444066447158,1.0
NP_004850,1.2035152845520853,0.3195469521195644,0.07916032983338707,1.0
NP_005198,1.2033571572514454,0.3196133750860296,0.07915075235060749,1.0
NP_001167596,1.2032287120572764,0.31966733861585256,0.07914297251234717,1.0
NP_055857,1.2031236677350152,0.31971147664969024,0.07913660995130604,1.0
NP_000543,1.2021241144177075,0.32013173881572116,0.07907606235615532,1.0
NP_787080,1.2016897380300828,0.32031452189983384,0.07904974767533998,1.0
NP_056442,1.2016596977336587,0.32032716603429,0.07904792776757182,1.0
NP_004675,1.2015214915824783,0.3203853433876413,0.07903955483980966,1.0
NP_079230,1.201516245989113,0.3203875516809576,0.0790392370436159,1.0
NP_056224,1.2014773285815972,0.3204039355694123,0.07903687928558081,1.0
NP_001025051,1.2013650903087112,0.3204511909769172,0.07903007941534235,1.0
NP_001229735,1.2013013239113888,0.32047804108454303,0.07902621613202036,1.0
NP_001124317,1.2012742367229503,0.32048944727426737,0.07902457504654017,1.0
NP_001547,1.201170317246984,0.320533210171996,0.0790182789994897,1.0
NP_001191335,1.201150697854986,0.32054147293461976,0.07901709033280477,1.0
NP_075053,1.201040054767471,0.32058807404795275,0.07901038681828822,1.0
NP_006432,1.2009858944389582,0.3206108876639128,0.07900710537981095,1.0
NP_009216,1.200868496485373,0.3206603433083778,0.07899999245194635,1.0
NP_001107590,1.2008207999263698,0.32068043808980967,0.07899710257305224,1.0
NP_001191397,1.2008065796709797,0.3206864293609262,0.07899624098085002,1.0
NP_001262,1.2007498213005108,0.32071034373828033,0.07899280202730023,1.0
NP_000557,1.2000703770622583,0.32099673867837736,0.07895163293935997,1.0
NP_001010867,1.200026724512701,0.32101514640708356,0.07894898780522853,1.0
NP_001077054,1.1998697579999915,0.32108134477451594,0.07893947626547763,1.0
NP_073739,1.1996445979973882,0.32117632345495317,0.07892583213132795,1.0
NP_001129603,1.199223925919553,0.3213538398485927,0.07890033937025503,1.0
NP_987100,1.1985472586180739,0.32163956047169384,0.07885933031780111,1.0
NP_001139381,1.1984774199861807,0.3216690621585341,0.0788550975777461,1.0
NP_060182,1.1984620974269338,0.3216755351272334,0.07885416891159208,1.0
NP_005330,1.1983502026167225,0.3217228081768114,0.07884738715985114,1.0
NP_075568,1.197850238161547,0.3219341055936926,0.07881708395531926,1.0
NP_940978,1.1975701347508088,0.32205253687176844,0.07880010581510274,1.0
NP_066015,1.1974665469206724,0.32209634469284515,0.07879382680156673,1.0
NP_001226,1.196785240861416,0.322384601302479,0.07875252705706969,1.0
NP_597700,1.1961842661877347,0.32263905584690683,0.07871609380581833,1.0
NP_000844,1.1960842906749043,0.3226814026793952,0.07871003265024544,1.0
NP_653226,1.1958314041971152,0.32278853983303407,0.07869470069711515,1.0
NP_112217,1.195372665367413,0.3229829665068609,0.07866688706436605,1.0
NP_877429,1.195270230971424,0.3230263950038145,0.07866067617114113,1.0
NP_001159365,1.1948433395595532,0.3232074360989444,0.07863479161044036,1.0
NP_002922,1.1946834048673254,0.3232752857113779,0.07862509359587125,1.0
NP_001092750,1.1944715366260235,0.3233651862672836,0.07861224615458128,1.0
NP_060177,1.1942054004176246,0.32347814466412805,0.0785961074598084,1.0
NP_003120,1.1941374753734415,0.3235069801297393,0.0785919883447739,1.0
NP_001659,1.1941283392701019,0.3235108587482777,0.0785914343097793,1.0
NP_004798,1.1938341269280535,0.32363578446442165,0.07857359221871582,1.0
NP_443134,1.1937944222293984,0.32365264670566074,0.07857118433054538,1.0
NP_150280,1.1934507545565343,0.3237986311942156,0.0785503421070172,1.0
NP_001157661,1.1933585064734635,0.3238378264022307,0.07854474742796384,1.0
NP_068594,1.1932182624134915,0.3238974224526781,0.07853624174974137,1.0
NP_569119,1.192485392695682,0.3242090065212963,0.0784917912949919,1.0
NP_036366,1.1923351549265946,0.32427291308430306,0.07848267845380848,1.0
NP_001137236,1.191518821569083,0.32462034706923604,0.07843315968363557,1.0
NP_001012987,1.191238110802859,0.32473989287361965,0.07841613054275945,1.0
NP_612357,1.1911866414710341,0.32476181616198774,0.07841300812006124,1.0
NP_653280,1.191058822624576,0.3248162659583982,0.07840525380960874,1.0
NP_689799,1.1910330782641592,0.3248272338040392,0.07840369197591503,1.0
NP_071381,1.1909108425082042,0.32487931416247495,0.07839627622431428,1.0
NP_976227,1.1905714701653811,0.3250239466756433,0.07837568668852841,1.0
NP_004535,1.190422419449705,0.3250874861955072,0.07836664357177431,1.0
NP_001158889,1.1903453090959233,0.32512036214418727,0.07836196510840004,1.0
NP_001186064,1.19020207780973,0.3251814363443717,0.07835327480918837,1.0
NP_443175,1.1896322592632222,0.3254245067997427,0.07831870047661879,1.0
NP_068593,1.189421993141108,0.3255142408085618,0.0783059417058924,1.0
NP_060242,1.189154193090876,0.3256285592177922,0.07828969131354195,1.0
NP_002297,1.1889198233978875,0.3257286353803721,0.07827546904068891,1.0
NP_001011516,1.1888197013373076,0.3257713957392515,0.07826939319272036,1.0
NP_001244109,1.1886571118439924,0.32584084517621675,0.07825952637492142,1.0
NP_005253,1.1876486505760333,0.3262718913446683,0.07819832272265453,1.0
NP_001008710,1.1874749653933407,0.3263461792767975,0.07818778092468685,1.0
NP_004557,1.18744237183728,0.3263601216917809,0.07818580263647318,1.0
NP_003449,1.187433458908657,0.32636393442923817,0.07818526165868603,1.0
NP_057051,1.1870833423122071,0.32651373639490733,0.07816401053156237,1.0
NP_660295,1.1869185556737334,0.3265842630824723,0.07815400809075311,1.0
NP_001007070,1.1866641056653287,0.32669319047125067,0.07813856271586646,1.0
NP_001108224,1.186598161776294,0.326721425483902,0.07813455977013244,1.0
NP_001026871,1.1863321411719863,0.32683534820626203,0.07811841135462166,1.0
NP_003085,1.1861739133929141,0.3269031251755829,0.0781088060862262,1.0
NP_006035,1.1860330212050214,0.3269634866558286,0.07810025301202124,1.0
NP_001073159,1.1858288204492897,0.3270509880890942,0.07808785641337194,1.0
NP_001976,1.1856993771014852,0.3271064659348847,0.07807999800716463,1.0
NP_055399,1.1854436895041411,0.3272160744252536,0.07806447501586632,1.0
NP_001265612,1.1850876832904997,0.32736874047673514,0.07804286073333362,1.0
NP_775741,1.18504770154491,0.3273858896808696,0.07804043324963313,1.0
NP_056140,1.1849493763924885,0.3274280671812012,0.07803446340326221,1.0
NP_006819,1.1848213911808287,0.32748297467433485,0.07802669262010285,1.0
NP_006824,1.184502722264285,0.327619722769431,0.07800734366674433,1.0
NP_066300,1.1842545558847466,0.32772625077475176,0.07799227492704157,1.0
NP_115715,1.1842188656141446,0.32774157365562345,0.07799010776220444,1.0
NP_071757,1.1839104368327424,0.3278740169626181,0.07797137909618086,1.0
NP_115984,1.1834822252251838,0.3280579731859945,0.07794537561739283,1.0
NP_001003701,1.1834272655060014,0.3280815898857119,0.07794203804002367,1.0
NP_291027,1.183401974724266,0.32809245806170056,0.07794050218088605,1.0
NP_065698,1.183207377144131,0.32817609263357345,0.0779286844837053,1.0
NP_001985,1.1819159291999262,0.3287316004129244,0.0778502485925841,1.0
NP_001157852,1.1816362908725386,0.3288519918108111,0.07783326304444269,1.0
NP_112483,1.1816127376330052,0.3288621338151902,0.07783183236547458,1.0
NP_001139443,1.1815811912884544,0.3288757180664155,0.07782991615962068,1.0
NP_624311,1.1814688976944179,0.32892407702406884,0.07782309509416742,1.0
NP_064617,1.1814395272001257,0.3289367263667067,0.07782131102148616,1.0
NP_663736,1.1814270998461758,0.3289420787304758,0.0778205561358686,1.0
NP_001263215,1.181361593070829,0.32897029322623117,0.07781657698015923,1.0
NP_078934,1.1813535643863597,0.3289737514134392,0.07781608928189865,1.0
NP_006076,1.1812873500275476,0.3290022730537701,0.0778120671054556,1.0
NP_690049,1.181273598477161,0.32900819676119286,0.0778112317661975,1.0
NP_653249,1.181145653875409,0.3290633154220996,0.07780345968644924,1.0
NP_001675,1.1810005158650263,0.32912585066407996,0.07779464302308745,1.0
NP_689730,1.1809233480242118,0.32915910394787457,0.07778995525841378,1.0
NP_001191455,1.1798480588953113,0.3296227708018716,0.0777246290158963,1.0
NP_001083,1.1797423568349463,0.32966838013625627,0.07771820687745382,1.0
NP_060326,1.1795752952773495,0.3297404765493936,0.07770805653860013,1.0
NP_062535,1.1795066274720791,0.3297701144931409,0.07770388435006127,1.0
NP_037470,1.1794206796645006,0.3298072139537304,0.07769866219232871,1.0
NP_000007,1.1794086294720165,0.3298124157194817,0.07769793002226068,1.0
NP_066025,1.178972158719437,0.3300008768789451,0.07767140926220006,1.0
NP_002152,1.1788030256721032,0.3300739308040869,0.07766113201932846,1.0
NP_005853,1.1787241764080234,0.33010799306522287,0.07765634072461042,1.0
NP_036556,1.1773446318426377,0.3307044358279125,0.07757250430833101,1.0
NP_001129511,1.1772762077150734,0.3307340429899746,0.07756834570333693,1.0
NP_054726,1.177156750243289,0.3307857377852087,0.07756108536102577,1.0
NP_006023,1.1771066241746109,0.3308074317360764,0.07755803878320752,1.0
NP_001230072,1.1768282504173078,0.3309279308068771,0.07754111933005173,1.0
NP_659424,1.17660267608812,0.3310256024301397,0.07752740855118688,1.0
NP_444269,1.1764453322941752,0.33109374555484533,0.07751784469521338,1.0
NP_001180317,1.1759208189736028,0.33132099130542564,0.07748596167577622,1.0
NP_001102,1.175694479374082,0.33141909456872687,0.07747220273655464,1.0
NP_056091,1.17562299588373,0.3314500831361797,0.07746785724728461,1.0
NP_002483,1.1754691247112887,0.3315167957759326,0.077458503262821,1.0
NP_036222,1.1754362331043808,0.3315310578151205,0.07745650372410588,1.0
NP_001258671,1.1753940274421675,0.331549359270064,0.07745393795486723,1.0
NP_620604,1.1753341427128468,0.3315753283135258,0.07745029741419163,1.0
NP_073732,1.175141513043091,0.3316588741453353,0.0774385867857016,1.0
NP_006629,1.1750255189414585,0.33170919094045637,0.07743153495687978,1.0
NP_937862,1.1747280621701903,0.3318382540146895,0.07741345066332535,1.0
NP_001679,1.1746748468220696,0.33186134810050566,0.07741021528827514,1.0
NP_073613,1.174408544087587,0.3319769373901288,0.07739402433218211,1.0
NP_065816,1.1743280576210045,0.3320118795372979,0.07738913071878799,1.0
NP_653190,1.1738948707708654,0.33219999631278924,0.0773627918717239,1.0
NP_004694,1.173875676637763,0.3322083337255111,0.07736162478549262,1.0
NP_612385,1.172853404888407,0.3326526411832002,0.07729946197928303,1.0
NP_000384,1.1727902254200442,0.3326801174865067,0.07729561985607539,1.0
NP_001138545,1.1725367522938037,0.3327903707820161,0.07728020511247322,1.0
NP_444511,1.172444498513639,0.3328305062418714,0.07727459465272705,1.0
NP_659547,1.1722143952362807,0.33293063194509787,0.07726060050959528,1.0
NP_001842,1.172051530950067,0.33300151534935174,0.07725069536965071,1.0
NP_079514,1.1719862411289677,0.3330299350747793,0.07724672448963141,1.0
NP_006360,1.1719430762242464,0.3330487252858469,0.07724409921236677,1.0
NP_006088,1.171763963250728,0.33312670509530967,0.0772332054525098,1.0
NP_005312,1.1713278661304087,0.3333166328746419,0.07720668068517378,1.0
NP_071390,1.1712208029460718,0.33336327496060353,0.07720016854007125,1.0
NP_002892,1.1712174700503077,0.3333647270270028,0.07719996581437333,1.0
NP_733839,1.171166078938883,0.3333871176463524,0.07719683990308003,1.0
NP_057327,1.1710332058256734,0.3334450151934125,0.07718875767643804,1.0
NP_001229804,1.170878074359715,0.3335126224344821,0.07717932136957943,1.0
NP_660341,1.170785086284278,0.33355315285450077,0.07717366501637225,1.0
NP_699162,1.1706033180669688,0.33363239182326626,0.07716260807326462,1.0
NP_067643,1.170480215780653,0.33368606550014573,0.0771551196225875,1.0
NP_004759,1.1701484607645807,0.3338307505511029,0.07713493798633564,1.0
NP_068751,1.1700521784480697,0.3338727513038159,0.07712908068374018,1.0
NP_005808,1.170006503308571,0.33389267752929075,0.07712630202586883,1.0
NP_000924,1.1690981059345282,0.33428918707291955,0.07707103598183915,1.0
NP_000356,1.1687770998921112,0.3344294008278727,0.077051504692519,1.0
NP_001138722,1.1686583305693636,0.33448129144735655,0.07704427808319536,1.0
NP_036611,1.1685618257915082,0.334523459723172,0.07703840609361998,1.0
NP_002507,1.1685351763342593,0.3345351051497854,0.07703678455104827,1.0
NP_001243333,1.168380603636877,0.3346026580458955,0.07702737913609166,1.0
NP_005660,1.1683596399591,0.3346118207028593,0.07702610352679179,1.0
NP_733468,1.168291313903395,0.33464168567093866,0.07702194596121241,1.0
NP_006400,1.167812424832405,0.3348510698828616,0.07699280503498901,1.0
NP_001116080,1.1676664462259612,0.3349149183400581,0.07698392171041585,1.0
NP_055608,1.16765657435405,0.3349192364993613,0.07698332096524128,1.0
NP_001138295,1.1674831193634911,0.33499511707070306,0.07697276536757966,1.0
NP_009215,1.1674274829991356,0.3350194591862799,0.07696937956734465,1.0
NP_001077433,1.1673896686612715,0.3350360046457714,0.07696707832813987,1.0
NP_872606,1.1672838101282839,0.33508232620676826,0.0769606361126311,1.0
NP_065704,1.1671676584566482,0.3351331581642201,0.07695356738579198,1.0
NP_001193582,1.1671265055727147,0.3351511696667181,0.07695106288880027,1.0
NP_065960,1.167066872248144,0.335177271032107,0.07694743367839821,1.0
NP_003079,1.1669900673619134,0.3352108909207081,0.0769427593859363,1.0
NP_009146,1.1667760243758254,0.3353045994719642,0.07692973262746146,1.0
NP_001251,1.1664534680855334,0.33544585789405074,0.0769101010028533,1.0
NP_004989,1.1664281879630611,0.33545693108178554,0.07690856235278945,1.0
NP_001007238,1.1663880906131805,0.33547449514817657,0.07690612185607226,1.0
NP_077313,1.1661157388823935,0.33559381578851233,0.07688954501993835,1.0
NP_055875,1.1660780312969659,0.33561033881524965,0.0768872498803335,1.0
NP_001030312,1.165858186792044,0.3357066860296951,0.07687386842423401,1.0
NP_005132,1.1658358104534163,0.33571649382751956,0.07687250640349381,1.0
NP_056280,1.1654650520576617,0.3358790371433434,0.07684993820216089,1.0
NP_008977,1.1653938785762206,0.3359102478662389,0.07684560571964731,1.0
NP_001108488,1.1653044896435614,0.33594944988417164,0.07684016436592825,1.0
NP_001129516,1.1652597050959137,0.33596909187467033,0.07683743818144811,1.0
NP_996925,1.1651886017346238,0.3360002790198221,0.07683310985010414,1.0
NP_000118,1.1646941442393626,0.3362172251934083,0.07680300922401372,1.0
NP_919259,1.1642650325021797,0.33640559790018654,0.0767768849994882,1.0
NP_115693,1.1641566812510873,0.336453176555659,0.07677028836627926,1.0
NP_061188,1.1639281710262046,0.33655353773385094,0.07675637591386959,1.0
NP_001015048,1.1638352259868856,0.33659436633069745,0.07675071699489149,1.0
NP_004303,1.1638179247666263,0.33660196682376153,0.07674966360983503,1.0
NP_001185885,1.163808806016198,0.3366059727853625,0.07674910841361045,1.0
NP_002399,1.163183348519106,0.33688084032894194,0.07671102576443536,1.0
NP_689620,1.162666332701054,0.337108196654097,0.07667954350440015,1.0
NP_001191236,1.1624391613438747,0.3372081362358378,0.0766657098488134,1.0
NP_001264282,1.162277617947583,0.33727921953227236,0.07665587237182589,1.0
NP_037379,1.162250889839705,0.33729098183308565,0.07665424469519452,1.0
NP_426359,1.1621777620675828,0.33732316513915156,0.07664979136276154,1.0
NP_631918,1.1621261409871466,0.3373458850013309,0.07664664771819958,1.0
NP_055921,1.161916438963412,0.3374381941342776,0.07663387696673321,1.0
NP_004336,1.1619070539629635,0.3374423258414721,0.07663330541650222,1.0
NP_075047,1.1616844611709698,0.33754033409522516,0.07661974922021626,1.0
NP_663160,1.1616000655679728,0.33757750010131893,0.07661460931197946,1.0
NP_005326,1.1615270253824472,0.33760966825648603,0.07661016093154033,1.0
NP_777597,1.161320388766933,0.33770068880513293,0.07659757586993274,1.0
NP_055927,1.1611935385282746,0.33775657498090184,0.07658984997305122,1.0
NP_001002030,1.1611180087973676,0.3377898547384445,0.07658524972390682,1.0
NP_001129224,1.1608516417204602,0.3379072432850086,0.0765690258801798,1.0
NP_001184060,1.1608104623904818,0.33792539422318957,0.07656651768519311,1.0
NP_003099,1.1607898349968464,0.33793448663617737,0.07656526128456075,1.0
NP_006079,1.1605731277733269,0.33803002235296326,0.07655206158711905,1.0
NP_003423,1.1604804709250487,0.3380708773282271,0.07654641771747486,1.0
NP_114131,1.1598034224828875,0.3383695351380377,0.07650517557258235,1.0
NP_037365,1.1596465152163349,0.33843878189260845,0.07649561710112121,1.0
NP_001934,1.1590953355412532,0.338682126229563,0.076462038788271,1.0
NP_689695,1.159080416738776,0.33868871492206604,0.07646112988878334,1.0
NP_001034669,1.1590669869779395,0.33869464609279254,0.07646031170477775,1.0
NP_004813,1.1587216220658543,0.338847204914329,0.07643927047114295,1.0
NP_001243232,1.1585455932418165,0.3389249851508204,0.07642854560917337,1.0
NP_001015049,1.1584717308356707,0.33895762660341333,0.0764240453395499,1.0
NP_036243,1.1584008152330667,0.33898896832909564,0.07641972457074496,1.0
NP_001137299,1.1580999554683147,0.33912196332458855,0.07640139323995734,1.0
NP_071909,1.1579176700963565,0.33920256425500345,0.0763902862713593,1.0
NP_001137298,1.1578536212905266,0.33923088853932326,0.07638638360145002,1.0
NP_008972,1.1576056283305645,0.33934057748063096,0.0763712723971999,1.0
NP_690856,1.1575225222977386,0.33937734262161556,0.07636620830316727,1.0
NP_000839,1.1575151522679334,0.3393806032014693,0.07636575920524419,1.0
NP_055199,1.157227628459993,0.33950782772256893,0.07634823839995131,1.0
NP_005229,1.1571029511557467,0.33956300804459305,0.07634064074675408,1.0
NP_060124,1.1568286299182677,0.3396844455580293,0.0763239235703166,1.0
NP_003749,1.1568092953618776,0.3396930060503144,0.07632274529678701,1.0
NP_002125,1.1564465832560085,0.339853633241575,0.0763006405824427,1.0
NP_056303,1.1561796696976245,0.3399718774956453,0.07628437343014759,1.0
NP_001255973,1.156092643122504,0.34001043837772615,0.07627906943727436,1.0
NP_001165377,1.1560512089667505,0.3400287988838339,0.07627654413590244,1.0
NP_001003940,1.155820287530388,0.34013114145175716,0.07626246983684225,1.0
NP_005032,1.1555750471329844,0.3402398589077263,0.0762475223499743,1.0
NP_001405,1.1552457559621387,0.3403858836162294,0.07622745117859012,1.0
NP_001651,1.155129491507242,0.34043745407492576,0.07622036434294827,1.0
NP_110395,1.1548065830975212,0.34058071891136626,0.07620068106877072,1.0
NP_115518,1.1547758295547257,0.3405943660288733,0.07619880640548246,1.0
NP_001165276,1.154766159578334,0.340598657250712,0.07619821694500266,1.0
NP_065690,1.1547027520554056,0.34062679659746364,0.07619435174330917,1.0
NP_002255,1.1545468396918421,0.3406959967117204,0.07618484748537152,1.0
NP_699205,1.1543357385659614,0.34078971094230426,0.07617197866537398,1.0
NP_064535,1.1543062347555104,0.3408028103383421,0.07617018007120493,1.0
NP_919261,1.1540415321116555,0.34092035490684475,0.07615404310897678,1.0
NP_001135942,1.1538740079690446,0.3409947640268804,0.07614383010986174,1.0
NP_002043,1.153167278165611,0.3413088246319463,0.07610074230667434,1.0
NP_001145,1.1526931518927177,0.3415196580156938,0.07607183359010578,1.0
NP_006861,1.152480009181343,0.341614474063198,0.07605883713313077,1.0
NP_057732,1.1524242962754019,0.34163926152763985,0.07605543995746465,1.0
NP_861447,1.1521337623184258,0.34176854910820004,0.0760377238210269,1.0
NP_079472,1.151592041369611,0.34200972644279937,0.07600468902708885,1.0
NP_006064,1.1515290875914277,0.3420377632546538,0.07600084987689393,1.0
NP_001009944,1.1512973883554827,0.3421409686854731,0.07598671974060199,1.0
NP_997545,1.1510130240257739,0.3422676689779044,0.0759693772423369,1.0
NP_060908,1.1509449961496874,0.34229798515587984,0.07596522833672599,1.0
NP_060910,1.150909556768827,0.3423137793920839,0.07596306693380307,1.0
NP_079463,1.1508943570162118,0.3423205536424151,0.07596213991705675,1.0
NP_114430,1.1508866059675382,0.3423240081863743,0.07596166718812573,1.0
NP_689853,1.150541169745687,0.3424779949362704,0.07594059887730069,1.0
NP_064504,1.1503802498257316,0.3425497491555116,0.07593078397084874,1.0
NP_068799,1.1503468080836226,0.3425646624438158,0.07592874424959323,1.0
NP_078880,1.1501006804540899,0.34267443968823863,0.07591373184324064,1.0
NP_006535,1.149936594286441,0.34274764167460187,0.07590372323539102,1.0
NP_077003,1.1498772997417053,0.34277409738967174,0.07590010644913342,1.0
NP_003132,1.1493883749079896,0.3429923096070039,0.07587028244729192,1.0
NP_000240,1.1490914303707165,0.3431248968599889,0.07585216814171651,1.0
NP_004413,1.1490403646694392,0.34314770236122133,0.07584905294392301,1.0
NP_001093869,1.1488448652223566,0.343235022674719,0.07583712655608436,1.0
NP_057071,1.148803210683087,0.3432536302269275,0.07583458539305199,1.0
NP_694856,1.14850039143355,0.34338892885994454,0.07581611128207943,1.0
NP_005819,1.1484669881147633,0.3434038561361502,0.07581407339870311,1.0
NP_071354,1.1483841177943828,0.3434408916168375,0.07580901757339309,1.0
NP_078958,1.1482889834222594,0.3434834122100221,0.07580321346383777,1.0
NP_001265432,1.148197695344768,0.34352421791032905,0.07579764394662103,1.0
NP_056137,1.1480734822533007,0.34357974770466465,0.07579006555509016,1.0
NP_006279,1.148044213073545,0.34359283368374266,0.07578827978880098,1.0
NP_001244942,1.147798172704439,0.3437028528530637,0.07577326814221175,1.0
NP_003777,1.1477589209577825,0.3437204074029728,0.07577087323259372,1.0
NP_001091947,1.1475580735103548,0.3438102443240307,0.07575861851404114,1.0
NP_001123520,1.1474038339216062,0.3438792476334369,0.07574920735605341,1.0
NP_002970,1.147247223868099,0.34394932351296637,0.07573965136452897,1.0
NP_542199,1.146901836919903,0.3441039114914502,0.07571857593507211,1.0
NP_775786,1.1464869950514758,0.3442896643049612,0.07569326111236518,1.0
NP_060897,1.1463227199756967,0.3443632450002505,0.07568323619989102,1.0
NP_061845,1.1461059583472344,0.3444603555291881,0.07567000795446036,1.0
NP_001012772,1.1454752165337234,0.34474306442338937,0.07563151371330054,1.0
NP_036526,1.1453890495678345,0.3447817012202284,0.07562625468511931,1.0
NP_056111,1.1453680365436012,0.3447911239048661,0.07562497218819589,1.0
NP_054887,1.145353755874026,0.34479752778442163,0.07562410058793165,1.0
NP_000597,1.1452985569042358,0.344822281606726,0.07562073158221977,1.0
NP_001112,1.145279119463366,0.3448309986325836,0.0756195452344985,1.0
NP_004046,1.1451801740330365,0.34487537517534356,0.075613506136856,1.0
NP_788276,1.144721842361286,0.3450809981415172,0.07558553100390297,1.0
NP_061917,1.144351300285147,0.34524731205604786,0.07556291303567424,1.0
NP_000120,1.1443315576738926,0.34525617523415386,0.07556170791136968,1.0
NP_006734,1.14401530598518,0.3453981785564412,0.07554240291430803,1.0
NP_116204,1.1439594675134728,0.34542325630885834,0.07553899427474513,1.0
NP_000917,1.1438970182384116,0.3454513048913777,0.07553518205127585,1.0
NP_001347,1.1436869130314598,0.3455456861656293,0.07552235592293535,1.0
NP_057538,1.1436070598316728,0.34558156274464863,0.07551748109372727,1.0
NP_056365,1.1434599768996805,0.345647652708067,0.07550850193046708,1.0
NP_001161299,1.143328950571533,0.34570653688740494,0.07550050284870702,1.0
NP_001263199,1.1433101520365445,0.34571498578523285,0.07549935519763405,1.0
NP_149975,1.1424818100158114,0.34608745403703994,0.07544878206557469,1.0
NP_653182,1.1424516946362286,0.34610100200237487,0.07544694331373757,1.0
NP_064581,1.1424449348880092,0.3461040430632256,0.07544653058343503,1.0
NP_005311,1.1424139018439297,0.3461180044334599,0.07544463579250166,1.0
NP_000894,1.1422152771896237,0.3462073744765805,0.07543250814233687,1.0
NP_002873,1.141944274559643,0.34632934224497164,0.07541596071504848,1.0
NP_068806,1.141862163642833,0.3463663043967587,0.07541094690351632,1.0
NP_001071087,1.1414020401431555,0.34657349064254767,0.07538285008990911,1.0
NP_150241,1.1413969854856438,0.3465757672590819,0.07538254142466329,1.0
NP_055178,1.1413880996000447,0.346579769490661,0.0753819988030156,1.0
NP_057163,1.141371611877076,0.34658719571847385,0.07538099196916677,1.0
NP_060283,1.1405084168353332,0.34697617602931075,0.07532827732304923,1.0
NP_006084,1.1402289877298635,0.3471021742518531,0.07531121151826317,1.0
NP_001243806,1.1400703775664007,0.3471737109427877,0.075301524308347,1.0
NP_001265399,1.140003331855196,0.34720395380919966,0.07529742939069119,1.0
NP_004569,1.1398317420253155,0.34728136445965896,0.07528694911855315,1.0
NP_612641,1.139409751969489,0.34747180250364706,0.0752611740243878,1.0
NP_001245221,1.1393992337039613,0.34747655037900066,0.07526053155183221,1.0
NP_065737,1.1393481384498112,0.34749961522250505,0.07525741055892474,1.0
NP_963893,1.1393022130641457,0.3475203474524599,0.07525460533319749,1.0
NP_000475,1.1392798724435824,0.34753043312355286,0.07525324071175227,1.0
NP_060320,1.139240801103301,0.3475480724743954,0.07525085412607188,1.0
NP_001008396,1.1391527984192746,0.3475878054111283,0.07524547863327045,1.0
NP_003565,1.1389902177287572,0.34766122023666024,0.07523554750665766,1.0
NP_000115,1.1388799883058778,0.34771100285358475,0.07522881409890382,1.0
NP_005310,1.1388281261365327,0.3477344273202805,0.07522564604392294,1.0
NP_004044,1.138519648963566,0.34787378419988285,0.07520680194390823,1.0
NP_001034761,1.1378171522241494,0.3481913194225131,0.07516388530673812,1.0
NP_003857,1.137779767840611,0.34820822441675464,0.07516160132397764,1.0
NP_001008528,1.137235129010055,0.3484545858866412,0.07512832557053818,1.0
NP_002996,1.137167191503633,0.3484853270609901,0.07512417463037044,1.0
NP_001503,1.136701594073116,0.34869606811699333,0.07509572590888626,1.0
NP_112577,1.1366758971828492,0.34870770232270276,0.07509415573827549,1.0
NP_003911,1.1365494988836984,0.3487649336476091,0.07508643227887024,1.0
NP_694984,1.1365377898782543,0.34877023571971877,0.07508571680363078,1.0
NP_002199,1.1362959119444256,0.34887977819700683,0.07507093667795876,1.0
NP_000662,1.1357950375885801,0.34910670867514415,0.07504032888711296,1.0
NP_009157,1.1356912068968041,0.34915376678052373,0.07503398367292997,1.0
NP_057184,1.13563395424317,0.3491797171079742,0.07503048485952597,1.0
NP_006635,1.135632499442207,0.3491803765321175,0.0750303959536582,1.0
NP_871629,1.1352970016654698,0.3493324773338619,0.07500989254063153,1.0
NP_064629,1.135170437468978,0.3493898709018498,0.07500215753492438,1.0
NP_002142,1.135049814468771,0.3494445777372589,0.07499478550666473,1.0
NP_001116297,1.1347587793810625,0.3495766024549581,0.07497699804287652,1.0
NP_078939,1.1347148232850603,0.34959654630944986,0.07497431147756277,1.0
NP_037372,1.1341308093712903,0.34986161796638,0.07493861548157221,1.0
NP_065880,1.1341287325052973,0.3498625609163406,0.07493848853481726,1.0
NP_689485,1.1341066220923937,0.34987259973950685,0.07493713705154245,1.0
NP_004903,1.133613274909105,0.35009665842324694,0.07490698052847619,1.0
NP_078997,1.1335934398569985,0.3501056692591731,0.07490576804260375,1.0
NP_001243506,1.133104595247951,0.35032780788763335,0.0748758847278281,1.0
NP_076985,1.1330560863439387,0.3503498576068442,0.07487291924903439,1.0
NP_079185,1.133049270546965,0.3503529558211821,0.0748725025796478,1.0
NP_060936,1.132867559875082,0.35043556347215754,0.07486139394220889,1.0
NP_001138483,1.1326405481756199,0.3505387886599865,0.0748475155125634,1.0
NP_068818,1.13226716926494,0.3507086249832364,0.07482468797304088,1.0
NP_065907,1.1316546215588987,0.35098740142129675,0.07478723575586822,1.0
NP_002058,1.1316250190466788,0.3510008785682068,0.07478542573069746,1.0
NP_002813,1.1315990650657075,0.35101269500762183,0.0747838387866242,1.0
NP_056480,1.1315663519093562,0.351027589273405,0.0747818385481667,1.0
NP_612477,1.1312809149094485,0.3511575711589544,0.07476438520117305,1.0
NP_653229,1.1309992373312168,0.3512858810523295,0.07474716108244951,1.0
NP_005511,1.1307219199395158,0.35141224358291145,0.07473020295544738,1.0
NP_060825,1.1307104633136336,0.3514174647406429,0.07472950236244275,1.0
NP_006065,1.1306722152278927,0.35143489611544093,0.07472716341643798,1.0
NP_005794,1.1306665363072348,0.35143748431771243,0.07472681613821248,1.0
NP_067636,1.1306493181748178,0.3514453316838678,0.07472576321074936,1.0
NP_001683,1.1301090710347046,0.35169163104892137,0.07469272466767612,1.0
NP_058632,1.1298290872060215,0.351819333526346,0.07467560146871846,1.0
NP_004055,1.1296100085947474,0.3519192841061282,0.07466220265777136,1.0
NP_001178251,1.1295051623884704,0.35196712676028324,0.07465579014417395,1.0
NP_000030,1.1292460309652903,0.3520853953365531,0.07463994098939516,1.0
NP_115941,1.1289929059280326,0.35220095505069376,0.0746244586766682,1.0
NP_001135825,1.1287762350278439,0.35229989777712684,0.07461120565815327,1.0
NP_001123910,1.1285167371655376,0.35241842838306153,0.07459533256113354,1.0
NP_006302,1.1280264588134288,0.35264246449142234,0.07456534147957235,1.0
NP_001033073,1.1278547334971365,0.3527209640595109,0.07455483631791908,1.0
NP_057678,1.1278283668129463,0.3527330181826772,0.07455322333555478,1.0
NP_004799,1.1277457380434857,0.35277079604181144,0.07454816848272466,1.0
NP_065390,1.1275035663365798,0.3528815366200461,0.07453335319950792,1.0
NP_006597,1.126693818877447,0.3532520324842653,0.07448381201921221,1.0
NP_005202,1.1266435649715185,0.35327503674215827,0.07448073725888975,1.0
NP_055615,1.1264430971711388,0.3533668156068538,0.07446847153259709,1.0
NP_002263,1.126442110044335,0.3533672675865488,0.07446841113392745,1.0
NP_001002841,1.1264173574807976,0.3533786013015796,0.07446689661274788,1.0
NP_937886,1.1263755560285849,0.35339774206726754,0.07446433891955498,1.0
NP_054872,1.1255571818984136,0.3537726498296745,0.0744142624541085,1.0
NP_061817,1.1255378964715446,0.3537814887858347,0.07441308230989316,1.0
NP_056348,1.1252945372169443,0.353893041986579,0.07439819002850294,1.0
NP_000795,1.1251852552465837,0.35394314530835247,0.07439150240201403,1.0
NP_065191,1.125151825593337,0.35395847324862734,0.0743894566195007,1.0
NP_003762,1.1249063759734497,0.3540710323407746,0.07437443565008844,1.0
NP_006198,1.1248242767161623,0.35410868843713694,0.07436941124980649,1.0
NP_443109,1.1246910766340457,0.3541697899169837,0.07436125940922968,1.0
NP_113605,1.1245946297619387,0.35421403754123876,0.07435535677425557,1.0
NP_078942,1.1245196329183347,0.35424844760960233,0.07435076684821326,1.0
NP_001017973,1.1244768057033687,0.35426809886863186,0.07434814573416078,1.0
NP_789776,1.1241986817068763,0.35439573841959693,0.0743311236096511,1.0
NP_001230332,1.1236795720928476,0.3546340775074292,0.07429935067960122,1.0
NP_003788,1.1235846461009036,0.35467767556923946,0.07429354034729996,1.0
NP_055686,1.123557467092783,0.3546901593070865,0.0742918767318815,1.0
NP_543026,1.1234064249013342,0.3547595420776672,0.07428263139523894,1.0
NP_056226,1.12333655300273,0.3547916423237932,0.07427835445344846,1.0
NP_001122401,1.1232555118297296,0.35482887698188215,0.0742733937776225,1.0
NP_002823,1.1230881861601587,0.35490576580152233,0.0742631513045033,1.0
NP_055670,1.1227685698906245,0.3550526736857892,0.0742435860670415,1.0
NP_620132,1.122614392599833,0.3551235578299547,0.07423414784345611,1.0
NP_060109,1.1222643443223186,0.35528453945500144,0.07421271833167463,1.0
NP_149073,1.1220622098063568,0.35537752594878697,0.07420034346100772,1.0
NP_005970,1.121993056256994,0.3554093428761666,0.07419610973784634,1.0
NP_003098,1.1219881746753957,0.35541158893888797,0.07419581087587244,1.0
NP_006028,1.1219534793276735,0.355427552947762,0.07419368673904664,1.0
NP_003860,1.1216322039062574,0.3555754068083363,0.07417401698320072,1.0
NP_524558,1.1213261700051702,0.3557162946462417,0.07415527959640503,1.0
NP_039234,1.1204823325089344,0.35610501337883615,0.0741036104450124,1.0
NP_001092096,1.1201496524524472,0.3562583628596735,0.0740832384731564,1.0
NP_660289,1.1200912668551948,0.3562852815515445,0.07407966308447825,1.0
NP_061856,1.1198656209235087,0.3563893317805179,0.07406584482958575,1.0
NP_001258928,1.1194740828636074,0.35656993926928465,0.07404186658399828,1.0
NP_004636,1.1188322737434506,0.35686615794534077,0.07400255876153228,1.0
NP_079128,1.118534824155738,0.3570035122725937,0.07398434022644784,1.0
NP_000493,1.1184030820737352,0.35706436150612936,0.07397627090653865,1.0
NP_060708,1.1177208044409843,0.35737963279220936,0.0739344785433954,1.0
NP_001108206,1.1176408171332382,0.3574166092031989,0.07392957873867362,1.0
NP_150093,1.117404115778968,0.35752605002702464,0.07391507875433884,1.0
NP_612377,1.1171982015481428,0.35762127912957226,0.07390246437555681,1.0
NP_001001715,1.1170329327798507,0.3576977263901356,0.07389233970362473,1.0
NP_078898,1.1168889966251505,0.3577643171807773,0.07388352172689079,1.0
NP_150596,1.1165934912113749,0.35790106287159495,0.07386541761942267,1.0
NP_212132,1.116526361417126,0.357932133445785,0.07386130482111997,1.0
NP_055129,1.1164038328823187,0.357988850811314,0.07385379784931613,1.0
NP_002849,1.1161070513797922,0.35812625968521017,0.0738356143937148,1.0
NP_001123468,1.1160786152173878,0.358139427867238,0.0738338721058138,1.0
NP_002169,1.11601353157992,0.3581695682497969,0.0738298843969925,1.0
NP_001026971,1.1157487883756683,0.35829219344989943,0.0738136630871838,1.0
NP_001093,1.11552075054209,0.35839784558626253,0.07379969032837218,1.0
NP_114129,1.1154090105426224,0.35844962538255776,0.07379284343312524,1.0
NP_060224,1.1150035381269723,0.35863757229678045,0.07376799716350854,1.0
NP_003619,1.1144301981047768,0.35890347170709547,0.07373286213889271,1.0
NP_660275,1.114421684851011,0.3589074211706602,0.07373234041551065,1.0
NP_057110,1.1142251650169275,0.3589986006986601,0.07372029679668202,1.0
NP_001138501,1.114168961786152,0.3590246809581136,0.0737168523524619,1.0
NP_077289,1.1141314856557767,0.35904207207551836,0.07371455559409115,1.0
NP_001193581,1.1139981672271688,0.3591039453724499,0.07370638496190478,1.0
NP_005952,1.1139196230883117,0.3591404020321265,0.07370157119180834,1.0
NP_006531,1.11381618652097,0.35918841738812984,0.07369523175187946,1.0
NP_001243635,1.113711477524481,0.35923702890658976,0.0736888142386915,1.0
NP_001364,1.113672532461119,0.35925511070047605,0.07368642731071319,1.0
NP_006157,1.1136569564663685,0.3592623426895498,0.07368547266053245,1.0
NP_004354,1.1134903472493805,0.35933970759430856,0.07367526108567186,1.0
NP_004298,1.113350528336982,0.3594046432476314,0.07366669133025733,1.0
NP_001005476,1.1131204921928737,0.3595114996770253,0.07365259165159754,1.0
NP_001182461,1.1129780305631893,0.35957768937264845,0.07364385949032665,1.0
NP_004896,1.112940769350919,0.3595950031513045,0.07364157554352131,1.0
NP_003303,1.112352639660469,0.3598683760947568,0.07360552431401308,1.0
NP_919431,1.1121758985443084,0.35995056258272634,0.07359468987198861,1.0
NP_003092,1.111948018789277,0.3600565523631036,0.07358072019614867,1.0
NP_005327,1.1118940277998375,0.3600816681042825,0.07357741033350271,1.0
NP_002401,1.1118327019426948,0.3601101976942102,0.07357365078557039,1.0
NP_001929,1.111515701278527,0.3602577008362965,0.07355421674772744,1.0
NP_001193997,1.1111833103510251,0.36041241972613797,0.07353383831892728,1.0
NP_061857,1.111022048594931,0.3604875027768278,0.07352395126034755,1.0
NP_006747,1.110844720998469,0.3605700812108958,0.07351307895149017,1.0
NP_073586,1.11066940616932,0.3606517379553627,0.07350232979856346,1.0
NP_001099129,1.1105559486119636,0.3607045915919294,0.07349537319399409,1.0
NP_001448,1.1104728287345997,0.36074331670100773,0.07349027666578942,1.0
NP_001191676,1.1104367216469935,0.3607601398891795,0.07348806272794206,1.0
NP_005699,1.1103398204837198,0.36080529180329834,0.07348212109555154,1.0
NP_001231681,1.1103360178195096,0.360807063783536,0.07348188792824323,1.0
NP_001137259,1.1097369201823415,0.3610863249253433,0.07344515169552995,1.0
NP_065800,1.1091683175913218,0.3613515390754402,0.07341028270232042,1.0
NP_001193580,1.1089875011183412,0.36143591183591844,0.07339919376041948,1.0
NP_004897,1.1089445798983697,0.3614559422063546,0.0733965614893948,1.0
NP_060842,1.1089157342200324,0.3614694043608428,0.07339479243427513,1.0
NP_001009881,1.108768241937734,0.36153824495487585,0.07338574688438874,1.0
NP_115580,1.108531755165959,0.3616486458320733,0.0733712430254466,1.0
NP_001171944,1.1085154150100849,0.3616562750734387,0.07337024085826403,1.0
NP_115950,1.10834527307218,0.36173572260543113,0.07335980565969717,1.0
NP_056323,1.108254679462615,0.3617780311358538,0.07335424924820201,1.0
NP_001092755,1.1079158729592982,0.36193629549605555,0.07333346851250916,1.0
NP_003118,1.1078925317300956,0.361947200863186,0.07333203684122477,1.0
NP_001123476,1.107861067796,0.36196190171435966,0.07333010694396194,1.0
NP_001034794,1.1075977691654164,0.3620849420140542,0.07331395673149455,1.0
NP_006853,1.1074511745917948,0.362153461336834,0.07330496466898018,1.0
NP_997254,1.1073249145153568,0.36221248489282265,0.07329721977789869,1.0
NP_849193,1.1070663263236413,0.36233339385454183,0.07328135737344373,1.0
NP_001157789,1.1070660913941566,0.36233350371671263,0.07328134296207289,1.0
NP_006442,1.1069944504054265,0.3623670071344784,0.07327694824007286,1.0
NP_001264012,1.1067770750472832,0.3624686801693393,0.07326361338020995,1.0
NP_001254490,1.1066961468085563,0.3625065388675006,0.07325864875109413,1.0
NP_001152850,1.1065412398643648,0.3625790144806517,0.0732491456710378,1.0
NP_057210,1.1064871212957683,0.3626043375551468,0.0732458256119612,1.0
NP_006417,1.1063409400067454,0.36267274588463205,0.07323685758188979,1.0
NP_001164633,1.1062124278313534,0.36273289455286,0.07322897338536638,1.0
NP_001093392,1.1061725935698197,0.36275154022585576,0.07322652953407136,1.0
NP_057297,1.1061650316535072,0.3627550799082414,0.0732260656053767,1.0
NP_004744,1.1061206247679016,0.36277586705839876,0.07322334120345322,1.0
NP_001013649,1.1059561572139422,0.36285286408261364,0.07321325083323411,1.0
NP_001002762,1.1056635201615288,0.3629898987328186,0.07319529649828357,1.0
NP_005261,1.1050088290462732,0.36329663138505,0.07315512632613551,1.0
NP_001137160,1.1049811662593159,0.3633095965993261,0.07315342893161382,1.0
NP_057083,1.1049424099960747,0.3633277618441815,0.07315105082855866,1.0
NP_851939,1.1045955301125157,0.3634903799881594,0.07312976556773032,1.0
NP_002464,1.1045688351205742,0.36350289719305945,0.07312812746778129,1.0
NP_001909,1.1038684309295363,0.36383144376342647,0.07308514609866745,1.0
NP_573573,1.1035258506017276,0.3639922323843054,0.07306412168373008,1.0
NP_055239,1.1032335806412146,0.36412945508747674,0.07304618410029093,1.0
NP_001171938,1.1032024722369882,0.3641440632420985,0.07304427483276597,1.0
NP_001107563,1.1031061018229458,0.36418932081305805,0.0730383600820894,1.0
NP_001265362,1.1027078868692697,0.36437638086309493,0.07301391877068591,1.0
NP_000262,1.1026616304259167,0.3643981148757557,0.073011079597022,1.0
NP_060758,1.1026551349640363,0.36440116691478536,0.07301068091075512,1.0
NP_872434,1.1025087447032624,0.3644699573514881,0.07300169550240677,1.0
NP_004371,1.1023205189806753,0.36455842271881495,0.07299014198482101,1.0
NP_000526,1.1023076154713924,0.3645644879769433,0.07298934994160404,1.0
NP_065805,1.1016831794793964,0.3648581033107433,0.07295101919343634,1.0
NP_006085,1.1013112579540847,0.3650330781239498,0.07292818743630672,1.0
NP_443198,1.1012975322918046,0.36503953686480317,0.07292734481502991,1.0
NP_061848,1.1010472138176357,0.3651573433754282,0.07291197744287331,1.0
NP_005155,1.1008640819961943,0.36524355021156113,0.07290073442278609,1.0
NP_001136157,1.100576461325931,0.36537897813114484,0.0728830759636638,1.0
NP_068809,1.1005423326628736,0.36539505060441435,0.07288098059116534,1.0
NP_079490,1.1005309152151712,0.3654004276427084,0.07288027960038707,1.0
NP_001238968,1.1004447203158547,0.3654410232007051,0.07287498750519164,1.0
NP_075385,1.1003284542282434,0.3654957874827877,0.07286784903808766,1.0
NP_001245249,1.1002876473472638,0.3655150101880309,0.07286534356453514,1.0
NP_444504,1.0998196391574584,0.36573553306143525,0.07283660768406544,1.0
NP_001001976,1.09959864695597,0.3658397020286696,0.07282303805986565,1.0
NP_000539,1.0994712336260615,0.3658997720501125,0.07281521429555579,1.0
NP_116575,1.0992674629064634,0.36599585850578276,0.07280270156197795,1.0
NP_061872,1.0991666828597344,0.3660433883275618,0.07279651294316039,1.0
NP_001098057,1.099148176640944,0.36605211677945226,0.0727953765194102,1.0
NP_001245224,1.0989102899718088,0.3661643314399526,0.07278076820561472,1.0
NP_060167,1.0987233414375135,0.36625253800420937,0.0727692876140154,1.0
NP_055953,1.0985831796801486,0.3663186811522008,0.07276068003245731,1.0
NP_060979,1.0984546219438607,0.36637935707208547,0.07275278493385562,1.0
NP_057524,1.098406804363342,0.36640192787370246,0.07274984828504617,1.0
NP_001240752,1.0981498265112346,0.3665232461779119,0.07273406603655269,1.0
NP_004877,1.0977731794930663,0.36670112050331954,0.07271093335698962,1.0
NP_009028,1.0969417931705028,0.3670940040836341,0.07265986768702604,1.0
NP_001975,1.096877217145465,0.3671245351225821,0.07265590104288229,1.0
NP_055749,1.096783601973556,0.36716879940799024,0.07265015058109299,1.0
NP_001104595,1.0957524660877327,0.3676566487749,0.07258680668945229,1.0
NP_001157854,1.0953969160878863,0.36782499142626557,0.07256496282787164,1.0
NP_001155033,1.0951191055268674,0.36795657146347727,0.07254789431412337,1.0
NP_079095,1.0950720163735743,0.3679788782970403,0.07254500112260168,1.0
NP_060338,1.0950456356604739,0.36799137572708046,0.07254338026468382,1.0
NP_065118,1.0949180654121606,0.36805181503663936,0.07253554213858295,1.0
NP_787072,1.0944618574975058,0.368268021694847,0.07250751088909346,1.0
NP_000160,1.0944151711112964,0.36829015334383935,0.07250464219414486,1.0
NP_079194,1.0944017769927155,0.3682965030212732,0.07250381917492295,1.0
NP_076915,1.094367371190204,0.3683128140127672,0.07250170505846852,1.0
NP_002101,1.0939350394504268,0.36851782380573866,0.07247513896086422,1.0
NP_001258777,1.0934971405141458,0.36872557054657157,0.0724482292164728,1.0
NP_005728,1.0928842422265213,0.36901650395306324,0.07241056279812146,1.0
NP_078932,1.0928138949542892,0.36904990896302425,0.07240623932424091,1.0
NP_001138906,1.0927937680260031,0.3690594668725687,0.07240500233568956,1.0
NP_004466,1.0926149429623389,0.369144396680781,0.07239401171311426,1.0
NP_061895,1.092508774040296,0.3691948274433723,0.07238748642766758,1.0
NP_065192,1.0922672047714135,0.3693095954370539,0.07237263891180608,1.0
NP_036468,1.0922612373268366,0.36931243090757054,0.07237227213013042,1.0
NP_006867,1.0918772471001372,0.36949492453496435,0.07234867003108832,1.0
NP_006794,1.0917877859136658,0.36953745228420876,0.07234317109419712,1.0
NP_733762,1.0914762273558156,0.36968559174826104,0.07232401992439501,1.0
NP_620073,1.0912898457901397,0.36977423586546737,0.07231256287179222,1.0
NP_002931,1.0910215872498934,0.36990185221207983,0.07229607226668311,1.0
NP_001017928,1.0909083627969303,0.36995572652359077,0.07228911186594354,1.0
NP_060069,1.0907717749959427,0.3700207262498869,0.07228071507934761,1.0
NP_001035931,1.0906392415069381,0.3700838056921954,0.07227256738780986,1.0
NP_056525,1.090430415514048,0.3701832147970716,0.07225972921176638,1.0
NP_001026859,1.0902867088599422,0.37025163753829554,0.07225089422719867,1.0
NP_004870,1.0900069625253148,0.37038486276269866,0.0722336951356119,1.0
NP_004752,1.0897988516340102,0.3704839985104363,0.07222089985089498,1.0
NP_003553,1.0897312225815274,0.370516219055182,0.07221674173697427,1.0
NP_612412,1.0895426012970195,0.3706060963178936,0.0722051443231532,1.0
NP_863651,1.0894638169188802,0.37064364212120793,0.07220030016555867,1.0
NP_056227,1.0890599563560832,0.37083615726553454,0.07217546749142116,1.0
NP_079483,1.0889755988626697,0.3708763799042335,0.07217028033001464,1.0
NP_060211,1.0889280499615934,0.3708990533758276,0.0721673565117414,1.0
NP_001004309,1.088889217990873,0.3709175710755165,0.07216496869050915,1.0
NP_006704,1.0887822922861026,0.3709685644307044,0.07215839364603499,1.0
NP_060599,1.0884439726530224,0.3711299490322747,0.07213758917922669,1.0
NP_115970,1.0882314502187005,0.37123135595602214,0.07212451994848781,1.0
NP_005085,1.0879992411549892,0.3713421828765939,0.0721102396524049,1.0
NP_060620,1.0878088064071776,0.37143309261809015,0.07209852804770628,1.0
NP_940969,1.0873292402950332,0.37166210989570203,0.07206903375522619,1.0
NP_919415,1.0871410860386261,0.3717519952169216,0.07205746137315885,1.0
NP_065706,1.0870735219663294,0.37178427643281714,0.07205330579078728,1.0
NP_110430,1.0867649675270983,0.37193172927055573,0.07203432742978776,1.0
NP_055431,1.0861808839622158,0.37221098583706713,0.0719983998811065,1.0
NP_061158,1.0861224351643963,0.3722389404190037,0.07199480448552788,1.0
NP_004169,1.0860107524491582,0.372292360289844,0.0719879344029268,1.0
NP_005677,1.0855953599203874,0.37249110599759694,0.07196238093490244,1.0
NP_208325,1.0854852597534135,0.3725437985057207,0.07195560772906535,1.0
NP_061160,1.085323224246603,0.37262135785603656,0.07194563935508952,1.0
NP_001556,1.0852498037467273,0.37265650547245516,0.0719411224782757,1.0
NP_060026,1.0849624679973833,0.37279408436427286,0.0719234449737029,1.0
NP_056103,1.084725646348744,0.37290750837377756,0.07190887469745279,1.0
NP_038466,1.084218533879478,0.3731504826095257,0.07187767344024484,1.0
NP_008824,1.0838464594985127,0.3733288392640507,0.07185477937664893,1.0
NP_612411,1.0837310072467075,0.37338419655637334,0.07184767526854255,1.0
NP_001258152,1.0836743732279266,0.373411354047896,0.07184419037521417,1.0
NP_001258670,1.0834361891415523,0.3735255874902435,0.07182953377172169,1.0
NP_066552,1.0833923540778898,0.37354661401234185,0.07182683634063182,1.0
NP_078912,1.083265657585152,0.37360739249671143,0.07181903986689997,1.0
NP_005724,1.0830185488125401,0.3737259584368134,0.07180383325178658,1.0
NP_057344,1.0829347169208698,0.373766189140946,0.07179867427961309,1.0
NP_542172,1.0824238940761848,0.374011409355185,0.07176723726093663,1.0
NP_005707,1.082366833755527,0.37403880941613393,0.0717637255270244,1.0
NP_001071131,1.0821759647840081,0.37413047577891106,0.07175197844865525,1.0
NP_001138461,1.0818848524612033,0.374270320707634,0.0717340612957041,1.0
NP_776252,1.0816332788350649,0.37439120690738137,0.0717185770822968,1.0
NP_536737,1.0813721464525174,0.3745167205334449,0.07170250398647454,1.0
NP_036351,1.081151733345791,0.37462268954130146,0.07168893679089955,1.0
NP_000651,1.0809951711852077,0.3746979757420817,0.0716792996028957,1.0
NP_003213,1.0809402360509361,0.3747243954273959,0.0716759180218056,1.0
NP_001185987,1.0808837527085062,0.3747515612953039,0.07167244111369675,1.0
NP_005984,1.0807468389043384,0.37481741726077417,0.07166401309226263,1.0
NP_005841,1.080701468227755,0.37483924281374487,0.07166122016967133,1.0
NP_058649,1.0806437767320567,0.37486699681540836,0.07165766877932515,1.0
NP_002877,1.080011600773752,0.3751712332018443,0.07161875132233564,1.0
NP_001229342,1.0799397588376431,0.3752058202738426,0.07161432844615584,1.0
NP_001485,1.079727156313077,0.37530818960591483,0.07160123953973879,1.0
NP_002524,1.0793405083890284,0.3754944221130217,0.07157743455614407,1.0
NP_006452,1.0791147463468473,0.3756031978650117,0.07156353436519074,1.0
NP_060216,1.0783046958907643,0.3759937079684469,0.07151365605343092,1.0
NP_001124396,1.0781782346113076,0.3760547029089873,0.07150586880160338,1.0
NP_004984,1.07812959605623,0.3760781644908908,0.07150287369450789,1.0
NP_005866,1.0780111614689944,0.3761352983697296,0.07149558054604642,1.0
NP_006573,1.0780027555933258,0.3761393537106726,0.07149506291165988,1.0
NP_775099,1.0778123909908721,0.3762312031362167,0.07148334009215253,1.0
NP_001608,1.0777800333078358,0.37624681731047266,0.07148134744816192,1.0
NP_004087,1.077779908853331,0.3762468773669302,0.0714813397840144,1.0
NP_874389,1.077751109965918,0.3762607747002522,0.07147956628980026,1.0
NP_659473,1.0777232269719497,0.37627423046043296,0.07147784919171699,1.0
NP_872439,1.077637868605621,0.37631542513132904,0.0714725925902133,1.0
NP_036324,1.0773076172723683,0.37647484239131407,0.07145225424983823,1.0
NP_115883,1.0772267391888788,0.37651389197266383,0.07144727328328492,1.0
NP_057310,1.0771965886268944,0.37652845013417724,0.07144541641378153,1.0
NP_001230829,1.0768447567372597,0.3766983661671408,0.07142374774775462,1.0
NP_001013671,1.076465409011694,0.3768816419690613,0.0714003832999382,1.0
NP_001243342,1.0763978109874088,0.3769143086201504,0.0713962197391044,1.0
NP_001189472,1.0763065943050008,0.3769583926682912,0.07139060137657127,1.0
NP_835237,1.0763060620553266,0.3769586499113904,0.07139056859320596,1.0
NP_955369,1.0762902984240574,0.37696626874257344,0.07138959764767626,1.0
NP_001841,1.0760845755514932,0.3770657097874592,0.07137692616135576,1.0
NP_001137146,1.0759037936644669,0.37715311292648024,0.07136579062786323,1.0
NP_060943,1.0754495550789118,0.377372798918077,0.07133780993725614,1.0
NP_478066,1.0750999102127656,0.377541971727207,0.07131627097770873,1.0
NP_001034842,1.0750858356406772,0.37754878290661126,0.07131540392950517,1.0
NP_620147,1.074868984013068,0.3776537378629171,0.07130204482393636,1.0
NP_060087,1.0745752386511807,0.37779594741843736,0.07128394808073739,1.0
NP_001034937,1.0745687940628235,0.377799067902798,0.07128355104167529,1.0
NP_001610,1.074425766139827,0.3778683278327985,0.07127473927087837,1.0
NP_009135,1.074305771515211,0.37792644220022803,0.07126734642369045,1.0
NP_001836,1.0742089568917301,0.37797333569025826,0.0712613816064037,1.0
NP_653252,1.0741455557783983,0.3780040474945076,0.07125747537754437,1.0
NP_065863,1.074027552471409,0.37806121435575696,0.07125020494574594,1.0
NP_443173,1.073875528793806,0.37813487296331977,0.07124083827961238,1.0
NP_001034216,1.0737706204905637,0.3781857101158512,0.07123437443256107,1.0
NP_006491,1.0736747713166055,0.3782321622734525,0.07122846867836632,1.0
NP_006075,1.073483531520259,0.3783248584448572,0.07121668519924346,1.0
NP_001558,1.0734074094258343,0.3783617609389573,0.07121199475804,1.0
NP_001120690,1.0730783462413858,0.37852131851435783,0.07119171821388218,1.0
NP_008874,1.073006809470006,0.37855601292710506,0.07118731007245763,1.0
NP_065727,1.0728455496757165,0.37863423148540837,0.07117737298773008,1.0
NP_037396,1.0726822608096787,0.3787134478407998,0.0711673106517178,1.0
NP_203740,1.0724465077169845,0.37882784292661853,0.07115278247415907,1.0
NP_002196,1.0722854849238417,0.37890599283573106,0.07114285925624239,1.0
NP_001191435,1.0719649408004086,0.379061603571294,0.07112310471865259,1.0
NP_115687,1.071960145059378,0.37906393210311906,0.07112280915968114,1.0
NP_003119,1.0719060212987952,0.3790902122597628,0.07111947352803528,1.0
NP_001004065,1.0718417712239006,0.3791214112693175,0.07111551378347984,1.0
NP_001060,1.071725743509337,0.379177758205148,0.07110836288743351,1.0
NP_055438,1.0715199430876128,0.37927771877457417,0.07109567894504587,1.0
NP_699160,1.0714810515903628,0.37929661144296456,0.07109328193577223,1.0
NP_003360,1.0709746610803539,0.37954267617467036,0.07106207031493887,1.0
NP_612639,1.0707967164456518,0.37962917411535607,0.07105110211440713,1.0
NP_001264993,1.0707113768488177,0.37967066301072616,0.07104584183687661,1.0
NP_079504,1.0705813150172372,0.37973390136720797,0.0710378247951488,1.0
NP_690610,1.0705731980924191,0.37973784824732154,0.07103732446141653,1.0
NP_115536,1.070199990834494,0.3799193580039642,0.07101431908570402,1.0
NP_000558,1.070152032565312,0.37994268774945095,0.0710113627422474,1.0
NP_001243547,1.0700402898117918,0.3799970506345955,0.07100447438983953,1.0
NP_001137854,1.0699828492250127,0.38002499799513145,0.0710009334403481,1.0
NP_002208,1.0699437259938238,0.3800440341307965,0.07099852165660715,1.0
NP_003168,1.069555699716373,0.3802328781192852,0.07097460077980289,1.0
NP_001254523,1.0694310392337971,0.3802935641001895,0.07096691550261555,1.0
NP_057317,1.0691620100267658,0.38042455745145076,0.07095032950839354,1.0
NP_079221,1.0688457754703065,0.38057858318617316,0.07093083248686621,1.0
NP_006293,1.0687825138722369,0.38060940165707047,0.07092693207884063,1.0
NP_009042,1.0687608442346817,0.38061995869390364,0.07092559602494392,1.0
NP_001190992,1.0687587066415503,0.38062100010185507,0.07092546423020865,1.0
NP_110445,1.068671681933394,0.3806633994178166,0.07092009863183091,1.0
NP_001006618,1.0685603670321044,0.38071763883619225,0.07091323530613879,1.0
NP_115647,1.068536743002622,0.3807291507256238,0.07091177870995462,1.0
NP_008976,1.0683518616562575,0.38081925253166904,0.07090037924949465,1.0
NP_115912,1.0682712533329983,0.3808585424481154,0.07089540899369617,1.0
NP_055640,1.0675757891978606,0.381197662683506,0.07085252492728258,1.0
NP_001119,1.067559551891638,0.38120558324379766,0.070851523646881,1.0
NP_060935,1.067510792805313,0.3812293687480191,0.07084851688409248,1.0
NP_000202,1.0673527626719617,0.3813064669145574,0.0708387717128542,1.0
NP_001152752,1.066825732616658,0.3815636819395532,0.07080627011615287,1.0
NP_005456,1.066621364459165,0.38166346149151664,0.07079366625454799,1.0
NP_001857,1.0662928245662953,0.3818239109859275,0.07077340371532237,1.0
NP_001345,1.0661926184429817,0.3818728598452677,0.07076722337518927,1.0
NP_001128524,1.066027592661562,0.3819534831834917,0.07075704502099865,1.0
NP_060287,1.0659964994792313,0.3819686753252422,0.07075512725069842,1.0
NP_963868,1.065863033377861,0.38203389256851694,0.07074689521711972,1.0
NP_003959,1.065841837682925,0.38204425053471597,0.07074558787793886,1.0
NP_003306,1.0657356344688105,0.38209615367333355,0.0707390372648329,1.0
NP_001265523,1.065667654188484,0.3821293797251564,0.07073484419339436,1.0
NP_001035998,1.065628185022816,0.38214867177164563,0.0707324096901706,1.0
NP_001035930,1.0654233469681702,0.3822488069903607,0.07071977484008637,1.0
NP_065970,1.0654027971818842,0.38225885395888676,0.07071850726627618,1.0
NP_000499,1.0651313281694375,0.38239159791171223,0.07070176190086096,1.0
NP_057724,1.0649743367891997,0.3824683814667554,0.07069207772817074,1.0
NP_003960,1.0649713138229906,0.3824698601061368,0.07069189125145012,1.0
NP_065881,1.064888213529389,0.3825105092323853,0.07068676504171069,1.0
NP_060921,1.0648467607100778,0.3825307875159456,0.07068420791954258,1.0
NP_001243353,1.0648186179200398,0.38254455517718916,0.07068247185222709,1.0
NP_542417,1.0647548435519947,0.3825757555790312,0.07067853772660167,1.0
NP_835461,1.0647246684101905,0.3825905189254245,0.07067667626497369,1.0
NP_001156423,1.0645317870381021,0.38268489822281826,0.07066477751097792,1.0
NP_002486,1.06445135409516,0.3827242607390034,0.07065981555350817,1.0
NP_665807,1.0644122263196558,0.38274341041204235,0.07065740171793605,1.0
NP_001007227,1.064315371882224,0.3827908157001519,0.07065142660706537,1.0
NP_659469,1.0643142513941135,0.3827913641499724,0.07065135748184605,1.0
NP_001165887,1.064156330948539,0.38286866857136065,0.07064161494144108,1.0
NP_001138784,1.064012622743107,0.3829390270480562,0.07063274901513945,1.0
NP_001094289,1.063892349408882,0.38299792015918194,0.07062532874849109,1.0
NP_004348,1.063782866486551,0.38305153610748066,0.07061857409357801,1.0
NP_060404,1.0637733453512002,0.3830561990871519,0.07061798667327193,1.0
NP_003143,1.063662249512316,0.3831106117669561,0.07061113239887944,1.0
NP_001139016,1.0636263332030416,0.3831282042681717,0.07060891645052367,1.0
NP_068780,1.0634242788403165,0.3832271867746914,0.07059644999405043,1.0
NP_004598,1.0631538347915899,0.3833597049660868,0.07057976347131287,1.0
NP_056177,1.0629847064942224,0.38344259735786773,0.07056932787271102,1.0
NP_149082,1.0629801674678028,0.38344482220786813,0.07056904780128233,1.0
NP_775818,1.0628833780344793,0.38349226705977457,0.07056307556522903,1.0
NP_001159694,1.0628687856494892,0.3834994204652527,0.0705621751589639,1.0
NP_055945,1.0625728650059407,0.3836445088601076,0.07054391534095468,1.0
NP_060045,1.0625423620092915,0.3836594668897825,0.07054203310918042,1.0
NP_006576,1.0624984566370337,0.38368099800483124,0.07053932385094198,1.0
NP_077084,1.0624338495657406,0.3837126830015053,0.07053533712922307,1.0
NP_689529,1.0620740588043878,0.3838891731314804,0.07051313482179851,1.0
NP_006333,1.0619391462767749,0.3839553697057412,0.07050480923894055,1.0
NP_036613,1.0616644418150671,0.3840901859892503,0.07048785649928652,1.0
NP_057222,1.0614217961958616,0.38420930114948176,0.07047288168132644,1.0
NP_940897,1.060851295998011,0.3844894802421617,0.07043767149337048,1.0
NP_001883,1.0602681976714337,0.3847760197859862,0.07040168101623637,1.0
NP_000123,1.060177750249615,0.3848204821321187,0.07039609809598982,1.0
NP_065941,1.0600252002178268,0.3848954825744912,0.07038668170372611,1.0
NP_001004439,1.0599325476864663,0.3849410405742395,0.07038096248640204,1.0
NP_150249,1.05970279354948,0.3850540316408618,0.07036678001397094,1.0
NP_004434,1.0594102526064957,0.38519794010210473,0.07034872115414556,1.0
NP_067075,1.0593876034115686,0.3852090836680066,0.07034732296627874,1.0
NP_203754,1.059099951662465,0.38535063340259973,0.07032956518397662,1.0
NP_003175,1.0590829023956556,0.3853590244676531,0.07032851264980901,1.0
NP_001266282,1.0586371828737071,0.3855784455416297,0.0703009953701323,1.0
NP_001245146,1.058614022454416,0.38558984987141004,0.07029956547633673,1.0
NP_060106,1.058489536100074,0.3856511524417914,0.07029187977735298,1.0
NP_001164432,1.0584405965212884,0.3856752546376338,0.07028885824776594,1.0
NP_005683,1.0581952554932799,0.38579610097633094,0.07027371059670957,1.0
NP_065779,1.058033814501611,0.3858756380559362,0.07026374276584994,1.0
NP_001181927,1.0579863396054483,0.3858990300557983,0.07026081148863428,1.0
NP_056284,1.0579836884375473,0.3859003363829665,0.07026064779509178,1.0
NP_001026879,1.0569462163296477,0.3864118151591009,0.07019658575809762,1.0
NP_061749,1.0567606573990984,0.38650335517069856,0.07018512689711859,1.0
NP_001258933,1.056681630610917,0.38654234609600796,0.07018024665293017,1.0
NP_775837,1.0566641456916923,0.3865509733933101,0.07017916687701675,1.0
NP_065071,1.0564842487116841,0.3866397461777913,0.07016805724763286,1.0
NP_904320,1.0561274871074542,0.3868158448025384,0.07014602446823164,1.0
NP_001106967,1.05607120218735,0.38684363321294973,0.07014254834514355,1.0
NP_001601,1.0560319260240452,0.38686302520415977,0.07014012265733285,1.0
NP_060699,1.0557554900491495,0.3869995336712545,0.07012304967007026,1.0
NP_004423,1.0554493400010256,0.3871507614633129,0.07010414077757136,1.0
NP_001139669,1.0547678896351917,0.38748754870955804,0.0700620492702097,1.0
NP_005137,1.0544532476070958,0.3876431324146953,0.07004261332271908,1.0
NP_005899,1.0544244906888096,0.3876573546416068,0.07004083692079846,1.0
NP_001001329,1.0542446993724912,0.38774628320297094,0.07002973051291214,1.0
NP_071941,1.0539719687355602,0.3878812133804316,0.07001288237579247,1.0
NP_058432,1.0538837254936655,0.3879248788825411,0.07000743095344357,1.0
NP_066963,1.0536071946989274,0.38806174098125396,0.0699903472351764,1.0
NP_002940,1.053487720314438,0.3881208841040519,0.06998296606657962,1.0
NP_001266288,1.053302250061713,0.3882127116170731,0.06997150741840676,1.0
NP_056503,1.053179195030554,0.3882736467615745,0.06996390472640063,1.0
NP_001026882,1.0530938575878273,0.38831590927408477,0.06995863226196476,1.0
NP_006558,1.0528417707691182,0.3884407747197264,0.06994305705209868,1.0
NP_061330,1.0526868821376636,0.3885175115518296,0.06993348698343274,1.0
NP_066189,1.0526481133005068,0.3885367208263067,0.06993109155128581,1.0
NP_689600,1.052526284100905,0.38859709010007487,0.06992356394106591,1.0
NP_004558,1.0524415909530604,0.3886390620944884,0.06991833082983745,1.0
NP_001139647,1.0523848455717193,0.3886671858866581,0.06991482455229162,1.0
NP_919258,1.0516182180476168,0.3890473001760212,0.06986745231065428,1.0
NP_004049,1.051228206272866,0.3892407949721626,0.06984335044729097,1.0
NP_001264335,1.0512232551466156,0.3892432518577793,0.06984304447063196,1.0
NP_116199,1.0512154317435227,0.3892471340723444,0.06984256098856133,1.0
NP_057526,1.0511014147538913,0.38930371642005457,0.06983551474336266,1.0
NP_004765,1.0510518709886818,0.38932830522401773,0.06983245290746844,1.0
NP_071409,1.0510130965649636,0.3893475500384183,0.06983005660960005,1.0
NP_542390,1.050751336748573,0.3894774889831573,0.06981387927013402,1.0
NP_789790,1.0507190987659263,0.38949349453717674,0.06981188685210923,1.0
NP_059118,1.0506816540148332,0.38951208582875285,0.06980957262720115,1.0
NP_079352,1.0504036385753266,0.389650142968236,0.06979238987870479,1.0
NP_842565,1.0503647616551204,0.38966945168735406,0.06978998703946426,1.0
NP_803882,1.0498171469971982,0.3899415145569663,0.06975613967553501,1.0
NP_009044,1.0495824066110555,0.39005818446538226,0.06974162991725204,1.0
NP_001266289,1.0494759340470543,0.39011111251149333,0.0697350484924715,1.0
NP_954592,1.0493605388551832,0.3901684826628054,0.06972791542510343,1.0
NP_060713,1.0492767242267178,0.390210156463948,0.06972273441803116,1.0
NP_078982,1.049167317535589,0.39026456046336966,0.06971597134899805,1.0
NP_004855,1.048944020917083,0.39037561703129803,0.06970216777065,1.0
NP_000923,1.0485961738691791,0.3905486701472169,0.06968066401369663,1.0
NP_001020092,1.0484064257816756,0.3906430957803035,0.06966893344836124,1.0
NP_001161694,1.0482957376947417,0.3906981868508304,0.06966209037670937,1.0
NP_003225,1.048033268060464,0.39082884714674293,0.06964586330925521,1.0
NP_002436,1.0478909086532315,0.3908997301515288,0.06963706176595459,1.0
NP_003997,1.0475954052720462,0.39104689945054594,0.06961879137878818,1.0
NP_055859,1.047574946464153,0.3910570902061833,0.0696175264247685,1.0
NP_001087195,1.046967453387873,0.39135978787117776,0.0695799639781998,1.0
NP_056050,1.0469079300358137,0.39138945705275524,0.06957628337354506,1.0
NP_001159921,1.0468403772109358,0.39142313071560314,0.06957210623410469,1.0
NP_037391,1.046665702941438,0.39151021311850176,0.06956130504958498,1.0
NP_689771,1.0461104235035141,0.3917871479874589,0.06952696704055726,1.0
NP_057130,1.0461052152619423,0.3917897462528446,0.06952664495532243,1.0
NP_620590,1.0453974250562401,0.3921429762831042,0.06948287210514366,1.0
NP_000055,1.0452937318941087,0.3921947472178907,0.06947645891939078,1.0
NP_073606,1.0452129121811287,0.392235101976471,0.06947146034303626,1.0
NP_001003698,1.04473058966899,0.39247600475753613,0.06944162831246656,1.0
NP_002195,1.0445362923659713,0.3925730833349504,0.06942961032943229,1.0
NP_003364,1.044257831194124,0.3927122475914504,0.06941238596887546,1.0
NP_002078,1.044146377332421,0.3927679592310042,0.06940549175363488,1.0
NP_002209,1.043486540447509,0.39309791898714996,0.06936467404958825,1.0
NP_001130034,1.043396436322092,0.39314299419824417,0.06935909990398341,1.0
NP_001177695,1.0432615646772476,0.39321047253203323,0.06935075616360398,1.0
NP_004078,1.042940202336792,0.39337129298572726,0.06933087470325648,1.0
NP_000925,1.042866369321246,0.3934082490548267,0.06932630681663772,1.0
NP_001238900,1.0427825471634198,0.39345020847198064,0.06932112086936035,1.0
NP_001198,1.0426270722543283,0.3935280452266587,0.06931150172415175,1.0
NP_150252,1.0426025408638127,0.3935403277342154,0.06930998396265155,1.0
NP_004380,1.0421842587726913,0.39374980344758037,0.06928410401334385,1.0
NP_659471,1.042145490378587,0.3937692232556585,0.06928170526240256,1.0
NP_002266,1.0416906991933643,0.3939970947820963,0.06925356464411453,1.0
NP_001011724,1.04144783908524,0.3941188229060763,0.06923853675701584,1.0
NP_258259,1.0413498942485202,0.3941679241885481,0.06923247591273105,1.0
NP_115517,1.0413220812805029,0.3941818681722956,0.06923075482682921,1.0
NP_002688,1.041219241365368,0.39423343027048763,0.06922439096571878,1.0
NP_001254637,1.0410896455665222,0.3942984151007703,0.06921637129351142,1.0
NP_114140,1.0407385227897143,0.3944745267161577,0.0691946423516896,1.0
NP_002171,1.0405694952345623,0.39455932816460243,0.06918418185988603,1.0
NP_114091,1.040535729270279,0.3945762703891566,0.06918209218075254,1.0
NP_071398,1.040102266531674,0.39479381478668735,0.06915526557596519,1.0
NP_004123,1.0399975391109066,0.39484638954640533,0.06914878386159538,1.0
NP_009014,1.039969639454806,0.394860396558163,0.06914705710087489,1.0
NP_005045,1.0396785533475945,0.39500656030889253,0.06912904086744452,1.0
NP_653326,1.03966128839308,0.39501523098177976,0.06912797226327445,1.0
NP_055565,1.0395889715430735,0.3950515510751404,0.0691234962278634,1.0
NP_115995,1.039581001931832,0.39505555386322805,0.0691230029479078,1.0
NP_005076,1.039563020691504,0.39506458517692283,0.06912188999515932,1.0
NP_001128529,1.0395023628578668,0.3950950526063311,0.06911813554583174,1.0
NP_115710,1.0391229335198746,0.39528567701694767,0.06909464987508217,1.0
NP_003468,1.0389248389449803,0.3953852289434015,0.06908238787486773,1.0
NP_001138244,1.0388402253835964,0.39542775747954434,0.06907715022001297,1.0
NP_005426,1.0387481508810785,0.3954740402602742,0.06907145065929049,1.0
NP_852608,1.038423851153999,0.3956370899451568,0.06905137542551136,1.0
NP_003087,1.0381190669997982,0.39579037743964807,0.0690325074814632,1.0
NP_775965,1.0380006173502627,0.395849963261987,0.0690251745403347,1.0
NP_002963,1.0376439225636882,0.3960294417270902,0.06900309170153474,1.0
NP_006545,1.037633129643386,0.39603487344058846,0.06900242349960785,1.0
NP_004178,1.037605929539635,0.3960485626054198,0.0690007395061057,1.0
NP_008848,1.0374139694500841,0.39614518246712976,0.06898885483618979,1.0
NP_001161328,1.0369379794422,0.3963848464923347,0.06895938394238595,1.0
NP_002644,1.036891038496078,0.39640848793096384,0.06895647749534957,1.0
NP_065111,1.03675560424321,0.39647670473903085,0.06894809169809538,1.0
NP_003477,1.0366454427017362,0.3965321989707387,0.06894127062129318,1.0
NP_116558,1.0365599148137021,0.39657528826445015,0.06893597476325052,1.0
NP_777553,1.036296537846887,0.3967080024922417,0.06891966617168609,1.0
NP_652760,1.0362641501250034,0.3967243249765754,0.06891766064886462,1.0
NP_057147,1.0359049803754738,0.39690537275371135,0.06889541944615336,1.0
NP_001132,1.0359037132401157,0.3969060116010149,0.06889534097827008,1.0
NP_001257384,1.0357481618165316,0.3969844417638222,0.06888570829131248,1.0
NP_031390,1.0355283900692993,0.3970952736979648,0.06887209835294164,1.0
NP_079511,1.034975726207557,0.39737409554707204,0.06883787144421419,1.0
NP_000969,1.0349481594409924,0.39738800728037577,0.06883616414673903,1.0
NP_004975,1.0348115060904652,0.39745697603701813,0.0688277006779415,1.0
NP_004738,1.0347813954077154,0.39747217416085867,0.06882583578659701,1.0
NP_060436,1.034776381140003,0.3974747051177128,0.06882552522949742,1.0
NP_001399,1.034399901335016,0.39766477099075137,0.06880220747907365,1.0
NP_443169,1.0343316655388082,0.3976992277213294,0.06879798108416546,1.0
NP_005080,1.0341551225806456,0.3977883870678053,0.06878704617244434,1.0
NP_000058,1.0341018088854523,0.39781531522273833,0.06878374391972503,1.0
NP_061877,1.0340927797747577,0.39781987587240736,0.06878318465387645,1.0
NP_073616,1.0336383351752703,0.39804947285579334,0.06875503535007842,1.0
NP_000124,1.033612704747768,0.39806242519656576,0.06875344769400255,1.0
NP_057494,1.0334570487179655,0.398141093327166,0.06874380559101659,1.0
NP_065148,1.0332758586564745,0.3982326821423139,0.0687325815325536,1.0
NP_689966,1.0331116800831397,0.398315686639875,0.06872241103961693,1.0
NP_001073860,1.033081856789165,0.39833076603946255,0.06872056352986661,1.0
NP_829884,1.0329907870154695,0.39837681604364494,0.06871492184427472,1.0
NP_008860,1.0329734826054262,0.39838556661470775,0.06871384984485435,1.0
NP_689786,1.032662534739622,0.39854283463383783,0.06869458636174382,1.0
NP_068838,1.032632810981572,0.3985578706419649,0.06869274490807876,1.0
NP_005894,1.032563163806453,0.39859310403809967,0.06868843008040909,1.0
NP_004613,1.0324512648087527,0.3986497172365044,0.06868149755627279,1.0
NP_066014,1.0322850624926714,0.39873381619009873,0.06867120056606325,1.0
NP_055925,1.031923815520927,0.398916657934494,0.06864881888607188,1.0
NP_067639,1.031902632960549,0.39892738139258366,0.0686475064505733,1.0
NP_055555,1.0312290728122673,0.39926848605608617,0.06860577187779693,1.0
NP_955469,1.0312038480018484,0.3992812649982863,0.0686042088464478,1.0
NP_056437,1.0311495196908809,0.39930878895865196,0.06860084242659356,1.0
NP_001124435,1.0307080041018701,0.39953252772165754,0.06857348328638883,1.0
NP_000414,1.0305161496698279,0.39962978186284653,0.06856159425319967,1.0
NP_055841,1.030383891343386,0.39969683690951296,0.06855339815617259,1.0
NP_006244,1.0303323163050375,0.39972298794806327,0.06855020199302739,1.0
NP_000794,1.0302780609972968,0.39975049950552805,0.06854683970689864,1.0
NP_079032,1.0302428706978088,0.39976834447561554,0.0685446588961192,1.0
NP_057520,1.0301773395169112,0.3998015769960794,0.06854059777514394,1.0
NP_036270,1.0301581507341127,0.3998113085361574,0.06853940859456606,1.0
NP_001257766,1.0300833872908286,0.3998492264434254,0.06853477527355896,1.0
NP_938022,1.029998992447629,0.3998920326169379,0.06852954500962975,1.0
NP_071898,1.0299783013528572,0.3999025279774167,0.0685282626961709,1.0
NP_001257965,1.0297597112430072,0.40001341932484535,0.06851471553951033,1.0
NP_660215,1.029718102599996,0.40003453031566816,0.06851213679262984,1.0
NP_056203,1.0291103078315071,0.4003430099773744,0.0684744663358582,1.0
NP_006245,1.0289025294677931,0.40044850970443957,0.06846158776067524,1.0
NP_892006,1.0285925434051728,0.40060594725957127,0.06844237345808797,1.0
NP_001036182,1.028519110878371,0.4006432499280938,0.06843782167025883,1.0
NP_061901,1.0283552024915807,0.40072652315131685,0.06842766148627413,1.0
NP_077297,1.0282999410375167,0.4007546017372804,0.06842423594631326,1.0
NP_000013,1.028068363300352,0.40087228467326597,0.06840988066110815,1.0
NP_115791,1.0279288821834835,0.4009431795055901,0.06840123414492302,1.0
NP_067000,1.0274369547605684,0.40119329495130923,0.0683707379943514,1.0
NP_071682,1.0273999675455032,0.40121210581000144,0.06836844495816753,1.0
NP_997249,1.0271371292902494,0.4013457998867659,0.06835214987745056,1.0
NP_001010987,1.0270089545240078,0.40141100970220983,0.06834420326972776,1.0
NP_003301,1.0269003964422458,0.4014662460773981,0.06833747275555069,1.0
NP_056109,1.0266501618857664,0.40159359344290796,0.06832195804290463,1.0
NP_079107,1.0265634966434765,0.4016377060204824,0.06831658461848465,1.0
NP_001207695,1.0264200437340933,0.4017107320898859,0.06830769010494307,1.0
NP_001015072,1.0264179547946788,0.40171179556349673,0.06830756058313718,1.0
NP_001191293,1.0259101818322243,0.40197036882253834,0.06827607575297817,1.0
NP_059830,1.0257194969800265,0.40206750594101576,0.06826425165105622,1.0
NP_998885,1.0256432471451244,0.4021063538054658,0.0682595234210686,1.0
NP_116142,1.0253786016368176,0.40224120922031903,0.06824311245808586,1.0
NP_005195,1.025209429284119,0.402327433478868,0.06823262158902005,1.0
NP_003886,1.0250953354779377,0.4023855935548287,0.06822554616724702,1.0
NP_006760,1.024991833982627,0.40243835999184296,0.06821912752487243,1.0
NP_073581,1.024716754606269,0.4025786262181467,0.06820206805510072,1.0
NP_001243423,1.0245694024093241,0.40265377904828126,0.06819292952548944,1.0
NP_056528,1.0243237002743641,0.40277911762869517,0.06817769110337113,1.0
NP_001010982,1.024047375949181,0.402920114878014,0.06816055290057846,1.0
NP_997216,1.02385109556525,0.4030202930560044,0.06814837880465086,1.0
NP_003818,1.0237950176971755,0.40304891793288083,0.06814490057213926,1.0
NP_006667,1.023630679902789,0.40313281338312607,0.06813470736285511,1.0
NP_112566,1.0230576604205093,0.4034254533497504,0.06809916353551908,1.0
NP_004869,1.0229283490929093,0.4034915160486362,0.0680911421077685,1.0
NP_001258816,1.022751134373883,0.403582065824902,0.0680801489171783,1.0
NP_001412,1.0227302948136558,0.40359271509827327,0.0680788561561766,1.0
NP_005207,1.0226712500700692,0.4036228889218141,0.06807519335586201,1.0
NP_055061,1.0223317656816444,0.40379641194480664,0.06805413311514995,1.0
NP_001303,1.0218780860384686,0.40402839810151975,0.06802598717587889,1.0
NP_037377,1.0216933711674319,0.4041228815715994,0.0680145271190574,1.0
NP_060653,1.0216508923068577,0.40414461243960836,0.0680118916110667,1.0
NP_722549,1.0216153838888913,0.40416277816660123,0.06800968855750379,1.0
NP_059129,1.0215751432014193,0.40418336566605956,0.06800719188651612,1.0
NP_001026788,1.0215699133364242,0.40418604137420605,0.06800686740667872,1.0
NP_006810,1.0213969868823738,0.40427452218425114,0.0679961382935503,1.0
NP_001240804,1.021275523507424,0.40433668033445785,0.06798860202711728,1.0
NP_001129734,1.021258719880913,0.4043452800942904,0.067987559426645,1.0
NP_002259,1.021205908767051,0.404372308723389,0.06798428268472302,1.0
NP_207646,1.0202525318125242,0.40486049516642464,0.06792512507041105,1.0
NP_001116298,1.0201914447680944,0.4048917915591123,0.06792133432649766,1.0
NP_001020128,1.0201047011405442,0.40493623579041693,0.06791595141564379,1.0
NP_000256,1.0200506215433507,0.40496394616315406,0.06791259545292652,1.0
NP_078943,1.0200489940917203,0.4049647800926057,0.06791249445943658,1.0
NP_005115,1.0199204761429164,0.4050306388825851,0.06790451905274206,1.0
NP_073742,1.0194158356947793,0.4052893242232141,0.06787320138457453,1.0
NP_612122,1.019365394078812,0.4053151885561207,0.06787007089398622,1.0
NP_005561,1.019334840734208,0.4053308556672994,0.06786817469237397,1.0
NP_694587,1.0193044275907288,0.4053464513694848,0.0678662871842619,1.0
NP_005631,1.018943300775455,0.4055316721750243,0.06784387425730842,1.0
NP_008985,1.018837192603061,0.40558610764277486,0.06783728856884134,1.0
NP_064550,1.0186707842379121,0.40567149005098196,0.0678269601133415,1.0
NP_766638,1.0186115298524743,0.4057018963472966,0.06782328232059147,1.0
NP_057651,1.0185365738541614,0.40574036252393725,0.06781862992079642,1.0
NP_620130,1.0182691665143493,0.4058776154028029,0.06780203199345662,1.0
NP_065945,1.0182031607596662,0.40591150008877525,0.0677979349367226,1.0
NP_002004,1.0181374289929688,0.40594524637749557,0.06779385485096333,1.0
NP_079506,1.0179951195611923,0.4060183148902656,0.06778502133318959,1.0
NP_000056,1.0178715771791016,0.40608175605760777,0.06777735259940841,1.0
NP_055268,1.0177241126571315,0.40615749207838187,0.06776819876451051,1.0
NP_116265,1.017698790173437,0.40617049854474313,0.06776662685759487,1.0
NP_004730,1.0172489719305924,0.40640159580928314,0.06773870326262674,1.0
NP_060857,1.0171476387206841,0.40645367101370833,0.06773241251874214,1.0
NP_112486,1.017090452044475,0.4064830616482826,0.06772886234470311,1.0
NP_079091,1.016530884057512,0.4067707371156592,0.06769412269092887,1.0
NP_003790,1.0163070785876556,0.40688584184650395,0.06768022745331627,1.0
NP_001096138,1.0159878819545807,0.4070500521197893,0.06766040902147644,1.0
NP_060528,1.0155257055848035,0.40728791229596184,0.06763171170271408,1.0
NP_733745,1.015444387840799,0.407329774193261,0.06762666236259282,1.0
NP_078893,1.0149464711757072,0.40758617398722313,0.06759574355620292,1.0
NP_005260,1.0145946932868797,0.4077673982792039,0.06757389819789883,1.0
NP_055572,1.0145773853205944,0.40777631643515094,0.06757282334916216,1.0
NP_056202,1.0144907787708737,0.40782094393979607,0.06756744492495685,1.0
NP_056044,1.0143289797036996,0.40790432789399184,0.06755739674246283,1.0
NP_001155879,1.0140418517043197,0.40805233436022215,0.06753956474346784,1.0
NP_061862,1.0139321943039115,0.4081088710382276,0.06753275432325347,1.0
NP_689628,1.013779218591845,0.40818775206067653,0.06752325339488564,1.0
NP_001005743,1.0134380664333649,0.4083637091329781,0.0675020646136465,1.0
NP_001095146,1.0133450522962437,0.4084116938490405,0.0674962873874171,1.0
NP_001028200,1.0133427656969884,0.40841287353104666,0.0674961453629307,1.0
NP_001008389,1.012923733483702,0.40862910297514227,0.06747011784417133,1.0
NP_001137530,1.0128017449519953,0.40869206884532183,0.06746254044769141,1.0
NP_055795,1.0125314855772904,0.40883159418151216,0.06744575267336089,1.0
NP_003924,1.0124306660395106,0.4088836534973385,0.06743948988419231,1.0
NP_057142,1.0124038002603915,0.40889752684326747,0.06743782099991415,1.0
NP_001177925,1.0123191389188622,0.40894124797505876,0.0674325618547812,1.0
NP_001244944,1.0120976810293394,0.4090556317901504,0.06741880465568238,1.0
NP_006305,1.0118236530690945,0.40919720367161505,0.06740178118614072,1.0
NP_001185947,1.011742214345806,0.40923928515634694,0.06739672183945077,1.0
NP_038476,1.0114774780430689,0.4093761051355484,0.0673802748278797,1.0
NP_009029,1.0113762946890483,0.4094284079829983,0.06737398855605727,1.0
NP_002330,1.0111409145701242,0.40955009936774905,0.06735936464287595,1.0
NP_542387,1.0106622313680418,0.4097976675172005,0.06732962315653487,1.0
NP_001155032,1.0106346951487564,0.4098119124968059,0.06732791222181833,1.0
NP_542785,1.0106300894696723,0.4098142951357554,0.0673276260520639,1.0
NP_002363,1.0104324891517316,0.40991652940778267,0.06731534816748194,1.0
NP_079038,1.0103577336850011,0.4099552116373764,0.0673107031565037,1.0
NP_653266,1.0103560214974516,0.4099560976433065,0.06731059676735486,1.0
NP_000578,1.0101663441878568,0.41005425946308854,0.06729881075428631,1.0
NP_660299,1.0099546977488858,0.4101638129211799,0.0672856592898547,1.0
NP_115914,1.00989607430317,0.4101941620100381,0.06728201643128656,1.0
NP_002454,1.0096754445351026,0.41030839711251377,0.06726830625126652,1.0
NP_002513,1.009279139110101,0.41051365533173406,0.06724367837761064,1.0
NP_009209,1.0088516147511644,0.4107351747073124,0.06721710898651521,1.0
NP_001138639,1.00869067592385,0.410818588995277,0.06720710671597346,1.0
NP_006197,1.008656200944094,0.4108364590706943,0.0672049640847024,1.0
NP_001726,1.0086047026526972,0.4108631543207533,0.06720176343070929,1.0
NP_001172023,1.0085791729430598,0.4108763887098345,0.06720017673367053,1.0
NP_954590,1.0085538829189546,0.4108894991835128,0.06719860492800557,1.0
NP_115497,1.0078965567564526,0.4112303774837423,0.06715774945175143,1.0
NP_997263,1.0076881406087133,0.41133850571207903,0.06714479479901032,1.0
NP_065908,1.0076113649152842,0.41137834337107315,0.06714002251356754,1.0
NP_057240,1.0075238597184293,0.41142375214906646,0.0671345832354607,1.0
NP_689508,1.0075212610110758,0.41142510074869565,0.06713442170017607,1.0
NP_057507,1.0073213587424512,0.4115288506372593,0.06712199563552627,1.0
NP_006537,1.0072077392368035,0.41158782881112654,0.06711493282014269,1.0
NP_060733,1.0071640097913344,0.41161052990456376,0.06711221448197778,1.0
NP_055623,1.0070941826886213,0.41164678104208946,0.06710787381146383,1.0
NP_004288,1.00708238252304,0.4116529074167304,0.06710714027237362,1.0
NP_005691,1.0064236749267277,0.4119950086093222,0.06706619090118694,1.0
NP_057133,1.00641905663351,0.41199740792987116,0.0670659037865951,1.0
NP_803173,1.0063575738563166,0.4120293508547315,0.06706208144803687,1.0
NP_787052,1.0063570524507235,0.41202962175561914,0.06706204903250476,1.0
NP_003603,1.005875835444138,0.41227970286011983,0.06703213104484326,1.0
NP_036296,1.0057040563179909,0.4123690031406139,0.06702145081253616,1.0
NP_006847,1.0056516676934488,0.4123962407098872,0.0670181935422755,1.0
NP_055827,1.005561901344665,0.41244291480757794,0.06701261225376413,1.0
NP_054895,1.005470388913897,0.4124905011158958,0.06700692233258763,1.0
NP_003575,1.005115350318351,0.41267516199926974,0.06698484662412318,1.0
NP_009123,1.004730015087499,0.4128756551485215,0.06696088593911566,1.0
NP_940927,1.004712431836881,0.4128848057120764,0.06695979255857573,1.0
NP_001017534,1.0045738141443081,0.4129569499078263,0.06695117279488008,1.0
NP_002660,1.0044344129758678,0.41302951199296345,0.0669425041511215,1.0
NP_002328,1.0042441913185425,0.41312854390198284,0.06693067498192265,1.0
NP_071344,1.0042159362489083,0.41314325547760616,0.06692891787986122,1.0
NP_001243424,1.0041995520498717,0.413151786434554,0.06692789899029823,1.0
NP_059139,1.004131751481741,0.4131870904589631,0.0669236826304579,1.0
NP_115873,1.0040517892923924,0.4132287301749571,0.06691870991867217,1.0
NP_612206,1.0039815154174918,0.41326532753181777,0.06691433966283154,1.0
NP_001017963,1.0037429241996991,0.4133896007573938,0.06689950162907358,1.0
NP_064627,1.0036659410462918,0.41342970474556057,0.06689471393124741,1.0
NP_680481,1.003654683945833,0.41343556933522124,0.06689401383116085,1.0
NP_065868,1.0036287697328878,0.41344907006388615,0.06689240217390129,1.0
NP_000053,1.0032956572247325,0.4136226455248078,0.066871684738253,1.0
NP_003950,1.0031048757488839,0.4137220824484949,0.06685981895456244,1.0
NP_031387,1.003026688015957,0.4137628400539136,0.06685495592813614,1.0
NP_112590,1.002975708116987,0.413789416513906,0.06685178511449241,1.0
NP_116161,1.002827560256988,0.4138666555587168,0.06684257059072737,1.0
NP_620412,1.002705708385142,0.4139301934050807,0.06683499149254932,1.0
NP_958435,1.0026177229726994,0.41397607691492355,0.0668295187870744,1.0
NP_003968,1.002522978873465,0.4140254895366954,0.06682362561851873,1.0
NP_940887,1.0025103413294059,0.4140320808473064,0.0668228395462363,1.0
NP_951033,1.002374780643209,0.4141027899137978,0.06681440740545434,1.0
NP_060220,1.0023146518426689,0.4141341564431177,0.06681066722724405,1.0
NP_055454,1.00225621615046,0.41416464156367283,0.06680703233634257,1.0
NP_064506,1.0021659468612463,0.4142117373552025,0.06680141723608381,1.0
NP_079366,1.0021057732613265,0.4142431338237268,0.06679767416700981,1.0
NP_001254479,1.0020560428248548,0.4142690828452969,0.06679458068709959,1.0
NP_001137544,1.0020542682871285,0.4142700088115431,0.06679447030166882,1.0
NP_054808,1.0018634554980155,0.4143695858698756,0.06678260060624963,1.0
NP_001161744,1.001813639791264,0.4143955856961667,0.06677950172198001,1.0
NP_003267,1.0018049576856896,0.4144001171956571,0.06677896163237662,1.0
NP_057215,1.0016938419945678,0.4144581159035758,0.06677204937955096,1.0
NP_057419,1.0014507309778875,0.4145850343058259,0.06675692564252464,1.0
NP_054721,1.0012537549127103,0.4146878901798324,0.06674467156352269,1.0
NP_001153682,1.0012323601622,0.4146990631937431,0.06674334055521383,1.0
NP_006862,1.0011183449682086,0.414758609561904,0.06673624738811632,1.0
NP_003807,1.0011058853815142,0.4147651172042245,0.06673547223988907,1.0
NP_079022,1.0010520313563185,0.4147932460959386,0.0667321218047804,1.0
NP_002207,1.0009150181726596,0.41486481729498603,0.06672359765788385,1.0
NP_005580,1.0007475841635336,0.4149522926620372,0.06671318069640976,1.0
NP_055368,1.0006494381667463,0.4150035755406952,0.0667070744031091,1.0
NP_060469,1.0004824532524654,0.415090839446454,0.06669668501465674,1.0
NP_073582,1.0001899391565474,0.4152437382286698,0.06667848495342373,1.0
NP_258261,1.0001829317009423,0.41524740161429646,0.06667804894480225,1.0
NP_061178,0.9997677729916149,0.4154644857637583,0.06665221676243437,1.0
NP_001231800,0.9994881628867066,0.41561074310174284,0.06663481793730427,1.0
NP_001128686,0.9994223004353242,0.4156452001190941,0.06663071953153275,1.0
NP_002991,0.9993882706826068,0.41566300422891267,0.06662860195678669,1.0
NP_004255,0.999139923524203,0.41579295592389387,0.06661314772836953,1.0
NP_060311,0.998898476109257,0.4159193281371283,0.06659812236880833,1.0
NP_115649,0.9986853921117402,0.4160308804229327,0.06658486167307559,1.0
NP_057230,0.9982007618776014,0.4162846791666175,0.06655470064214812,1.0
NP_009034,0.9979699867091806,0.4164055782905225,0.06654033763192992,1.0
NP_001138773,0.9979016722690274,0.4164413723886953,0.06653608578552941,1.0
NP_115765,0.9969117170032237,0.41696034425943995,0.06647446726467983,1.0
NP_060864,0.9967263869616952,0.41705755822046364,0.06646293072521878,1.0
NP_542382,0.9967207304097974,0.41706052561947504,0.0664625786081809,1.0
NP_005110,0.9966881711694228,0.417077606360591,0.0664605518094001,1.0
NP_695012,0.9966709495354299,0.41708664114055405,0.06645947976649483,1.0
NP_002284,0.9966247296450151,0.4171108896960588,0.06645660257637227,1.0
NP_071447,0.9964054865910319,0.4172259274191864,0.06644295444544786,1.0
NP_005069,0.9964047315073358,0.4172263236581246,0.06644290743993436,1.0
NP_112223,0.9963635236423769,0.41724794841614,0.06644034215838854,1.0
NP_056648,0.9963348837931414,0.4172629783472278,0.06643855925556195,1.0
NP_004172,0.9962745174020471,0.4172946594828518,0.06643480127320592,1.0
NP_001129487,0.9961128973449606,0.41737948935839964,0.06642473980849536,1.0
NP_919424,0.9957955620387702,0.41754608959590955,0.06640498384491084,1.0
NP_004626,0.995767589003311,0.41756077789580837,0.06640324232108843,1.0
NP_004951,0.9955752474670292,0.4176617851763448,0.06639126749306909,1.0
NP_004110,0.9955043351339586,0.41769902934788117,0.06638685254496746,1.0
NP_958780,0.9951842862706969,0.41786715632024063,0.06636692602583545,1.0
NP_060315,0.9951440797308232,0.4178882812711219,0.06636442267173512,1.0
NP_002760,0.9946700810466157,0.418137389067316,0.06633490938249359,1.0
NP_004183,0.9945746261240549,0.4181875691766893,0.06632896570412032,1.0
NP_006525,0.9943790497324481,0.41829039746329677,0.06631678753980753,1.0
NP_976325,0.9940994260410055,0.41843745009988487,0.06629937536058372,1.0
NP_006111,0.9940021664630794,0.41848860799325494,0.06629331885027691,1.0
NP_003211,0.9939929602505163,0.41849345065648313,0.0662927455605467,1.0
NP_001036075,0.9936113843249919,0.41869420670648216,0.066268983426085,1.0
NP_958781,0.9935235858682211,0.4187404103175465,0.06626351572252452,1.0
NP_036218,0.9934942086755324,0.4187558708565111,0.06626168622526141,1.0
NP_001014436,0.9934790443933785,0.4187638516451906,0.06626074184996295,1.0
NP_072094,0.9934175487402731,0.4187962173392564,0.06625691210899001,1.0
NP_004702,0.9932454432766443,0.41888680845261295,0.06624619379669008,1.0
NP_008958,0.9930038258348541,0.4190140147257023,0.0662311460311764,1.0
NP_005701,0.9927106033059802,0.41916843097871204,0.06621288368542792,1.0
NP_694968,0.9926101283103191,0.4192213532677276,0.0662066257853253,1.0
NP_149040,0.9924989106586601,0.4192799400999375,0.06619969870086567,1.0
NP_004499,0.9923592007394517,0.4193535451593642,0.06619099685728624,1.0
NP_036451,0.9922068534196942,0.4194338197759351,0.0661815077073442,1.0
NP_958785,0.9921932954837411,0.41944096429140887,0.06618066322441497,1.0
NP_114403,0.9917982971844843,0.41964915557025073,0.06615605930148803,1.0
NP_005321,0.9917331246506889,0.41968351382757396,0.06615199966573558,1.0
NP_001053,0.9916298573551963,0.4197379597846832,0.06614556701242748,1.0
NP_055903,0.9916127465411179,0.41974698171471403,0.06614450114914446,1.0
NP_002737,0.9915826572409626,0.4197628471153324,0.06614262682679646,1.0
NP_003893,0.9912133078721764,0.4199576352099281,0.06611961870702429,1.0
NP_066545,0.9910506889866874,0.42004342007261564,0.06610948822384889,1.0
NP_004250,0.9908274233555013,0.42016121990987776,0.06609557934152491,1.0
NP_954587,0.9903836368602743,0.42039544886250024,0.06606793133866114,1.0
NP_001120836,0.9903836368602743,0.42039544886250024,0.06606793133866114,1.0
NP_596867,0.9903463920353526,0.42041511123931785,0.06606561090286357,1.0
NP_060254,0.9902572407456656,0.4204621791501435,0.06606005653151868,1.0
NP_001395,0.989458088915545,0.4208842815354815,0.06601026421677197,1.0
NP_036465,0.9893507356919407,0.4209410096895476,0.06600357501383596,1.0
NP_001005,0.9892040716816631,0.4210185204077631,0.06599443619228028,1.0
NP_115732,0.9891806127987938,0.4210309192782834,0.06599297442277553,1.0
NP_690902,0.9891504379038012,0.42104686822845583,0.0659910941585113,1.0
NP_000436,0.9886927253801518,0.42128885078141,0.06596257215320799,1.0
NP_001230575,0.9885340910819866,0.42137274284322834,0.06595268657194125,1.0
NP_958784,0.9884659485225619,0.42140878335649923,0.06594844008168804,1.0
NP_055228,0.988424560960745,0.4214306743721553,0.06594586088355289,1.0
NP_958783,0.9883303955432992,0.42148048438348873,0.06593999261166368,1.0
NP_076418,0.9883247962763059,0.4214834463341718,0.06593964366997472,1.0
NP_057017,0.9882091862930976,0.4215446064126943,0.06593243889315518,1.0
NP_002830,0.988203822843802,0.4215474439584488,0.06593210464202935,1.0
NP_001015882,0.9881731253031972,0.4215636848559575,0.0659301915611685,1.0
NP_003717,0.9881269905234898,0.42158809393562435,0.0659273164117338,1.0
NP_775821,0.9881028058623949,0.42160089004872614,0.06592580920087578,1.0
NP_037493,0.9879646448121966,0.42167399698320596,0.0659171987808339,1.0
NP_060184,0.9879413247677562,0.421686337604261,0.06591574542229965,1.0
NP_001188408,0.9875989331528263,0.4218675589410056,0.06589440627265787,1.0
NP_055956,0.9873050261812164,0.42202316724262146,0.0658760880929894,1.0
NP_055613,0.9869982075469967,0.4221856598458452,0.06585696440865488,1.0
NP_001238817,0.9869965717524274,0.42218652630250475,0.06585686244919305,1.0
NP_001153620,0.9868137772458871,0.4222833587281555,0.06584546868422043,1.0
NP_001020118,0.9863197347657688,0.4225451572695067,0.06581467313003281,1.0
NP_071496,0.9860575271294257,0.4226841558972896,0.06579832790207532,1.0
NP_112189,0.985999951589168,0.422714682030112,0.06579473874111479,1.0
NP_115901,0.9857766019357355,0.42283311682121727,0.06578081524372925,1.0
NP_057626,0.9857025016210728,0.4228724154910568,0.06577619577823894,1.0
NP_001634,0.9855527638806479,0.4229518368047992,0.06576686088324382,1.0
NP_057339,0.9853075734924397,0.42308191182339505,0.06575157491163904,1.0
NP_006218,0.985090438973664,0.42319712931579645,0.06573803761715125,1.0
NP_079157,0.9850649971682695,0.4232106310470525,0.06573645141708878,1.0
NP_001136156,0.985003722153463,0.4232431505231321,0.0657326311302317,1.0
NP_001123553,0.984896579534407,0.42330001728000133,0.06572595108060526,1.0
NP_036425,0.984748710120207,0.4233785099662517,0.06571673166965691,1.0
NP_001105,0.9847343587968729,0.42338612860782,0.06571583687893535,1.0
NP_001229668,0.984546843678707,0.4234856840770229,0.0657041453405074,1.0
NP_004580,0.9839988731528245,0.4237767179600366,0.06566997778649582,1.0
NP_061956,0.9837532749354583,0.42390720923160685,0.06565466321319252,1.0
NP_113663,0.983657629289192,0.42395803623413797,0.06564869897763781,1.0
NP_001186170,0.9834904461360827,0.4240468904527923,0.06563827365002953,1.0
NP_055842,0.9833603801959433,0.424116027803054,0.06563016274344485,1.0
NP_001020272,0.9833490746587417,0.42412203774944,0.06562945772396604,1.0
NP_775760,0.9831158418724845,0.4242460376428945,0.06561491296256451,1.0
NP_001788,0.9830496623981876,0.42428122762721565,0.06561078582454895,1.0
NP_987101,0.9829310091757077,0.4243443255165712,0.06560338618483594,1.0
NP_112182,0.9828739350665244,0.4243746792432933,0.06559982679732534,1.0
NP_002188,0.9824100432635915,0.42462145414082175,0.06557089549857191,1.0
NP_061120,0.9823828662472961,0.424635914898284,0.06556920050818044,1.0
NP_112494,0.9823358724033641,0.42466092100570796,0.06556626955699028,1.0
NP_958786,0.982260179771279,0.4247012005876405,0.06556154865722495,1.0
NP_078938,0.9820698681997089,0.4248024875150441,0.06554967883871694,1.0
NP_003391,0.9819244530780675,0.4248798926047703,0.06554060902879066,1.0
NP_055861,0.9819083022940253,0.4248884904194684,0.06553960166367298,1.0
NP_055685,0.9818686829303881,0.42490958223104736,0.06553713049488154,1.0
NP_958782,0.9818215993174321,0.4249346487884875,0.06553419374331379,1.0
NP_001164675,0.9817694646699424,0.42496240579019806,0.0655309419214569,1.0
NP_009191,0.9816548937137096,0.42502340950241857,0.06552379564727602,1.0
NP_036300,0.9816369882115022,0.4250329439718946,0.06552267879564268,1.0
NP_660160,0.9815824733124437,0.4250619735489616,0.06551927842475871,1.0
NP_001246,0.9815007692360261,0.42510548447421137,0.06551418208057647,1.0
NP_005912,0.9814363383491016,0.4251397991512955,0.06551016312346802,1.0
NP_055037,0.9808679447407761,0.425442609096336,0.06547470736400969,1.0
NP_001265239,0.9807527407578271,0.42550400429132496,0.06546752074009693,1.0
NP_056054,0.9805880760910566,0.42559177044055196,0.06545724848119079,1.0
NP_821080,0.9804394813404863,0.42567098352874555,0.06544797851636552,1.0
NP_055975,0.980144134584975,0.4258284617163929,0.06542955299889912,1.0
NP_001238947,0.9801189529437836,0.42584189062183153,0.06542798198215759,1.0
NP_612451,0.9801030270010365,0.42585038380525364,0.06542698840151102,1.0
NP_001188479,0.9795674117455198,0.4261361007056871,0.06539357144435548,1.0
NP_005172,0.978939518389048,0.42647123351457816,0.0653543942271242,1.0
NP_114429,0.9786248734916098,0.4266392502755234,0.06533476081796591,1.0
NP_003633,0.9785890449641893,0.4266583855870725,0.06533252511478652,1.0
NP_542397,0.9784875230454342,0.4267126100992522,0.06532619008027105,1.0
NP_065726,0.9783015793781112,0.4268119396466701,0.06531458685042241,1.0
NP_079148,0.9782607551679698,0.42683375002250823,0.0653120393053939,1.0
NP_958443,0.9781565050784851,0.42688944970101084,0.06530553374487919,1.0
NP_006286,0.9781407835045685,0.42689785005949954,0.06530455265728273,1.0
NP_001137384,0.9781055760005802,0.42691666261870087,0.06530235556409741,1.0
NP_054769,0.977704692847311,0.427130913833743,0.06527733807665599,1.0
NP_055906,0.9774378111577395,0.4272735949172999,0.06526068233310095,1.0
NP_000878,0.9773353738232019,0.4273283701813577,0.0652542891929462,1.0
NP_002268,0.9769003405321596,0.4275610523224368,0.065227137680042,1.0
NP_004932,0.9765983939282942,0.42772260994567335,0.06520829151192431,1.0
NP_006460,0.9764677575353777,0.4277925222258736,0.0652001375320339,1.0
NP_056114,0.9764068081559842,0.42782514337875555,0.06519633318348722,1.0
NP_543023,0.9762617006462487,0.42790281523967133,0.06518727571408031,1.0
NP_055524,0.9762480000047831,0.4279101493675709,0.06518642052431768,1.0
NP_006363,0.9761428536641235,0.42796643881709073,0.06517985727047845,1.0
NP_694985,0.9760780195964454,0.4280011502254898,0.06517581027016761,1.0
NP_002680,0.9760758028249947,0.42800233709817437,0.06517567189669767,1.0
NP_056151,0.9757577497372932,0.42817265131019655,0.06515581822591983,1.0
NP_000051,0.9754984703238773,0.4283115320329516,0.06513963273122221,1.0
NP_071505,0.9751876516662051,0.42847806572195524,0.06512022916505499,1.0
NP_067547,0.9750124856613982,0.42857194031012613,0.06510929367137247,1.0
NP_001161212,0.974993533928568,0.42858209784587376,0.06510811051233795,1.0
NP_001008938,0.9748900178491797,0.4286375825467271,0.06510164793779243,1.0
NP_001096078,0.9748806514173277,0.42864260323867154,0.06510106318109841,1.0
NP_055402,0.9734100851137223,0.42943144167262315,0.06500924502705421,1.0
NP_004271,0.9731496245655669,0.42957127556940033,0.06499298069986409,1.0
NP_001028170,0.9727070789631554,0.42980894729793073,0.06496534486604771,1.0
NP_006058,0.9726927610769772,0.4298166385172424,0.06496445072362599,1.0
NP_005376,0.9722511450543855,0.43005391663488013,0.06493687125837039,1.0
NP_009194,0.972011290472408,0.430182832152593,0.06492189136211494,1.0
NP_001406,0.9719020340677864,0.4302415645858516,0.06491506769522498,1.0
NP_057123,0.9709977672193275,0.430727907066324,0.06485858740460407,1.0
NP_000529,0.9708361718016926,0.43081486317760387,0.06484849347495435,1.0
NP_997716,0.970715417736829,0.4308798510825296,0.06484095052576823,1.0
NP_001421,0.9706778028138522,0.43090009639300664,0.06483860087025627,1.0
NP_660322,0.9705241339370042,0.4309828126026404,0.06482900166046307,1.0
NP_733763,0.97045471751124,0.43102018183005375,0.06482466537079062,1.0
NP_037511,0.9704394494588954,0.4310284014817152,0.06482371160413546,1.0
NP_001035810,0.9702058359926028,0.4311541839911015,0.06480911796549609,1.0
NP_001035890,0.9696265598023355,0.4314662021315231,0.06477292909938417,1.0
NP_001027451,0.9696265598023355,0.4314662021315231,0.06477292909938417,1.0
NP_689449,0.9692021906186624,0.4316948936243027,0.06474641589289712,1.0
NP_056271,0.9687526910720385,0.4319372307408518,0.06471833098357227,1.0
NP_071324,0.9687230710586702,0.43195320339383547,0.06471648025419423,1.0
NP_064543,0.9683963429259276,0.43212942272020216,0.06469606501190706,1.0
NP_001035167,0.9683796612756522,0.43213842139330216,0.06469502265371616,1.0
NP_006467,0.9677726749711307,0.4324659505104249,0.06465709334224619,1.0
NP_060440,0.9675427143879547,0.4325900874147438,0.06464272278026494,1.0
NP_476510,0.9673949890732191,0.43266984684682974,0.06463349098353159,1.0
NP_065972,0.9673127795296449,0.43271423814353116,0.06462835338435702,1.0
NP_001106674,0.9671350743660351,0.43281020702198425,0.06461724769374409,1.0
NP_001027535,0.9671086484132899,0.4328244796531401,0.06461559618034951,1.0
NP_001153239,0.9667893819331725,0.4329969440884214,0.0645956428771698,1.0
NP_001334,0.966688069295481,0.4330516832888237,0.0645893109296949,1.0
NP_001010854,0.9665820641921696,0.43310896358671536,0.06458268561562462,1.0
NP_001209,0.9664101497688565,0.43320187078005956,0.06457194077256936,1.0
NP_001238994,0.9663938562103132,0.43321067706238214,0.06457092239419504,1.0
NP_001010893,0.96636113203564,0.43322836412376153,0.06456887706438773,1.0
NP_001103,0.9663153923517813,0.4332530868671438,0.06456601822286845,1.0
NP_653171,0.9663042882003425,0.433259088934258,0.06456532418375263,1.0
NP_056444,0.9662454095987791,0.43329091534714903,0.06456164409672624,1.0
NP_004789,0.9661980323718391,0.4333165260923074,0.06455868285866294,1.0
NP_001135865,0.9661525535045118,0.433341111746367,0.06455584025690525,1.0
NP_060189,0.966073139618214,0.4333840451054516,0.06455087654628809,1.0
NP_065069,0.9656940842997852,0.4335890185111191,0.06452718322719665,1.0
NP_057195,0.9656793902146461,0.43359696582448704,0.06452626473115937,1.0
NP_001103447,0.9656267819521979,0.4336254199934565,0.06452297628567726,1.0
NP_065935,0.9653675991628745,0.43376562506059413,0.06450677490988428,1.0
NP_005048,0.9650265249959289,0.43395018296326027,0.06448545369325306,1.0
NP_001121054,0.9648149823817961,0.43406468096329276,0.06447222926028023,1.0
NP_005081,0.9647211667605589,0.4341154664239284,0.06446636432514258,1.0
NP_115722,0.9644950223231581,0.43423790475746205,0.06445222647903459,1.0
NP_005836,0.9644388339010233,0.43426833025446154,0.06444871368755552,1.0
NP_006378,0.9644148975678078,0.4342812920541861,0.06444721722628498,1.0
NP_861448,0.9643391926775357,0.4343222890997127,0.06444248424610777,1.0
NP_001191317,0.9641388753983464,0.4344307829304107,0.06442996041579312,1.0
NP_001153619,0.963873609722126,0.4345744858236078,0.06441337549763126,1.0
NP_061889,0.9638367070696574,0.4345944800917806,0.064411068226526,1.0
NP_001026890,0.9637371967079718,0.43464839947147693,0.06440484646576082,1.0
NP_001907,0.9636558604796691,0.43469247510824416,0.06439976095846794,1.0
NP_066918,0.9635629753683868,0.43474281325934505,0.06439395329538253,1.0
NP_001185486,0.963320147545396,0.4348744327165732,0.0643787700888977,1.0
NP_079461,0.9631159988152556,0.43498511093833114,0.0643660049745997,1.0
NP_002819,0.9625012106841045,0.4353185472117992,0.0643275610896407,1.0
NP_002213,0.9621659504533615,0.4355004622991312,0.06430659529105195,1.0
NP_000072,0.9617929538984351,0.43570292266864696,0.06428326851347257,1.0
NP_001137485,0.9617883519180659,0.43570542105229926,0.06428298070362469,1.0
NP_002866,0.9614899585825332,0.435867440444639,0.0642643186770969,1.0
NP_443094,0.961248429201672,0.4359986184430603,0.06424921247383927,1.0
NP_001012991,0.9610695435306449,0.4360957934705566,0.06423802394169226,1.0
NP_612508,0.9610343744713189,0.43611490012776954,0.0642358242362691,1.0
NP_689916,0.9610292068411974,0.43611770765405145,0.06423550101765388,1.0
NP_003304,0.9609730873929209,0.43614819773938984,0.06423199091258966,1.0
NP_001180201,0.960802596753374,0.4362408366100028,0.06422132706716394,1.0
NP_005151,0.9601666334729859,0.4365865320300859,0.06418154670313886,1.0
NP_055504,0.9601109429004682,0.4366168142736515,0.06417806302139105,1.0
NP_061176,0.9600389888064632,0.4366559423582381,0.06417356194892221,1.0
NP_872394,0.9598282957490616,0.4367705312322452,0.06416038184220356,1.0
NP_006473,0.9596260567900767,0.4368805440893345,0.06414773024052355,1.0
NP_002428,0.959487528141362,0.43695591252557187,0.06413906401114353,1.0
NP_722523,0.9593097260080605,0.43705266298488754,0.06412794063219492,1.0
NP_061750,0.9592177531084326,0.4371027162442165,0.06412218666374536,1.0
NP_056943,0.9591599755315984,0.43713416207845546,0.06411857197198755,1.0
NP_057631,0.9588628611996184,0.43729589617890163,0.06409998340761064,1.0
NP_056986,0.9583436938208281,0.43757861583664404,0.0640675006161753,1.0
NP_775873,0.9580610618932928,0.43773258627657574,0.06404981621140861,1.0
NP_001229291,0.9580051479678374,0.43776305167245355,0.06404631757316846,1.0
NP_057543,0.957835556097123,0.43785546592782865,0.06403570573462344,1.0
NP_006770,0.9577573019875599,0.4378981133559965,0.06403080907458601,1.0
NP_065705,0.9576787485689341,0.4379409271310878,0.06402589363410142,1.0
NP_777615,0.9572113854181593,0.4381957197635812,0.06399664755365751,1.0
NP_036590,0.9571194843241437,0.43824583500187364,0.06399089646420596,1.0
NP_060689,0.9568906129331541,0.4383706617218046,0.06397657358714222,1.0
NP_000284,0.9567431981392959,0.4384510764540258,0.06396734806935243,1.0
NP_003086,0.9567274214378532,0.43845968331520424,0.06396636072049772,1.0
NP_079540,0.9567101894271479,0.4384690842584734,0.06396528229205407,1.0
NP_057491,0.9565973625502864,0.4385306409358022,0.06395822120247108,1.0
NP_000087,0.9565939651407466,0.43853249461571975,0.0639580085793781,1.0
NP_001035934,0.9565747408939771,0.43854298378014345,0.06395680544948093,1.0
NP_057506,0.956493669902595,0.4385872199952069,0.06395173167006223,1.0
NP_057023,0.9563082820056024,0.43868838945220523,0.06394012907290542,1.0
NP_006570,0.9561678596836617,0.4387650323861827,0.06393134047800701,1.0
NP_064529,0.9559794234370427,0.43886789770387047,0.0639195465820819,1.0
NP_110425,0.9559525715261317,0.43888255738749526,0.0639178659436324,1.0
NP_068839,0.95583193677813,0.43894842206353024,0.06391031544207368,1.0
NP_003669,0.9557290155489041,0.4390046214651555,0.06390387352935248,1.0
NP_085153,0.9553482325000509,0.439212593584834,0.06388003927745035,1.0
NP_149062,0.9551276729341714,0.43933309126093223,0.06386623329620673,1.0
NP_002821,0.9549310831704031,0.43944051506936166,0.06385392736747803,1.0
NP_002344,0.9545745467956586,0.4396353912004449,0.06383160843584122,1.0
NP_001092871,0.9545435461652861,0.4396523387142174,0.06382966776742946,1.0
NP_001243299,0.9545169031194658,0.43966690441350065,0.06382799988145096,1.0
NP_060844,0.9544926844601848,0.4396801450282831,0.06382648375976248,1.0
NP_996744,0.9537896600802661,0.4400646303492398,0.0637824713173842,1.0
NP_005177,0.9536617555337003,0.4401346094234737,0.06377446348087895,1.0
NP_001356,0.9535703394659392,0.4401846301911979,0.06376874002787457,1.0
NP_006203,0.9535611711706651,0.44018964711289466,0.06376816600777734,1.0
NP_073744,0.9530156871937491,0.4404882170227258,0.06373401239790996,1.0
NP_060251,0.9528296778282077,0.4405900646400325,0.06372236548919208,1.0
NP_005164,0.9526486913108922,0.44068917944592123,0.06371103280614651,1.0
NP_055535,0.9525124498546431,0.44076380154941086,0.06370250170658795,1.0
NP_001018864,0.952382177570839,0.44083516331588846,0.06369434423629504,1.0
NP_115813,0.9521844962013163,0.44094346804297113,0.06368196543075182,1.0
NP_001257513,0.9519797776095524,0.4410556498696381,0.06366914560940841,1.0
NP_060853,0.9519123974727458,0.44109257768340904,0.06366492607551949,1.0
NP_055495,0.9517230045967268,0.4411963875529955,0.06365306555666735,1.0
NP_002433,0.9517171170433504,0.44119961493514914,0.06365269685035006,1.0
NP_065157,0.9516983034402217,0.4412099281161628,0.06365151865198128,1.0
NP_004689,0.9515897667769025,0.4412694290191326,0.06364472150589483,1.0
NP_003612,0.9511324828823347,0.4415201844784655,0.0636160828600304,1.0
NP_659492,0.9502007368321664,0.44203145424849477,0.06355772431143333,1.0
NP_006212,0.95019067431679,0.44203697825668165,0.06355709402082345,1.0
NP_001230891,0.9501258814645163,0.44207254878911195,0.06355303553948685,1.0
NP_061072,0.949932858280809,0.4421785293366375,0.06354094478455387,1.0
NP_001003818,0.9496724018985355,0.4423215654260093,0.06352462959508946,1.0
NP_060541,0.9494971028445873,0.4424178552613346,0.06351364840653519,1.0
NP_542391,0.94928164391022,0.4425362265267888,0.06350015114585267,1.0
NP_003302,0.9490900594575088,0.4426415017841602,0.06348814915708327,1.0
NP_001005339,0.9490282627273569,0.4426754630595302,0.06348427777700996,1.0
NP_258411,0.9488614777247152,0.4427671321238893,0.0634738290363191,1.0
NP_001157814,0.9486422589941427,0.44288764219303633,0.06346009507474656,1.0
NP_001036100,0.9485895594238408,0.4429166162299457,0.0634567934087022,1.0
NP_065228,0.948367648225736,0.44303863817962474,0.06344289025687032,1.0
NP_003909,0.9482716126088351,0.443091453124855,0.06343687331778014,1.0
NP_391988,0.9482497219306654,0.443103492615333,0.06343550178583669,1.0
NP_003307,0.9480792168359274,0.44319727602920167,0.06342481887359226,1.0
NP_057688,0.9480264782182627,0.44322628708803546,0.06342151451227986,1.0
NP_057365,0.9479954644343769,0.4432433481833744,0.06341957131910653,1.0
NP_001230696,0.9479732997973406,0.44325554155392244,0.06341818257129166,1.0
NP_004388,0.9478664170553053,0.44331434427370886,0.06341148566686433,1.0
NP_060565,0.9478020507890209,0.4433497589719203,0.06340745265214369,1.0
NP_002827,0.9475283144475459,0.44350039455395596,0.06339030069150041,1.0
NP_004701,0.9473608773786079,0.44359255358368765,0.06337980899439899,1.0
NP_036421,0.947254012987561,0.44365138048475483,0.06337311269110024,1.0
NP_114401,0.9471721129594811,0.4436964690071272,0.06336798063215347,1.0
NP_001120936,0.9470167978492335,0.4437819844722889,0.06335824804756385,1.0
NP_061961,0.9468318973414082,0.44388380593320276,0.06334666127541186,1.0
NP_958929,0.9465197584401918,0.4440557359682251,0.0633271004713789,1.0
NP_848599,0.9464786958034432,0.44407835758312686,0.06332452713890317,1.0
NP_000360,0.9464145568552087,0.4441136938219614,0.06332050762108252,1.0
NP_054899,0.9462815857846221,0.44418695878547354,0.06331217435944929,1.0
NP_001602,0.9462434804611494,0.4442079559249328,0.06330978628162653,1.0
NP_061819,0.9462289725007729,0.4442159504321499,0.06330887705800024,1.0
NP_000469,0.9461133129563498,0.4442796877343743,0.0633016285334992,1.0
NP_003038,0.9457992410847996,0.444452800825362,0.06328194470088114,1.0
NP_004259,0.9456162962093564,0.44455366191239476,0.06327047861179147,1.0
NP_071414,0.9454944506796251,0.4446208474593122,0.06326284177480862,1.0
NP_001243055,0.9453464611556763,0.44470245924354457,0.0632535661593874,1.0
NP_000246,0.9449652806468514,0.444912721675482,0.06322967386686035,1.0
NP_003944,0.9449141900692714,0.4449409094578065,0.06322647143047205,1.0
NP_064520,0.9448178865148393,0.44499404593876524,0.06322043491526093,1.0
NP_291035,0.944528642040709,0.44515366876222173,0.06320230397790128,1.0
NP_065797,0.9444446744950067,0.44520001540338017,0.06319704044318533,1.0
NP_055205,0.9443716864763717,0.4452403047951792,0.06319246511587792,1.0
NP_001258717,0.9442636370004157,0.4452999532352504,0.06318569184382689,1.0
NP_002214,0.9440987388446588,0.4453909966286783,0.0631753547231747,1.0
NP_076973,0.9437253828322538,0.44559718616199107,0.06315194897227104,1.0
NP_006657,0.9435143666210489,0.44571375422399917,0.06313871981336286,1.0
NP_783313,0.9430161475539092,0.445989069329939,0.06310748367278421,1.0
NP_079400,0.9428705214143238,0.44606956665952235,0.06309835316200556,1.0
NP_006787,0.9426406794879706,0.44619663829008505,0.0630839421028139,1.0
NP_005929,0.9425299921308887,0.4462578433578397,0.0630770018616157,1.0
NP_778232,0.9421368664694719,0.4464752757897319,0.06305235154040452,1.0
NP_588613,0.9420329447532091,0.44653276699160505,0.06304583507721401,1.0
NP_115680,0.9418575780857003,0.44662979553478865,0.06303483841708307,1.0
NP_054752,0.9418478907213659,0.44663515592139,0.06303423094718005,1.0
NP_775928,0.9415968338492551,0.44677409235746035,0.06301848753649449,1.0
NP_056013,0.9415648507366394,0.4467917943804751,0.06301648188410594,1.0
NP_055900,0.9414958574555738,0.44682998262633034,0.06301215530477042,1.0
NP_001070913,0.9412269857043181,0.4469788287281268,0.06299529393435216,1.0
NP_543013,0.9412124328033082,0.4469868862233113,0.06299438128172814,1.0
NP_055144,0.9411852341798577,0.4470019455645754,0.06299267557615021,1.0
NP_116253,0.9411075408353143,0.4470449649697019,0.06298780316406848,1.0
NP_001129691,0.9410976545550044,0.44705043930609734,0.0629871831584005,1.0
NP_055904,0.9409873000900599,0.44711154942820297,0.06298026236086741,1.0
NP_848656,0.9405662558549794,0.4473447663317651,0.06295385594815632,1.0
NP_057174,0.9405628138692212,0.4473466732341562,0.0629536400727892,1.0
NP_003002,0.9404972494279891,0.4473829979240328,0.06294952796594484,1.0
NP_060423,0.9402779182845109,0.4475045303855777,0.06293577157181002,1.0
NP_001025062,0.9398122846419243,0.4477626237347244,0.06290656580792842,1.0
NP_056195,0.9397263406081375,0.44781027355593694,0.06290117497358959,1.0
NP_078988,0.9396745518090395,0.4478389886084031,0.06289792649433952,1.0
NP_001530,0.9392523700641034,0.448073125775566,0.06287144408552976,1.0
NP_116038,0.9391062735876273,0.4481541709352175,0.0628622794690181,1.0
NP_689823,0.9385370568755347,0.44847004319570605,0.06282657085511388,1.0
NP_659449,0.9385246697778342,0.4484769189838921,0.06282579374632394,1.0
NP_001074016,0.9383956683771382,0.44854852941612966,0.06281770072295076,1.0
NP_004478,0.9383465824169539,0.44857577998747133,0.06281462123267556,1.0
NP_653311,0.9382082648355311,0.44865257518524637,0.06280594353769109,1.0
NP_065956,0.9381751972881275,0.448670936075519,0.06280386893965763,1.0
NP_000403,0.9375058238081548,0.4490427314403138,0.06276187168502459,1.0
NP_036369,0.9374754376028884,0.44905961465157895,0.06275996513058239,1.0
NP_733746,0.9373065623909692,0.4491534540551043,0.06274936906971652,1.0
NP_065812,0.9372862767765675,0.44916472722811585,0.06274809623444076,1.0
NP_112180,0.9366410244233225,0.4495234208408724,0.06270760761350525,1.0
NP_660202,0.9363165009028511,0.44970390469984867,0.06268724292540626,1.0
NP_054782,0.93619613825286,0.44977085843262,0.06267968963363992,1.0
NP_001180363,0.936132429836403,0.44980630036988944,0.06267569159780517,1.0
NP_054754,0.9360324662436718,0.44986191587916047,0.06266941829158189,1.0
NP_079106,0.935802107140279,0.449990097830957,0.06265496157671406,1.0
NP_005645,0.9357985282706642,0.4499920894906355,0.06265473697300973,1.0
NP_001009923,0.9357430422641166,0.4500229686009656,0.06265125475285807,1.0
NP_705718,0.9356087911049799,0.45009768881029055,0.06264282924055892,1.0
NP_004847,0.9355792479377419,0.450114132925693,0.06264097511095353,1.0
NP_061134,0.9355589210129239,0.450125447424498,0.06263969938859675,1.0
NP_055184,0.9355420768583972,0.45013482348588674,0.06263864224305293,1.0
NP_005541,0.9354259988046851,0.45019944073515195,0.0626313570754225,1.0
NP_003278,0.9353519582386047,0.4502406606291366,0.0626267101608307,1.0
NP_001243794,0.9350739010158685,0.45039548636436755,0.06260925839491595,1.0
NP_003655,0.9347010018045793,0.45060318478746786,0.06258585302053507,1.0
NP_001011663,0.9346998402293251,0.4506038318784632,0.06258578011133113,1.0
NP_001243417,0.9346831379210999,0.4506131364877306,0.06258473174752652,1.0
NP_060945,0.9345670050509826,0.4506778364289983,0.062577442301133,1.0
NP_002758,0.9345440351675961,0.45069063424535216,0.06257600051042395,1.0
NP_003326,0.934415060949923,0.45076249817429714,0.06256790487852477,1.0
NP_079541,0.9340050522013216,0.45099101123215257,0.06254216795404428,1.0
NP_003896,0.9339103600325735,0.4510437991813486,0.06253622376976264,1.0
NP_054873,0.9337595783961524,0.4511278649487577,0.06252675848263761,1.0
NP_542407,0.9337094216003036,0.4511558316627132,0.06252360985742594,1.0
NP_000780,0.9334114325938729,0.4513220132089776,0.06250490296923021,1.0
NP_001070020,0.9333438206142611,0.4513597253026429,0.06250065838073428,1.0
NP_036443,0.9328640533635814,0.45162739487967296,0.06247053813855999,1.0
NP_008937,0.9328162286530066,0.45165408362313586,0.062467535551875605,1.0
NP_079469,0.9327221711898299,0.4517065762014869,0.06246163027055842,1.0
NP_277040,0.9326614965061873,0.4517404406216362,0.06245782084623048,1.0
NP_001153149,0.9323451868848179,0.4519170139928531,0.0624379610313123,1.0
NP_005969,0.9323227259899721,0.4519295543168883,0.06243655076964337,1.0
NP_852480,0.9323022880554558,0.4519409654147746,0.06243526752075044,1.0
NP_056005,0.9322932922305531,0.45194598811670994,0.06243470269336569,1.0
NP_689498,0.9321005325450782,0.45205362314912667,0.062422599587615236,1.0
NP_005219,0.932041802826601,0.4520864210830591,0.06241891197024158,1.0
NP_006409,0.9320394307678259,0.4520877458102027,0.06241876302893603,1.0
NP_077269,0.931862679858474,0.4521864644262551,0.0624076647259461,1.0
NP_002590,0.9318076796718875,0.45221718636858943,0.062404211175345316,1.0
NP_001161047,0.9316097076647242,0.45232778244116656,0.06239177998246957,1.0
NP_057001,0.9314723483317107,0.4524045295865573,0.062383154628135776,1.0
NP_112571,0.9310966495460552,0.4526144951526988,0.0623595621540875,1.0
NP_036560,0.9309919702453219,0.4526730100790167,0.06235298847528785,1.0
NP_001098662,0.9308295547483642,0.4527638104347592,0.062342788880898975,1.0
NP_001012997,0.9302557340377571,0.4530847222882518,0.062306751512432236,1.0
NP_060873,0.9300386531367525,0.45320617064482827,0.0622931175694816,1.0
NP_001106962,0.9299244170146914,0.4532700912219667,0.06228594271749398,1.0
NP_115958,0.9295598540802237,0.4534741272456204,0.062263044802769354,1.0
NP_065920,0.9295213445951287,0.4534956840201232,0.06226062598662205,1.0
NP_077302,0.9291261065257561,0.4537169745160239,0.06223579999901136,1.0
NP_001972,0.9287343427307567,0.4539364003577182,0.06221119094285343,1.0
NP_061748,0.9287017352430296,0.4539546673389697,0.0622091426108803,1.0
NP_056990,0.9285809197901603,0.454022353986574,0.06220155316699804,1.0
NP_002805,0.9284966804654036,0.4540695534351129,0.062196261307435094,1.0
NP_612565,0.928488584143677,0.4540740900143835,0.06219575269862701,1.0
NP_002901,0.9283957167626061,0.4541261284688538,0.062189918754641624,1.0
NP_005943,0.9281677267995833,0.45425390229062723,0.06217559608024118,1.0
NP_001003796,0.9279022185311401,0.4544027369595648,0.06215891589772502,1.0
NP_057026,0.9278332379917038,0.4544414110703383,0.0621545821955155,1.0
NP_940953,0.9277509970799461,0.45448752289073824,0.06214941535810891,1.0
NP_006318,0.9277415295877048,0.45449283146461505,0.06214882055325408,1.0
NP_004406,0.927599770561807,0.4545723236113437,0.06213991430766341,1.0
NP_006752,0.9274015250568332,0.45468350846725847,0.062127458921776554,1.0
NP_065806,0.9273859899529194,0.45469222210885785,0.06212648286693394,1.0
NP_006619,0.9273567574341247,0.4547086189739161,0.06212464621188091,1.0
NP_056993,0.927052158783247,0.4548794985164245,0.06210550810179618,1.0
NP_060918,0.9263379319177777,0.4552803691510533,0.06206062975011041,1.0
NP_001120683,0.9263025957373938,0.45530020903483415,0.06205840929433682,1.0
NP_008840,0.9261992460106522,0.45535823960923116,0.06205191494132027,1.0
NP_001073936,0.9261579512785686,0.45538142804252946,0.062049320012671744,1.0
NP_001990,0.9260026010882875,0.455468670574501,0.06203955779967312,1.0
NP_037504,0.9256038107340336,0.4556926834684454,0.062014496865337373,1.0
NP_003144,0.9254561261302635,0.45577566356048993,0.06200521567378102,1.0
NP_001189399,0.9253445243865221,0.4558383771994693,0.061998201976148797,1.0
NP_001243415,0.9251106677067823,0.455969812042775,0.061983504732626864,1.0
NP_115784,0.9251026262122946,0.4559743321247034,0.06198299933881719,1.0
NP_060255,0.9247546290600779,0.4561699718526795,0.061961127807051715,1.0
NP_004591,0.9243117074930223,0.45641906838779045,0.06193328882490138,1.0
NP_002072,0.9241522451374021,0.45650877417586244,0.06192326572107372,1.0
NP_006243,0.9239464100905609,0.4566245866211325,0.06191032751671174,1.0
NP_078993,0.9234611743521125,0.456897690531493,0.06187982556882976,1.0
NP_057660,0.9228156463262518,0.4572612018514348,0.061839244563302836,1.0
NP_005302,0.9227789859837319,0.45728185264085786,0.06183693981197838,1.0
NP_003365,0.922422586682002,0.45748264910896697,0.061814533218302506,1.0
NP_001155133,0.9222814691440145,0.4575621734893902,0.06180566095413019,1.0
NP_001138387,0.9219444844547173,0.4577521175064565,0.06178447355940605,1.0
NP_003378,0.9219318744302823,0.4577592263943365,0.061783680704914204,1.0
NP_001248761,0.9218872202502174,0.4577844008081955,0.06178087306538154,1.0
NP_001009186,0.9214047259208027,0.4580564800547291,0.061750535076645914,1.0
NP_859048,0.9213369858562046,0.4580946885004691,0.061746275600472716,1.0
NP_002938,0.9213183355150426,0.45810520855283277,0.06174510286548626,1.0
NP_001128712,0.9212423611039361,0.4581480651290448,0.06174032555797045,1.0
NP_001265172,0.9210484983318152,0.45825743526461293,0.06172813515315555,1.0
NP_001139291,0.920767844198953,0.4584158045909228,0.0617104866058846,1.0
NP_570971,0.9207234482855757,0.45844086036860254,0.06170769476940937,1.0
NP_000323,0.9207145241506939,0.4584458970180145,0.06170713357328991,1.0
NP_001138627,0.9206528633573279,0.45848069859104745,0.061703256002845555,1.0
NP_644671,0.9205532432555865,0.4585369287255816,0.06169699127421408,1.0
NP_001186673,0.9203455913252298,0.4586541536031291,0.06168393256657031,1.0
NP_653310,0.9202784204075715,0.4586920781366953,0.06167970827868993,1.0
NP_671492,0.9200739740351085,0.4588075225378885,0.0616668506896334,1.0
NP_653269,0.9196847857576947,0.4590273451172209,0.06164237374744167,1.0
NP_001032583,0.9196639991443183,0.45903908810219873,0.06164106639379169,1.0
NP_001161213,0.9194480252392375,0.4591611116139719,0.06162748271141179,1.0
NP_071349,0.9193533517194766,0.4592146090587801,0.06162152809481653,1.0
NP_001032895,0.918989199871005,0.45942042499411084,0.061598623576921106,1.0
NP_004990,0.9188770040667155,0.45948385117245505,0.06159156643065292,1.0
NP_116093,0.9186830367079227,0.45959351967535655,0.06157936558122942,1.0
NP_056456,0.9183431153493667,0.45978575741281524,0.06155798323236649,1.0
NP_690002,0.9180819236698531,0.459933511630234,0.06154155261831439,1.0
NP_002790,0.9176604202870804,0.4601720280334477,0.061515036167408665,1.0
NP_872282,0.9173511455718281,0.46034709645157257,0.06149557898180477,1.0
NP_001158243,0.9170218454609538,0.4605335552908171,0.06147486106551424,1.0
NP_112236,0.9169777398443926,0.4605585334053408,0.06147208609121098,1.0
NP_057060,0.916970615057797,0.46056256844545784,0.061471637822505976,1.0
NP_001129671,0.9169274245553468,0.4605870294512596,0.0614689204055492,1.0
NP_078828,0.9169169414583297,0.46059296671564454,0.061468260838133254,1.0
NP_036234,0.9167035356471981,0.46071384485739375,0.06145483373431037,1.0
NP_001801,0.9166935739397359,0.4607194879861386,0.06145420695248769,1.0
NP_001488,0.9164633145466248,0.46084994022365844,0.061439719001814885,1.0
NP_004767,0.9163760108062747,0.46089940892107784,0.06143422572227996,1.0
NP_859066,0.916262668472885,0.4609636377281069,0.06142709396030579,1.0
NP_076970,0.9161638211796326,0.46101965795594557,0.061420874171330894,1.0
NP_079051,0.9160689486908513,0.46107343031280346,0.0614149044122817,1.0
NP_071900,0.9152934274697152,0.4615131604613082,0.06136610264629494,1.0
NP_005104,0.9151755763288907,0.46158001095620826,0.06135868610097482,1.0
NP_065127,0.9150018572139813,0.46167856549009123,0.06134775348830543,1.0
NP_005547,0.9149242493028658,0.46172259918441394,0.061342869330739624,1.0
NP_001119800,0.9148674635856568,0.4617548206319527,0.06133929555990269,1.0
NP_940852,0.9146513034920489,0.46187748992984523,0.06132569142115286,1.0
NP_001106878,0.9142879383477546,0.46208375189910844,0.06130282197361425,1.0
NP_057417,0.9140619034159833,0.4622120939336076,0.06128859524222725,1.0
NP_079057,0.9137585202500041,0.46238439593155556,0.06126949950338115,1.0
NP_003355,0.9135847005022549,0.46248313590249335,0.06125855847866593,1.0
NP_055630,0.9135680599369047,0.46249258956042427,0.061257511030580934,1.0
NP_001119809,0.9134917032403832,0.46253597035026006,0.06125270469301975,1.0
NP_001091974,0.9131670527635477,0.4627204490396266,0.0612322687416238,1.0
NP_055502,0.9131160698337673,0.4627494244580449,0.06122905941038154,1.0
NP_076869,0.9126270580592215,0.46302741607279374,0.061198275428339825,1.0
NP_001017405,0.9124828081046462,0.46310944254538533,0.06118919430429984,1.0
NP_116147,0.9123093949327632,0.463208066770857,0.06117827700401442,1.0
NP_689805,0.9121735863130513,0.46328531532186845,0.06116972693707631,1.0
NP_570854,0.9119958172710052,0.46338644566397325,0.06115853494370864,1.0
NP_000908,0.9117859357327228,0.4635058655438843,0.06114532086648549,1.0
NP_003480,0.9112001371243441,0.4638392987253829,0.061108437197870735,1.0
NP_001026847,0.9111989812175199,0.463839956837493,0.06110836441558364,1.0
NP_002460,0.9108227031995896,0.4640542265767459,0.0610846712706297,1.0
NP_077025,0.9106449129613875,0.4641554940294481,0.06107347591449855,1.0
NP_004379,0.9104552825927263,0.46426352363119083,0.06106153469744425,1.0
NP_065955,0.9104012267887124,0.464294321847584,0.06105813069289133,1.0
NP_001118228,0.9103277701721189,0.4643361760867999,0.06105350493992599,1.0
NP_976033,0.9102554903132867,0.4643773625724873,0.06104895324594875,1.0
NP_005921,0.9099735263348294,0.4645380571902755,0.06103119665018743,1.0
NP_001231639,0.9099630619291194,0.46454402177565934,0.06103053764449664,1.0
NP_002887,0.9098429266878374,0.4646125015011421,0.06102297194957472,1.0
NP_996805,0.909549634681526,0.46477971593859946,0.06100450093849897,1.0
NP_031391,0.9095483810016729,0.46478043079460896,0.061004421982402565,1.0
NP_892116,0.9091269846013483,0.46502075997238834,0.060977881906856504,1.0
NP_001138238,0.9089120645408956,0.4651433679386864,0.06096434539329242,1.0
NP_001161414,0.9087872338391134,0.4652145926065393,0.06095648288389279,1.0
NP_071396,0.9078398370964297,0.4657554131295166,0.060896806446590325,1.0
NP_001028741,0.9077610362876108,0.4658004175296766,0.0608918424489091,1.0
NP_003555,0.9074897006408428,0.4659554063588762,0.06087474946246863,1.0
NP_476509,0.9074010321010553,0.4660060627539401,0.06086916358841435,1.0
NP_079239,0.9072803137719226,0.4660750357881809,0.06086155855899094,1.0
NP_061924,0.9071095021498158,0.4661726428309515,0.0608507975351625,1.0
NP_037458,0.9067847621551768,0.46635825115180884,0.060830338441411586,1.0
NP_059431,0.9061333619790423,0.46673073062259607,0.0607892965918519,1.0
NP_941372,0.9060834848060123,0.4667592601613606,0.06078615390351169,1.0
NP_055592,0.9060475963646153,0.4667797890030726,0.06078389261185428,1.0
NP_001018063,0.9060150714433105,0.46679839442851956,0.060781843242533606,1.0
NP_001093897,0.9057664121327219,0.4669406546782737,0.06076617512236493,1.0
NP_000337,0.9055798007838084,0.46704743783983105,0.06075441632509922,1.0
NP_068745,0.9052286631948719,0.4672484156523322,0.06073228956427429,1.0
NP_055527,0.9051909903565141,0.46726998196045166,0.06072991556714454,1.0
NP_001093896,0.9050101355522445,0.4673735249256036,0.06071851862707322,1.0
NP_001129970,0.9043549800120761,0.4677487568126184,0.06067723032797378,1.0
NP_114381,0.9043415592333182,0.4677564457221772,0.06067638450442479,1.0
NP_055918,0.9043174090503241,0.4677702818594287,0.06067486247315132,1.0
NP_115879,0.90413225219288,0.4678763721062158,0.06066319305908285,1.0
NP_005711,0.9038444632711851,0.46804130332108007,0.06064505473729321,1.0
NP_001124496,0.9034055070253961,0.4682929510817696,0.06061738752257225,1.0
NP_057407,0.903255484188564,0.46837898012635293,0.06060793127695237,1.0
NP_073620,0.9031498760352691,0.46843954704233814,0.06060127446531036,1.0
NP_077321,0.9031412640540538,0.46844448632126134,0.06060073162108475,1.0
NP_001099009,0.9029342858339188,0.4685632073156907,0.060587684848896435,1.0
NP_001025031,0.9026852028679803,0.46870610874784635,0.0605719835438959,1.0
NP_525023,0.9021144631219303,0.4690336694617585,0.06053600415930112,1.0
NP_004848,0.9021053253299719,0.4690389152274512,0.06053542809126516,1.0
NP_113608,0.90195687958157,0.46912414009588554,0.06052606962092457,1.0
NP_076417,0.9010857334997913,0.4696245083687999,0.06047114617118274,1.0
NP_057521,0.9010479676689704,0.46964620919113653,0.060468764990488436,1.0
NP_002681,0.9009891946326178,0.46967998254694365,0.060465059256412164,1.0
NP_679211,0.9006990508193674,0.4698467371549738,0.06044676479589992,1.0
NP_006337,0.9006336175700906,0.46988434970259507,0.06044263892966993,1.0
NP_663782,0.9006172391215641,0.46989376476203415,0.060441606187762065,1.0
NP_110435,0.9003897851360397,0.470024529806201,0.0604272638581729,1.0
NP_277048,0.8999351855029963,0.47028596309469395,0.060398597329376,1.0
NP_115923,0.8993783899521111,0.47060631381598084,0.06036348406042465,1.0
NP_078879,0.899221261261925,0.47069674646130955,0.06035357455895406,1.0
NP_000159,0.8986543558799368,0.4710231253309257,0.06031782028188819,1.0
NP_055739,0.8985040769209208,0.4711096719170904,0.06030834184975537,1.0
NP_001036083,0.8984283729137587,0.4711532747623859,0.06030356695523372,1.0
NP_444279,0.8984069220752366,0.4711656302313817,0.0603022139732303,1.0
NP_004753,0.8983969318139423,0.4711713846036907,0.06030158384997184,1.0
NP_056077,0.8983708570128663,0.4711864038855128,0.06029993921046682,1.0
NP_071436,0.898300008405159,0.47122721499815867,0.06029547048309982,1.0
NP_665813,0.8981454809954045,0.47131623686676827,0.06028572362520625,1.0
NP_079478,0.8980579429438349,0.4713666722563291,0.06028020204936728,1.0
NP_002366,0.8979953919611001,0.47140271368344466,0.060276256525468835,1.0
NP_000169,0.897397411248314,0.47174736829941577,0.060238536066087076,1.0
NP_009330,0.8973828732701419,0.4717557497770498,0.06023761897670531,1.0
NP_114152,0.8973453584379195,0.47177737844397705,0.060235252445809684,1.0
NP_001252543,0.8971431070328965,0.47189399631668316,0.060222493708163294,1.0
NP_002472,0.8967712239317991,0.4721084789360732,0.060199033095918675,1.0
NP_003265,0.896668856035037,0.4721675319414389,0.06019257491058299,1.0
NP_001183956,0.896454484601717,0.47229121406723706,0.060179050359155696,1.0
NP_001188356,0.8962324476482533,0.4724193439490091,0.06016504178475989,1.0
NP_001942,0.8962235403107651,0.4724244845999749,0.060164479801574466,1.0
NP_076424,0.8958928804584427,0.47261534590793497,0.06014361728082395,1.0
NP_001138826,0.8957944699426517,0.47267216072199103,0.06013740802816678,1.0
NP_055544,0.8953163733168896,0.4729482490976258,0.06010724115405416,1.0
NP_004251,0.8951834359619723,0.4730250380116281,0.06009885274730479,1.0
NP_001106849,0.8951448555847502,0.47304732499919766,0.06009641828015703,1.0
NP_003479,0.895008508959668,0.47312609545578643,0.06008781454681956,1.0
NP_001003819,0.8949576588624164,0.47315547514605827,0.060084605767907064,1.0
NP_055586,0.8948499160057064,0.4732177302256396,0.06007780682933359,1.0
NP_001760,0.8948105047783154,0.4732405039949882,0.060075319823052246,1.0
NP_057259,0.8946498399585802,0.4733333524537874,0.060065181093311854,1.0
NP_055551,0.8946223055576684,0.47334926597085136,0.06006344351705079,1.0
NP_001014765,0.8944891975789354,0.47342620131446955,0.06005504356096563,1.0
NP_005834,0.8943925448574609,0.4734820715639291,0.0600489440683007,1.0
NP_001542,0.8942678179770058,0.4735541772744678,0.0600410727741613,1.0
NP_060498,0.8941668289202506,0.4736125658434056,0.060034699435757094,1.0
NP_057576,0.8939416398706642,0.47374278180804397,0.06002048762414969,1.0
NP_004528,0.8939082706973477,0.47376207982568963,0.06001838163969664,1.0
NP_689914,0.8936798736982849,0.4738941815683977,0.060003966868959736,1.0
NP_060487,0.8935014789508186,0.4739973814749372,0.05999270757206527,1.0
NP_060640,0.8933821875267629,0.474066399785828,0.0599851784019195,1.0
NP_079508,0.8933760356165136,0.4740699592897354,0.059984790116093534,1.0
NP_004586,0.893298731034313,0.47411468949993496,0.05997991090938622,1.0
NP_054774,0.8928587626724599,0.4743693242395708,0.059952140613212974,1.0
NP_115554,0.8927345343807681,0.47444124036918145,0.05994429916949349,1.0
NP_115593,0.8927169125383179,0.47445144235354275,0.05994318684636594,1.0
NP_000104,0.8927036940089271,0.4744590951906438,0.05994235246673484,1.0
NP_055698,0.8926094991288455,0.4745136317182005,0.05993640665734635,1.0
NP_003471,0.8925390909812481,0.47455439931035115,0.05993196227510725,1.0
NP_872296,0.8924259987020908,0.47461988715895775,0.05992482344917263,1.0
NP_001632,0.8923474128630147,0.47466539741389036,0.05991986274052837,1.0
NP_976241,0.8923215165823893,0.47468039504425374,0.059918228033742214,1.0
NP_001257624,0.8921940821180195,0.4747542027845012,0.059910183630317616,1.0
NP_002419,0.8919138234070967,0.47491655313885783,0.05989249158863566,1.0
NP_006403,0.891741595836189,0.47501634257662106,0.05988161895620891,1.0
NP_000994,0.8917040323096546,0.4750381090939326,0.05987924755790047,1.0
NP_065986,0.8916327470694818,0.4750794179639245,0.05987474726335467,1.0
NP_006396,0.8912648167349384,0.4752926706231123,0.05985151884031551,1.0
NP_055671,0.8909554333487341,0.475472043648154,0.059831985753809554,1.0
NP_000629,0.8896516537992175,0.4762284875957721,0.05974966201255725,1.0
NP_001001795,0.8894524259879989,0.4763441556400504,0.05973708102492419,1.0
NP_001258115,0.889387109205621,0.47638208184365183,0.05973295627835089,1.0
NP_115495,0.8891235790666772,0.4765351230796433,0.05971631401573811,1.0
NP_055998,0.8891020998393714,0.47654759840627137,0.05971495754931811,1.0
NP_005328,0.8890510428013526,0.4765772537463281,0.05971173315516278,1.0
NP_003817,0.8889969590216815,0.47660866857163253,0.05970831758972268,1.0
NP_001072989,0.8889547801930742,0.476633169398044,0.059705653843187156,1.0
NP_660143,0.8889109242573351,0.4766586453973276,0.0597028841652281,1.0
NP_003397,0.8888608039864985,0.47668776157870874,0.05969971884944383,1.0
NP_057400,0.8883048755606929,0.47701080208254654,0.05966460809241314,1.0
NP_036387,0.8877548671970442,0.47733055973726457,0.05962986864816536,1.0
NP_000099,0.8877035874152931,0.477360380165304,0.05962662960093298,1.0
NP_002212,0.8876863564885427,0.47737040066918623,0.059625541217938144,1.0
NP_009031,0.887479208888605,0.4774908776626302,0.05961245664469061,1.0
NP_056372,0.8873084044592026,0.4775902341550585,0.059601667430589825,1.0
NP_060308,0.887301532934788,0.4775942316183478,0.05960123337139604,1.0
NP_055863,0.8872230816402954,0.4776398718624816,0.059596277746013324,1.0
NP_060596,0.8870507307464492,0.47774015080527243,0.05958539047055236,1.0
NP_001216,0.8869783491315681,0.4777822691853306,0.059580818103581776,1.0
NP_061170,0.886704538474185,0.4779416222687146,0.05956352100510405,1.0
NP_005776,0.8866771088469008,0.47795758797317867,0.05956178819247471,1.0
NP_003964,0.8865252978874766,0.4780459581741574,0.05955219771891848,1.0
NP_055962,0.8865109926554717,0.4780542859615554,0.05955129399312224,1.0
NP_004885,0.8864402617054149,0.47809546352054233,0.05954682557560356,1.0
NP_004829,0.886438504957876,0.4780964862821685,0.05954671459279202,1.0
NP_060849,0.8862590452691834,0.47820097439577314,0.05953537705974788,1.0
NP_056391,0.8860695985828456,0.4783112953582208,0.059523408292219686,1.0
NP_003784,0.8860198698201989,0.47834025710403083,0.05952026650296958,1.0
NP_001240693,0.8859940540649783,0.4783552925551866,0.05951863549367979,1.0
NP_001243211,0.8856460181300578,0.47855802706771633,0.05949664643720402,1.0
NP_001229787,0.8854996296636023,0.4786433185412534,0.05948739724523533,1.0
NP_000185,0.8853013667224989,0.4787588516910364,0.059474870203278116,1.0
NP_001266284,0.8852222255823017,0.47880497502966013,0.059469869657768765,1.0
NP_542399,0.8851742707783047,0.4788329245912085,0.05946683959999223,1.0
NP_006393,0.885080689168438,0.47888747030284773,0.059460926524401894,1.0
NP_001036148,0.8849831667173161,0.47894431781443214,0.05945476436252408,1.0
NP_079094,0.8848850364737041,0.4790015245739665,0.059448563714492544,1.0
NP_001160163,0.8848185350013787,0.47904029560796524,0.059444361576914385,1.0
NP_060298,0.8847783065007343,0.4790637503406301,0.05944181957445206,1.0
NP_005474,0.8847199016064415,0.47909780408279345,0.059438128997708395,1.0
NP_055134,0.8845853927183638,0.47917623795639386,0.05942962933660941,1.0
NP_055417,0.8844236105492589,0.47927058760278585,0.05941940606436572,1.0
NP_065939,0.8842385960415893,0.4793785026589661,0.05940771443134144,1.0
NP_115597,0.8841186631714323,0.4794484664066081,0.05940013535091289,1.0
NP_858057,0.8834503842683321,0.47983844785547436,0.059357901659828204,1.0
NP_148980,0.8833251589299241,0.4799115501005754,0.059349987284255015,1.0
NP_078902,0.8829375178609729,0.4801378928973521,0.059325487109071144,1.0
NP_055131,0.8827025418091123,0.4802751326433452,0.059310635237745796,1.0
NP_001030024,0.8823540715941138,0.4804787120372823,0.05928860900294393,1.0
NP_002037,0.8822822344296662,0.4805206877313499,0.05928406816452759,1.0
NP_113637,0.8817727691525179,0.480818453424807,0.059251863526655166,1.0
NP_001257628,0.8817400544015749,0.48083757869257393,0.059249795466006804,1.0
NP_001243497,0.8816561626203205,0.480886624924613,0.05924449221148253,1.0
NP_065910,0.881351865782144,0.48106455853322405,0.059225255456038566,1.0
NP_904325,0.8812894728521208,0.48110104788178154,0.05922131106043289,1.0
NP_004414,0.8812229377671228,0.4811399619034996,0.059217104767019045,1.0
NP_036266,0.8809920182952808,0.48127503624827495,0.059202505935904995,1.0
NP_079321,0.8802729214933009,0.48169584170726953,0.05915704141567323,1.0
NP_061919,0.8796421707346259,0.48206516760581763,0.05911715891022645,1.0
NP_065189,0.879479166137779,0.48216064563063177,0.05910685154486241,1.0
NP_001120650,0.8792938712598685,0.4822691965437168,0.059095134410798264,1.0
NP_001245185,0.8791186765023072,0.48237184678552714,0.059084055690115996,1.0
NP_055496,0.8789864031797904,0.48244935893921403,0.05907569100217353,1.0
NP_036552,0.8789214530103557,0.482487423029762,0.05907158363501738,1.0
NP_036442,0.8788627271611004,0.4825218412230232,0.05906786985518404,1.0
NP_002749,0.8785177342350545,0.4827240713969583,0.05904605216241464,1.0
NP_006053,0.8784507410973663,0.48276334896990325,0.059041815333024064,1.0
NP_612382,0.878426048654698,0.48277782654609225,0.05904025370574229,1.0
NP_055138,0.8783962228564193,0.4827953143097292,0.059038367422089046,1.0
NP_065073,0.8783393492226765,0.48282866230284793,0.05903477052152099,1.0
NP_001076437,0.8782099086814973,0.4829045662849789,0.059026584116753066,1.0
NP_001123482,0.8778082270581289,0.4831401674425069,0.05900117904878403,1.0
NP_002011,0.8777969097603172,0.4831468066598016,0.059000463246305895,1.0
NP_056049,0.877643401064426,0.48323686802290955,0.0589907539390032,1.0
NP_000883,0.877550211117813,0.48329154715093836,0.058984859648601985,1.0
NP_064539,0.8773376887927589,0.48341626117358394,0.058971417275395066,1.0
NP_000175,0.8772784956012977,0.48345100152553966,0.05896767314402821,1.0
NP_714925,0.8770677772604876,0.4835746862801049,0.058954344390437,1.0
NP_001072990,0.876996318904034,0.4836166351782403,0.05894982428607882,1.0
NP_001258594,0.8768450073672255,0.483705469740086,0.058940252918747174,1.0
NP_067033,0.8766791084914831,0.4838028820209461,0.05892975859048286,1.0
NP_001810,0.8764258121211916,0.48395163955306075,0.058913735274173616,1.0
NP_004748,0.8763684866716481,0.4839853105932128,0.05891010883851278,1.0
NP_060493,0.8763158146848887,0.48401624983572444,0.058906776758520345,1.0
NP_112604,0.8761481573069612,0.48411474037860136,0.058896170436203196,1.0
NP_000627,0.8758030640303243,0.4843175113633458,0.05887433843138289,1.0
NP_112234,0.8757357964821602,0.48435704377042355,0.0588700826946157,1.0
NP_001041659,0.8754236205412026,0.4845405366276925,0.05885033212313671,1.0
NP_057144,0.8754107443031626,0.4845481061846221,0.05884951745876453,1.0
NP_085053,0.8751404074571941,0.48470704884455096,0.05883241324017819,1.0
NP_059105,0.875070587818741,0.48474810491691467,0.05882799564899814,1.0
NP_085131,0.8749292783549151,0.484831206849375,0.058819054664552874,1.0
NP_003089,0.8748687321259379,0.4848668163003945,0.05881522370926492,1.0
NP_006238,0.8747492109951345,0.4849371165777395,0.05880766113008049,1.0
NP_002848,0.8737104069901881,0.48554843239481793,0.05874192673400252,1.0
NP_001973,0.873406864153406,0.4857271660678659,0.058722717137417606,1.0
NP_002882,0.8732687156213573,0.4858085270747644,0.05871397419883667,1.0
NP_006353,0.8728339040679736,0.4860646683600587,0.05868645543262865,1.0
NP_001035026,0.8725706678031023,0.4862197842628355,0.05866979470415878,1.0
NP_066923,0.8722896571272293,0.4863854132596812,0.058652008348237285,1.0
NP_079425,0.8718320132352866,0.4866552374491021,0.058623040689230084,1.0
NP_056171,0.8717280992120847,0.486716519529551,0.05861646295552361,1.0
NP_068811,0.8716174899164514,0.4867817561568051,0.058609461311618774,1.0
NP_945344,0.8715272721400491,0.48683497065007075,0.05860375038767854,1.0
NP_000008,0.8714818180775294,0.48686178307813965,0.058600873049393806,1.0
NP_001138740,0.8711805157124035,0.48703954202489563,0.05858179952774711,1.0
NP_060829,0.8711007730781546,0.48708659547288624,0.058576751403308945,1.0
NP_060895,0.8708633955999793,0.48722668325159924,0.05856172385106117,1.0
NP_055423,0.8706366524423251,0.487360522200202,0.058547369073087635,1.0
NP_620689,0.8704738459377502,0.48745663773184766,0.0585370617611854,1.0
NP_001511,0.8704633238816963,0.48746285007055834,0.058536395599977566,1.0
NP_000821,0.8703783053838813,0.48751304801832995,0.058531012964798484,1.0
NP_891993,0.8702145905245996,0.4876097215406664,0.05852064778400082,1.0
NP_036562,0.8701121253827928,0.4876702341358524,0.058514160353743426,1.0
NP_060684,0.8695722693784171,0.4879891445070861,0.05847997868567927,1.0
NP_149017,0.8695462052273689,0.48800454522349,0.058478328338068694,1.0
NP_073567,0.8691014840644752,0.4882673745418339,0.05845016828998777,1.0
NP_690001,0.8688458187776165,0.48841851810117154,0.0584339786266642,1.0
NP_055806,0.8687746293890825,0.4884606096261759,0.05842947055447957,1.0
NP_001028260,0.8686862129356033,0.4885128904621553,0.05842387151730025,1.0
NP_891549,0.8682805610836919,0.4887528046033428,0.058398182460743596,1.0
NP_006321,0.8679989394954056,0.48891941326578536,0.05838034714877805,1.0
NP_004493,0.8679124024200975,0.4889706171679855,0.05837486655347961,1.0
NP_003019,0.8678355662667988,0.48901608425889054,0.05837000028678054,1.0
NP_005145,0.8676586867438248,0.48912076259066983,0.0583587977787948,1.0
NP_066982,0.8676125896734654,0.4891480457373223,0.058355878217870694,1.0
NP_057951,0.8675650205939516,0.48917620125247285,0.05835286540817111,1.0
NP_055520,0.867453919441668,0.48924196508304074,0.05834582869009789,1.0
NP_001027539,0.8673365674992899,0.4893114357923606,0.0583383959569012,1.0
NP_940982,0.8670263495969807,0.48949511441033766,0.05831874708559216,1.0
NP_060866,0.8670060918686128,0.48950711063350216,0.05831746395414569,1.0
NP_065953,0.8670038350769251,0.48950844707358554,0.05831732100797152,1.0
NP_066009,0.8668430644282511,0.4896036598842096,0.05830713761298379,1.0
NP_036330,0.8665323305183664,0.4897877225714542,0.05828745475093266,1.0
NP_001138348,0.866528372550105,0.48979006738578046,0.05828720403548165,1.0
NP_001177658,0.8665187947959668,0.48979574155620376,0.05828659733705058,1.0
NP_001243728,0.8664817481490404,0.48981768962657357,0.05828425062687899,1.0
NP_005054,0.8663745796117035,0.4898811849578174,0.058277461998023514,1.0
NP_055860,0.86616344216922,0.49000629709567367,0.05826408713577498,1.0
NP_002653,0.865785794582603,0.49023013379582314,0.058240163456284466,1.0
NP_009109,0.8656525930243073,0.49030910152182416,0.05823172495168584,1.0
NP_006214,0.8650809082622464,0.4906481243915827,0.058195506206859635,1.0
NP_001025006,0.8649421143977963,0.49073045772280954,0.058186712584641406,1.0
NP_003300,0.8648552298019779,0.49078200318632537,0.05818120771657855,1.0
NP_783859,0.8648260352907268,0.4907993240921158,0.05817935798491921,1.0
NP_001628,0.8643467094279216,0.4910837671959033,0.058148987394090974,1.0
NP_002818,0.8643300178705766,0.4910936744703225,0.05814792976416963,1.0
NP_039269,0.8641098121376158,0.49122439092420767,0.058133976609349845,1.0
NP_006351,0.8640029971647853,0.4912878063504763,0.058127208217704784,1.0
NP_001091,0.8638525775173187,0.4913771195062848,0.05811767662604243,1.0
NP_003312,0.8638398563384272,0.49138467336263125,0.05811687051849242,1.0
NP_066012,0.8636244435966507,0.491512598350502,0.058103220171760055,1.0
NP_001605,0.8633476774121921,0.4916769934926416,0.05808568137877988,1.0
NP_006296,0.8629438020097955,0.49191695991351403,0.05806008644755199,1.0
NP_115285,0.8626934325739869,0.49206576114045997,0.05804421900294701,1.0
NP_059991,0.8625771990759962,0.4921348526880327,0.05803685239257312,1.0
NP_009217,0.8622613543079254,0.4923226320699903,0.058016834299444785,1.0
NP_001012533,0.8621681174309169,0.492378073986004,0.058010924827295786,1.0
NP_036412,0.8619811977398399,0.492489236357439,0.057999077395611776,1.0
NP_005300,0.861855832662036,0.49256380178935055,0.05799113128038342,1.0
NP_001257293,0.8618553139471826,0.49256411033051106,0.05799109840198551,1.0
NP_009144,0.8618244665621907,0.49258245917103427,0.05798914315676516,1.0
NP_001020119,0.8617834344567006,0.49260686690556066,0.05798654234583151,1.0
NP_001173,0.8615591432622544,0.49274030054571394,0.05797232544425576,1.0
NP_001029102,0.8615443376950009,0.4927491094665928,0.05797138696479679,1.0
NP_055789,0.8614377273246404,0.49281254312050005,0.057964629205475696,1.0
NP_060460,0.8614376772838035,0.4928125728963877,0.057964626033491985,1.0
NP_525127,0.8614214004942882,0.49282225817086767,0.05796359428080261,1.0
NP_008959,0.8611979274018989,0.49295524636158694,0.05794942854599729,1.0
NP_055889,0.8611407099142225,0.4929893004212883,0.05794580151843494,1.0
NP_001473,0.8611302240459092,0.4929955414634072,0.057945136814195004,1.0
NP_000253,0.860753820450979,0.49321960877335524,0.05792127578793698,1.0
NP_001001414,0.8601173410897562,0.4935986596706984,0.057880925254300844,1.0
NP_660281,0.8598978850241792,0.4937294031249305,0.05786701171686953,1.0
NP_057646,0.859682102391338,0.49385798203744546,0.057853330674751874,1.0
NP_056299,0.8595527654003198,0.4939350617596554,0.05784513026541037,1.0
NP_001130026,0.8595444457047415,0.49394002026056494,0.057844602763256245,1.0
NP_055979,0.8594842073892865,0.4939759230767715,0.05784078339420994,1.0
NP_003014,0.8591233542877164,0.49419103493372374,0.057817903102595186,1.0
NP_001782,0.8591080457463042,0.494200162133726,0.05781693242295518,1.0
NP_001166927,0.8590081066511182,0.49425975037429404,0.057810595464081696,1.0
NP_061903,0.858998179729622,0.4942656695350027,0.05780996601113067,1.0
NP_149098,0.8589877537155702,0.49427188634548114,0.05780930491047591,1.0
NP_002765,0.8588860713256524,0.49433252029757524,0.05780285730725885,1.0
NP_004279,0.8588071284185891,0.494379598163711,0.057797851536551384,1.0
NP_001094891,0.8587229231384789,0.4944298177644133,0.057792512020077305,1.0
NP_001119575,0.8585460681942385,0.4945353049181659,0.057781297325719974,1.0
NP_001904,0.858273706261435,0.49469778948042886,0.05776402583698192,1.0
NP_859076,0.857453678713849,0.4951872263238358,0.05771202100009343,1.0
NP_057329,0.8573497636364183,0.4952492729197594,0.05770543046208647,1.0
NP_899152,0.8571230964908164,0.49538463255837994,0.05769105438005456,1.0
NP_001460,0.8571064774304503,0.495394558052093,0.05769000031954321,1.0
NP_001189333,0.8568517499254394,0.49554670797003053,0.05767384398445918,1.0
NP_666499,0.8567798863131233,0.4955896384126429,0.05766928586607354,1.0
NP_055421,0.8566933282772434,0.49564135061436165,0.057663795660819805,1.0
NP_001159681,0.8563427539296222,0.4958508325780724,0.057641558768096714,1.0
NP_006735,0.8563032089615212,0.4958744661780843,0.0576390503692054,1.0
NP_079356,0.8562934510728905,0.49588029799156075,0.057638431409084125,1.0
NP_001092,0.855887391000553,0.49612302322662494,0.057612673580107715,1.0
NP_056023,0.8558311326994033,0.4961566586349049,0.05760910480569614,1.0
NP_000017,0.855783699125719,0.49618501921414304,0.05760609581143022,1.0
NP_005237,0.8557721291478094,0.49619193708870235,0.057605361855863374,1.0
NP_000402,0.8556992764617602,0.4962354984376256,0.057600740331192654,1.0
NP_056175,0.8555172116375195,0.49634437361872163,0.05758919056465598,1.0
NP_001124459,0.8552875423503967,0.4964817404283429,0.05757462047853928,1.0
NP_001243586,0.8552702835066973,0.49649206414748825,0.05757352556932435,1.0
NP_001230882,0.8552259889283189,0.4965185605200849,0.05757071548865858,1.0
NP_001129514,0.855184425236016,0.49654342422382836,0.05756807864217606,1.0
NP_001124198,0.8551729377496142,0.49655029627691083,0.05756734986076596,1.0
NP_060085,0.8551233395522855,0.4965799677196572,0.057564203272246796,1.0
NP_037506,0.8549884139993811,0.49666069141578806,0.057555643274257814,1.0
NP_002410,0.8548295085210588,0.49675577377094315,0.05754556173335475,1.0
NP_056169,0.8546845120487796,0.49684254476471545,0.05753636244213306,1.0
NP_036549,0.8545842109178252,0.496902574747327,0.057529998738687194,1.0
NP_079087,0.8544327677075273,0.4969932228310845,0.05752039011311173,1.0
NP_001245227,0.8543965943488683,0.4970148765380219,0.05751809499107562,1.0
NP_005189,0.8540828999991157,0.4972026847700246,0.05749819128848181,1.0
NP_733765,0.8540587807518041,0.49721712698981757,0.057496660903113624,1.0
NP_689656,0.8539397282867824,0.49728841803440416,0.05748910685699099,1.0
NP_003852,0.8538202671058945,0.49735996106647007,0.057481526755557844,1.0
NP_060232,0.8538021686886023,0.4973708004973818,0.057480378356485264,1.0
NP_001177,0.8536855706073562,0.4974406369390991,0.05747297979005553,1.0
NP_001243042,0.8534344612513051,0.4975910623909703,0.05745704560636738,1.0
NP_067677,0.8533546253277653,0.49763889430158026,0.05745197949240604,1.0
NP_115742,0.8532340405475769,0.49771114611836054,0.05744432749247393,1.0
NP_057175,0.8531841413519591,0.4977410468080201,0.05744116098154701,1.0
NP_002782,0.8531100020303855,0.49778547504709614,0.0574364561976426,1.0
NP_003760,0.8530141657653995,0.49784290938997855,0.057430374484628545,1.0
NP_001070146,0.8529896950423252,0.49785757535752695,0.05742882157435541,1.0
NP_031397,0.8529480208896254,0.4978825525067244,0.05742617692393551,1.0
NP_060385,0.8528017291844658,0.4979702385305993,0.057416893104334954,1.0
NP_001025459,0.8527134283200878,0.4980231705897892,0.0574112893536473,1.0
NP_006550,0.8526263520645833,0.49807537243320965,0.05740576325385471,1.0
NP_005864,0.852419728466587,0.4981992578054031,0.057392650090060005,1.0
NP_001093894,0.8512483690922116,0.4989019797760951,0.057318304019734374,1.0
NP_001776,0.8511765619591556,0.4989450809652767,0.05731374604618325,1.0
NP_001162589,0.851127727211849,0.4989743948078925,0.05731064622468504,1.0
NP_005331,0.851088280969378,0.4989980739327915,0.05730814233055149,1.0
NP_078916,0.8510384807820155,0.49902796953887407,0.05730498118924828,1.0
NP_060595,0.8504749890448839,0.49936632753907384,0.05726921123211712,1.0
NP_997717,0.8503030185945293,0.49946962213231716,0.05725829415937428,1.0
NP_001034589,0.8501334971624032,0.49957146039176714,0.05724753230836938,1.0
NP_004366,0.8496430793832298,0.49986615587482097,0.05721639738013956,1.0
NP_620636,0.8495724437245692,0.49990861138156306,0.057211912797098634,1.0
NP_003969,0.8493886174945862,0.5000191118450024,0.05720024166475726,1.0
NP_001681,0.849278856561559,0.5000850988096086,0.057193272802354415,1.0
NP_060549,0.8492475859483994,0.5001038994468794,0.05719128737216477,1.0
NP_588615,0.8490567798618799,0.5002186273449718,0.05717917255278874,1.0
NP_001870,0.8489117930801642,0.5003058173414212,0.05716996672279853,1.0
NP_002468,0.8486512485347018,0.5004625265117264,0.057153423185048464,1.0
NP_001073898,0.8485231573105616,0.5005395818740696,0.057145289691170206,1.0
NP_057226,0.8480493286951819,0.5008246934157179,0.057115201459915055,1.0
NP_004488,0.8477839002897994,0.5009844563299024,0.057098345853030114,1.0
NP_001243463,0.8475745329513721,0.5011105009208653,0.05708504988948475,1.0
NP_001446,0.8475742241816118,0.5011106868246891,0.057085030280650435,1.0
NP_874365,0.8475172102169625,0.5011450145691205,0.057081409519011264,1.0
NP_001002292,0.8471971873652906,0.5013377288208588,0.05706108544757798,1.0
NP_073745,0.8465698102356071,0.5017156788272723,0.057021239320341865,1.0
NP_001182572,0.8465223547073797,0.5017442755013247,0.05701822517641468,1.0
NP_066301,0.8463341105443971,0.5018577225467413,0.0570062686345783,1.0
NP_001093241,0.8463054087056915,0.5018750215437807,0.057004445578051254,1.0
NP_694942,0.8461808732811471,0.5019500856002955,0.05699653537186988,1.0
NP_803187,0.8459567560254501,0.5020851926259627,0.056982299620541875,1.0
NP_060742,0.8459154407342595,0.5021101019417086,0.0569796752589089,1.0
NP_001138385,0.845776457924983,0.5021939021111361,0.056970846915419524,1.0
NP_075046,0.8456861170696868,0.5022483786818375,0.05696510827460581,1.0
NP_064512,0.8456068539847091,0.5022961786281686,0.056960073259500324,1.0
NP_073753,0.845406896510499,0.5024167779595359,0.056947371156880616,1.0
NP_079048,0.8453667740441437,0.5024409792524254,0.05694482237530133,1.0
NP_055976,0.8448670670754361,0.5027424634510709,0.05691307731204102,1.0
NP_001191763,0.8447527333196154,0.5028114612566579,0.0569058136902163,1.0
NP_001234919,0.8443930162525997,0.503028585349518,0.056882960140445187,1.0
NP_000132,0.8443339310771002,0.5030642552257508,0.056879206234336954,1.0
NP_006483,0.8441562688771476,0.5031715209859912,0.056867918498476,1.0
NP_005990,0.8437824902959566,0.5033972464912699,0.05684416966144408,1.0
NP_872431,0.843469255685168,0.503586463717872,0.05682426669642021,1.0
NP_055332,0.8433109129089789,0.5036821334918573,0.05681420525764003,1.0
NP_002620,0.8432197856717066,0.5037371977697487,0.056808414740693536,1.0
NP_055101,0.8425907903465398,0.5041173869322582,0.05676844442107449,1.0
NP_000777,0.8424674566972845,0.5041919579789778,0.05676060662791903,1.0
NP_067007,0.8423219216636653,0.5042799624858246,0.056751357780093895,1.0
NP_004647,0.8422580981603567,0.50431855969655,0.05674730169695349,1.0
NP_005610,0.842135701918107,0.5043925844703283,0.0567395231273404,1.0
NP_001161153,0.8420870053010481,0.5044220380968424,0.05673642830690087,1.0
NP_689481,0.8420707572236127,0.5044318658382801,0.056735395686870596,1.0
NP_060962,0.841588675538422,0.5047235162371446,0.0567047567438323,1.0
NP_056160,0.8411419278207807,0.5049938948409898,0.05667636169181832,1.0
NP_001014446,0.8410542209227585,0.5050469882201302,0.056670786886355386,1.0
NP_060823,0.8410497744957011,0.505049679968423,0.056670504261837513,1.0
NP_112199,0.8409815277986781,0.5050909959477103,0.05666616633296345,1.0
NP_036357,0.8406721671164508,0.5052783097467946,0.056646502102457905,1.0
NP_003162,0.8405402972062805,0.5053581698896323,0.05663811966229501,1.0
NP_001229281,0.8405078247774237,0.5053778364690771,0.05663605549765138,1.0
NP_057560,0.8404589293439757,0.5054074504677761,0.05663294736001322,1.0
NP_055456,0.8401168338292361,0.5056146776562693,0.05661120079015295,1.0
NP_113631,0.8398506555131355,0.5057759581430674,0.05659427948495718,1.0
NP_006773,0.8397471362487885,0.5058386912847386,0.05658769846539723,1.0
NP_006223,0.8397136283845048,0.5058589983576636,0.0565855682537129,1.0
NP_085148,0.8394437160809445,0.5060225963576754,0.05656840863726388,1.0
NP_003594,0.839384776185216,0.5060583256137405,0.05656466146307436,1.0
NP_112600,0.8392987448817283,0.5061104807700241,0.05655919186688075,1.0
NP_689619,0.8389932996157836,0.506295682360598,0.056539772117661605,1.0
NP_733832,0.8388624025989857,0.5063750639321172,0.05653144963808423,1.0
NP_003290,0.8388408984034494,0.506388105824149,0.056530082379527544,1.0
NP_848643,0.8387590964675178,0.5064377192928513,0.056524881293287595,1.0
NP_037418,0.838722158362098,0.5064601236256092,0.056522532695947196,1.0
NP_116267,0.8383882781706581,0.5066626655032871,0.05650130340665398,1.0
NP_061331,0.83835101248775,0.5066852754784046,0.05649893386281302,1.0
NP_062538,0.8383242666041335,0.5067015032719308,0.05649723321459606,1.0
NP_057488,0.8382409794086274,0.506752039237377,0.056491937324098886,1.0
NP_079470,0.8382145854886819,0.5067680549388169,0.05649025903078864,1.0
NP_006256,0.8380930264121347,0.5068418209138619,0.056482529454446075,1.0
NP_443749,0.8379484725031959,0.5069295505681923,0.0564733375409702,1.0
NP_001036216,0.8379227229571146,0.506945179050097,0.056471700156564865,1.0
NP_001257972,0.8374942009079898,0.5072053160295715,0.056444450091629274,1.0
NP_001189446,0.8372564552146222,0.5073496808461695,0.05642933097111526,1.0
NP_005000,0.8365801641791594,0.5077604960968733,0.05638632049446032,1.0
NP_001035545,0.8364748640610015,0.5078244816792519,0.05637962330844697,1.0
NP_689918,0.8363385488641631,0.5079073218354113,0.05637095339322729,1.0
NP_005484,0.8362071306820602,0.5079871948604291,0.0563625947869614,1.0
NP_001136022,0.8361757837572235,0.5080062480997545,0.05636060100289968,1.0
NP_004184,0.836134011791414,0.5080316386382268,0.0563579441333486,1.0
NP_877590,0.836033118490685,0.5080929689142604,0.05635152684100624,1.0
NP_055819,0.8359771847516291,0.5081269717055727,0.056347969152368636,1.0
NP_857593,0.8358312535830714,0.5082156924096848,0.05633868701365861,1.0
NP_065683,0.8355874996549233,0.5083639095436591,0.05632318232590109,1.0
NP_056123,0.835439335036269,0.5084540171688037,0.0563137576292227,1.0
NP_004929,0.8353738215731874,0.5084938632746319,0.056309590282006265,1.0
NP_002155,0.8351631406122104,0.5086220166652631,0.05629618850135175,1.0
NP_689658,0.8350399288488504,0.5086969744582281,0.056288350611378934,1.0
NP_061486,0.834848215723357,0.5088136212665397,0.056276154874204024,1.0
NP_065899,0.8347665020688844,0.5088633450995483,0.05627095660403322,1.0
NP_874384,0.8347274502005797,0.5088871098577161,0.0562684722724241,1.0
NP_001393,0.8346500562973863,0.5089342096699181,0.05626354872746544,1.0
NP_851851,0.8344226838239794,0.5090725997153605,0.05624908374316887,1.0
NP_001084,0.8341878996680722,0.5092155280829582,0.05623414677703643,1.0
NP_863654,0.8340114692697136,0.5093229509169899,0.05622292196534031,1.0
NP_115584,0.8337826298509905,0.5094623071772458,0.05620836240198873,1.0
NP_001186728,0.8337247001403751,0.5094975887765176,0.056204676640148596,1.0
NP_001139145,0.8332889538367437,0.5097630302774241,0.056176951479206996,1.0
NP_005759,0.8331413043307074,0.5098529948063995,0.0561675566380172,1.0
NP_003767,0.8328185266129946,0.5100497049898283,0.05614701785225476,1.0
NP_002412,0.8325216259872485,0.5102306909948391,0.05612812487181092,1.0
NP_000871,0.8324286076968049,0.510287402580413,0.05612220558842558,1.0
NP_055073,0.8323170345701255,0.5103554324325027,0.05611510545724042,1.0
NP_002473,0.8323152307262353,0.5103565323474142,0.05611499066592335,1.0
NP_061893,0.8321790365744584,0.5104395830296038,0.05610632359024251,1.0
NP_003900,0.8321149033687558,0.5104786944336882,0.05610224224866012,1.0
NP_000215,0.8321019961771579,0.5104865660868179,0.05610142084996615,1.0
NP_003142,0.8320844751902096,0.510497251668817,0.0561003058324032,1.0
NP_150376,0.8317168386131909,0.5107214988381786,0.05607690921174294,1.0
NP_001136037,0.831612594175704,0.5107850970956692,0.05607027481976392,1.0
NP_660186,0.8312500248969701,0.5110063385288058,0.05604719922471567,1.0
NP_644815,0.8311339287580145,0.5110771948258064,0.05603981008804868,1.0
NP_061921,0.831101073167866,0.5110972486156014,0.05603771891700458,1.0
NP_002484,0.8309995008993704,0.5111592478405607,0.05603125405330757,1.0
NP_001369,0.8308206676292763,0.5112684193508963,0.056019871472296895,1.0
NP_976049,0.8306062641142773,0.511399326345082,0.05600622451450967,1.0
NP_071929,0.8305452124277183,0.5114366064908209,0.05600233845292063,1.0
NP_001265392,0.8305329523446126,0.5114440931210806,0.05600155807032618,1.0
NP_055785,0.8304080058935195,0.5115203960643638,0.05599360486667126,1.0
NP_003841,0.8303682498683104,0.5115446761157987,0.05599107425236618,1.0
NP_005333,0.8300681776519341,0.5117279636083503,0.055971973136495747,1.0
NP_001013768,0.8298428633382848,0.511865617715664,0.05595763023152374,1.0
NP_872407,0.8297447538027747,0.5119255649368964,0.05595138470539111,1.0
NP_689545,0.828975477561986,0.5123957773996892,0.05590241071045839,1.0
NP_037497,0.8286608794304006,0.5125881575363127,0.05588238116496944,1.0
NP_064716,0.8284791117733956,0.5126993329344941,0.05587080816100731,1.0
NP_777567,0.8284229796471438,0.5127336686213534,0.05586723421527707,1.0
NP_054892,0.8281681732376839,0.5128895519557738,0.0558510102908319,1.0
NP_937790,0.8280860388128016,0.5129398063734485,0.05584578054411542,1.0
NP_006144,0.8280432356166784,0.5129659970882,0.05584305511247325,1.0
NP_004491,0.8275761056932842,0.5132518871940162,0.055813310266910277,1.0
NP_115731,0.8275595936132182,0.5132619948121122,0.055812258813626996,1.0
NP_004322,0.8275425963401627,0.5132723995757578,0.05581117646186517,1.0
NP_005810,0.8271290598834766,0.5135255874701052,0.05578484253714165,1.0
NP_006061,0.8270562555330425,0.5135701707974936,0.05578020621756313,1.0
NP_057623,0.8270188073353035,0.51359310404518,0.055777821427336165,1.0
NP_061118,0.8269953398504852,0.5136074758713431,0.055776326955993,1.0
NP_001128582,0.8265836572126674,0.5138596409116933,0.05575010915009814,1.0
NP_078804,0.8259891283596735,0.5142239525226149,0.05571224430346387,1.0
NP_689736,0.8257457577479148,0.5143731344187822,0.05569674343810877,1.0
NP_001329,0.825546198584392,0.5144954826825807,0.05568403265056223,1.0
NP_005680,0.8254717915861531,0.5145411061451447,0.055679293258959234,1.0
NP_689511,0.8254623480457919,0.5145468967520859,0.05567869174445,1.0
NP_524147,0.8253816261570716,0.5145963957560937,0.05567355006233462,1.0
NP_001177915,0.8250666034374274,0.5147896000583028,0.05565348375879286,1.0
NP_001182122,0.8248376336128843,0.514930058886315,0.055638898313644956,1.0
NP_689629,0.8247971321425952,0.5149549067498971,0.0556363183111828,1.0
NP_055951,0.8242205125732774,0.5153087544052325,0.05559958527830911,1.0
NP_056029,0.8241792221368507,0.5153340989905578,0.05559695479842212,1.0
NP_112178,0.8240777195705831,0.5153964061376644,0.05559048833659613,1.0
NP_002627,0.8240302372522054,0.5154255548230959,0.055587463332437755,1.0
NP_665683,0.8239114245332737,0.515498497088563,0.05557989392527781,1.0
NP_963890,0.8237160932234969,0.5156184313956242,0.055567449352328754,1.0
NP_001124437,0.8228474733550009,0.5161519976461187,0.055512105540728315,1.0
NP_006795,0.8224731042070506,0.5163820766291674,0.05548825074093802,1.0
NP_006126,0.8221533335683763,0.5165786557064986,0.05546787400359768,1.0
NP_001753,0.8219625120169852,0.5166959874938203,0.0554557138672139,1.0
NP_003769,0.8217777543205319,0.5168096079825968,0.055443939852693136,1.0
NP_004754,0.821672996969517,0.5168740381662484,0.05543726387281102,1.0
NP_076419,0.8215878137039636,0.5169264334784894,0.055431835241317964,1.0
NP_056975,0.821578141177406,0.5169323831734464,0.0554312188183856,1.0
NP_079197,0.8211763610397774,0.5171795643027938,0.055405612957848106,1.0
NP_002909,0.8209677473851004,0.5173079381245425,0.05539231724797088,1.0
NP_001027005,0.8207951951088481,0.5174141373017229,0.05538131957856936,1.0
NP_150638,0.8207618235762005,0.5174346778791827,0.05537919260469928,1.0
NP_005928,0.8206121418610584,0.517526815559781,0.055369652346762804,1.0
NP_079333,0.8205696885646613,0.5175529500212432,0.05536694646750325,1.0
NP_001034786,0.8205391409825431,0.5175717558184249,0.0553649994225611,1.0
NP_057224,0.8205196463952976,0.5175837573785312,0.055363756870351534,1.0
NP_002927,0.8204733851602842,0.5176122381916377,0.05536080824394065,1.0
NP_001519,0.8203821437441804,0.5176684142451968,0.0553549925897472,1.0
NP_115670,0.8202961484908559,0.5177213640888751,0.05534951125618271,1.0
NP_036422,0.8200468006585516,0.5178749157173497,0.055333617476977966,1.0
NP_056028,0.8199105898454366,0.517958809118702,0.05532493498356441,1.0
NP_079021,0.8197375237283073,0.5180654152801454,0.05531390299023866,1.0
NP_001902,0.8195762805334363,0.5181647520531537,0.05530362440996428,1.0
NP_055907,0.8194714635155147,0.5182293333730026,0.05529694264285977,1.0
NP_001155901,0.8193449139285267,0.5183073121186873,0.05528887536441872,1.0
NP_057588,0.8192930354513844,0.5183392814741374,0.055285568177337104,1.0
NP_002272,0.8188400006778586,0.5186185141985633,0.05525668680142324,1.0
NP_085059,0.8185565876065365,0.5187932504883721,0.05523861806426775,1.0
NP_569056,0.8183807600639496,0.5189016756814603,0.055227407995178154,1.0
NP_001116856,0.8182289752818751,0.5189952870568497,0.05521773058350993,1.0
NP_116028,0.8179896067600104,0.5191429377813543,0.05520246865248449,1.0
NP_001138887,0.817894466751211,0.5192016312796275,0.05519640247043361,1.0
NP_056117,0.8178403041661533,0.519235047104919,0.055192948997851675,1.0
NP_001008749,0.8177776947069989,0.5192736760716952,0.05518895691080003,1.0
NP_036213,0.8176726517869459,0.5193384901148428,0.05518225911734779,1.0
NP_000043,0.8175382578231086,0.5194214224262002,0.05517368969109822,1.0
NP_085058,0.8175218740559406,0.5194315331911756,0.055172644994527946,1.0
NP_055072,0.8172580276623339,0.5195943765950041,0.055155820742042505,1.0
NP_006681,0.817033049704247,0.5197332579713843,0.05514147447491556,1.0
NP_006759,0.8166967777360516,0.519940889017826,0.05512003046206907,1.0
NP_079198,0.816678718811093,0.5199520410780635,0.055118878819599905,1.0
NP_444295,0.8165472871061628,0.5200332099165779,0.055110497154539397,1.0
NP_001135766,0.8165373429550394,0.520039351515757,0.0551098629899034,1.0
NP_776159,0.8165278342674498,0.5200452242143532,0.055109256595124605,1.0
NP_055944,0.8165053398737186,0.5200591172447507,0.05510782206357155,1.0
NP_006808,0.816056793326336,0.5203362016131827,0.05507921606333988,1.0
NP_000391,0.8159782365257499,0.5203847393825551,0.055074205934922585,1.0
NP_001008800,0.8157488681115552,0.520526476331799,0.0550595771684089,1.0
NP_038477,0.8156992300768776,0.5205571533016398,0.055056411270887076,1.0
NP_002722,0.8155436245336015,0.5206533274945961,0.05504648666304172,1.0
NP_065130,0.8155265093673321,0.5206639064933956,0.05504539503551922,1.0
NP_542166,0.81544681646277,0.5207131671153225,0.05504031208540088,1.0
NP_005238,0.8153727202068278,0.5207589710901743,0.05503558605007169,1.0
NP_722541,0.8153620168034662,0.5207655878214934,0.05503490335765596,1.0
NP_060553,0.8152275045297415,0.5208487467142979,0.055026323711902955,1.0
NP_115558,0.815196472086394,0.5208679330241526,0.055024344336055304,1.0
NP_006822,0.8145913842596022,0.5212421333232109,0.05498574770851255,1.0
NP_065801,0.8145853210066629,0.5212458838930603,0.054985360936941244,1.0
NP_005891,0.8144427829981037,0.5213340594046969,0.05497626842454069,1.0
NP_612430,0.8144264609652335,0.5213441570253756,0.054975227229429297,1.0
NP_940929,0.8142782319529499,0.5214358648732969,0.054965771480964314,1.0
NP_963839,0.813991514814205,0.521613284724183,0.05494748083257655,1.0
NP_004439,0.8138270654764539,0.5217150638536616,0.05493698973799104,1.0
NP_003492,0.8137258984119439,0.5217776836551128,0.05493053563919239,1.0
NP_067047,0.813701384103243,0.5217928581386768,0.054928971700242024,1.0
NP_001166947,0.8136567824949315,0.5218204675239931,0.05492612623889173,1.0
NP_006073,0.8135660604102936,0.5218766295328263,0.0549203383636688,1.0
NP_057146,0.8135255851100084,0.5219016873000379,0.054917756103093594,1.0
NP_078812,0.8127063440341581,0.5224090430008915,0.05486548677591769,1.0
NP_660213,0.8126602725120005,0.5224375848952657,0.05486254714286956,1.0
NP_006433,0.8126019071732329,0.5224737444661423,0.054858823066035296,1.0
NP_060547,0.8125965925334389,0.5224770371731018,0.05485848395702905,1.0
NP_001152852,0.8124838923655596,0.5225468643000402,0.05485129288709767,1.0
NP_001171551,0.8124181526819443,0.5225875983889174,0.05484709817855419,1.0
NP_001193594,0.8123454403374296,0.5226326554052373,0.05484245851607174,1.0
NP_056240,0.8122871000620221,0.5226688084901545,0.05483873588020182,1.0
NP_002257,0.8122425425832026,0.5226964215950396,0.05483589269134062,1.0
NP_004913,0.8119678063855953,0.5228667023528443,0.054818361543801604,1.0
NP_002999,0.8119176259285156,0.5228978080770907,0.054815159416444464,1.0
NP_005908,0.8115837206654228,0.5231048199051199,0.05479385162122027,1.0
NP_001091981,0.8113969563310766,0.5232206324319018,0.05478193304273356,1.0
NP_001027459,0.8111172102487753,0.5233941350117104,0.054764080165911506,1.0
NP_002244,0.8109650138092345,0.5234885456136809,0.05475436698777692,1.0
NP_005550,0.8109527764493306,0.5234961371959652,0.05475358599068753,1.0
NP_001092104,0.810772407808876,0.5236080394259652,0.054742074584942096,1.0
NP_004195,0.8105947261120228,0.5237182902877642,0.05473073438994941,1.0
NP_001230871,0.8105354870221169,0.5237550513812694,0.05472695350768084,1.0
NP_005779,0.8103583240543054,0.5238650009768251,0.054715646058215786,1.0
NP_001186308,0.8102893224704254,0.5239078284118499,0.05471124194994901,1.0
NP_001018854,0.8102765982479869,0.5239157262513601,0.05471042980681672,1.0
NP_000775,0.8101599202284832,0.5239881512239031,0.054702982587103995,1.0
NP_778253,0.8099375500928045,0.5241262004598675,0.0546887890211076,1.0
NP_036192,0.8098102698930446,0.5242052279983587,0.05468066471717825,1.0
NP_036471,0.8098040139727912,0.5242091124681092,0.05468026539775645,1.0
NP_001104262,0.8097704571440143,0.5242299491368985,0.05467812343798976,1.0
NP_058642,0.8091451822140533,0.524618306450747,0.05463820985331724,1.0
NP_056075,0.8089438932326369,0.5247433675617246,0.054625360124587075,1.0
NP_079119,0.8084021158771099,0.5250800732986045,0.05459077282959289,1.0
NP_002403,0.8080114482204307,0.5253229561571997,0.05456583087106771,1.0
NP_001093898,0.8077067589792545,0.5255124371124621,0.05454637724301695,1.0
NP_000837,0.8076525510509044,0.5255461528503154,0.054542916121676895,1.0
NP_001174,0.8075743707937921,0.5255947812077625,0.054537924346788225,1.0
NP_037398,0.8074983089295291,0.5256420947926081,0.054533067779759546,1.0
NP_003137,0.8074914242503956,0.5256463774839972,0.05453262818899611,1.0
NP_005165,0.8073734449287909,0.5257197714445161,0.05452509507722987,1.0
NP_001138503,0.8073369307030538,0.5257424880242394,0.054522763578712025,1.0
NP_065825,0.8073008916367346,0.5257649096336698,0.05452046240869617,1.0
NP_008854,0.8070971676343757,0.5258916679435278,0.054507453992977364,1.0
NP_003732,0.8070864139569832,0.5258983595116402,0.05450676732704371,1.0
NP_001189,0.8070506885577128,0.5259205903547464,0.05450448610818686,1.0
NP_002708,0.8070337330913212,0.5259311414510135,0.05450340342561195,1.0
NP_055585,0.8070266408988972,0.5259355548426228,0.05450295055658148,1.0
NP_536739,0.8066623392172069,0.5261622888082068,0.05447968763903436,1.0
NP_001099038,0.8066087220868948,0.5261956645060386,0.05447626375671585,1.0
NP_001121640,0.806460372472376,0.526288016801912,0.05446679031888791,1.0
NP_001970,0.8064570507560791,0.5262900847979654,0.05446657819568647,1.0
NP_001129695,0.8063600200076498,0.5263504954717979,0.054460381816869616,1.0
NP_114107,0.8063360890481266,0.5263653954302565,0.054458853574487834,1.0
NP_877419,0.8061436241813384,0.5264852386141947,0.054446562497526226,1.0
NP_001010868,0.8059007290061401,0.5266365093921745,0.05443105041406264,1.0
NP_006078,0.8055749927178733,0.5268394174371587,0.0544102470261436,1.0
NP_002696,0.8052632627989216,0.5270336492043624,0.054390337308104546,1.0
NP_005432,0.8051156980349985,0.5271256099933291,0.05438091227762963,1.0
NP_777576,0.8048865478323426,0.5272684350547033,0.05436627597461663,1.0
NP_116052,0.8047219553955987,0.5273710382954864,0.0543557628316226,1.0
NP_001139144,0.8047204857335517,0.5273719545095339,0.054355668957682395,1.0
NP_058636,0.8045348341559801,0.5274877015651195,0.054343810404621,1.0
NP_000628,0.8043829580586032,0.5275824033489922,0.05433410904983017,1.0
NP_004810,0.8042477630095392,0.5276667132042066,0.05432547305909476,1.0
NP_001073946,0.8039526736881049,0.5278507667579471,0.05430662279250694,1.0
NP_001910,0.8038877290092556,0.5278912798584237,0.054302474034167506,1.0
NP_001004720,0.8038446349008859,0.5279181635042908,0.05429972110121837,1.0
NP_057021,0.8037800634517454,0.5279584471801824,0.054295596125219,1.0
NP_065137,0.8035755138359291,0.5280860713548619,0.054282528777245716,1.0
NP_004394,0.8034283118077886,0.5281779274146603,0.05427312477116824,1.0
NP_060046,0.8033718903610944,0.5282131379647615,0.05426952023573724,1.0
NP_001002261,0.8031176243562352,0.528371835298795,0.054253275879861194,1.0
NP_296373,0.802829253536368,0.5285518569423848,0.054234851985783296,1.0
NP_004597,0.8027048009306141,0.5286295616670993,0.05422690053780915,1.0
NP_003855,0.8027040828390313,0.5286300100453045,0.054226854657563286,1.0
NP_003012,0.8027033892912739,0.5286304430985218,0.054226810345465275,1.0
NP_001014402,0.8026287220635082,0.5286770669022969,0.054222039688611515,1.0
NP_060810,0.8025409222747365,0.5287318944334891,0.05421642990137454,1.0
NP_004383,0.8025018287456245,0.5287563080212925,0.054213932079184804,1.0
NP_004442,0.8023472374455088,0.5288528563160315,0.05420405457154866,1.0
NP_065969,0.8020801842010585,0.5290196689198374,0.054186990897208895,1.0
NP_004682,0.8020096449512175,0.5290637364818297,0.05418248360787772,1.0
NP_057293,0.8016556304136793,0.5292849344691336,0.05415986227692521,1.0
NP_001834,0.8016324355967416,0.5292994293574742,0.054158380103324265,1.0
NP_056517,0.8016154480149531,0.5293100453911106,0.05415729457573886,1.0
NP_001130005,0.8015971901153012,0.5293214554400074,0.05415612787048537,1.0
NP_060166,0.8015678705254934,0.5293397786952301,0.054154254301779954,1.0
NP_060867,0.8015117800582541,0.5293748335563543,0.05415067001048589,1.0
NP_001265393,0.8013037532880538,0.529504857430946,0.05413737645307407,1.0
NP_659416,0.8010801170496833,0.5296446612590142,0.05412308498532495,1.0
NP_004953,0.8010775659517901,0.5296462561913136,0.05412292195499191,1.0
NP_057421,0.8008881583646336,0.5297646816159158,0.05411081752631288,1.0
NP_054893,0.800811519753653,0.5298126041935165,0.05410591971155522,1.0
NP_115990,0.8007547910460641,0.529848078831366,0.054102294264782545,1.0
NP_612378,0.8007029041887594,0.5298805270455633,0.05409897822907798,1.0
NP_620175,0.800572906759876,0.5299618286139038,0.05409067012495373,1.0
NP_001159432,0.8002738769385881,0.5301488757748183,0.054071558647678444,1.0
NP_543012,0.8000258261578272,0.5303040678624186,0.05405570473693686,1.0
NP_060222,0.8000248775400749,0.5303046614191661,0.05405564410598798,1.0
NP_938023,0.7999905099020532,0.5303261657851404,0.05405344749152457,1.0
NP_054785,0.7999563371819292,0.5303475487573387,0.0540512633251626,1.0
NP_001559,0.7997953754333309,0.5304482753453248,0.05404097523949134,1.0
NP_000423,0.7990190050254081,0.530934288985121,0.053991349342417894,1.0
NP_002326,0.7989132082670675,0.5310005412117961,0.05398458636954326,1.0
NP_067092,0.7988381414849561,0.5310475529570419,0.05397978772709236,1.0
NP_061198,0.7986913395609271,0.5311394978637908,0.05397040327652541,1.0
NP_055728,0.7985279687651375,0.531241832479365,0.053959959426408445,1.0
NP_001017526,0.7984918413318756,0.5312644642648388,0.05395764986684015,1.0
NP_776186,0.7984757807155319,0.5312745255324265,0.05395662313790835,1.0
NP_054908,0.7979610575549341,0.5315970431813659,0.053923716547932404,1.0
NP_001096034,0.7978410407841734,0.5316722623333499,0.05391604346777696,1.0
NP_002106,0.7975476604079345,0.5318561645759687,0.053897286138962025,1.0
NP_116178,0.7975420111104755,0.5318597061852098,0.053896924942781366,1.0
NP_789771,0.7975386095978743,0.5318618386398599,0.053896707461913974,1.0
NP_000622,0.79744303919863,0.531921755320123,0.05389059698261332,1.0
NP_689608,0.7972533157042702,0.5320407132412304,0.05387846640823185,1.0
NP_001157685,0.7969393603281477,0.53223760372446,0.05385839199049567,1.0
NP_001243750,0.7968430150523119,0.5322980342084824,0.0538522314686796,1.0
NP_005985,0.7963618752384194,0.5325998860260874,0.05382146516510415,1.0
NP_001087240,0.796141547848731,0.532738149851918,0.05380737574550209,1.0
NP_001193570,0.7959661235304317,0.5328482520982286,0.053796157471906136,1.0
NP_659436,0.7958624431773642,0.5329133324053916,0.053789527054190114,1.0
NP_689753,0.7958479382270082,0.5329224375985513,0.05378859944693205,1.0
NP_877435,0.795798779105602,0.532953297013524,0.05378545565444,1.0
NP_055303,0.7954838306774273,0.5331510322063275,0.05376531377960386,1.0
NP_003250,0.7951979552834382,0.5333305559249877,0.0537470304680492,1.0
NP_056216,0.7951217579495595,0.5333784129164238,0.0537421571081247,1.0
NP_002347,0.7950684516658533,0.5334118944758971,0.05373874776336925,1.0
NP_005678,0.7949941499425225,0.5334585655174602,0.05373399555859986,1.0
NP_004764,0.7944114489268721,0.5338246692702162,0.053696725393188635,1.0
NP_079349,0.7943439445914365,0.5338670920066125,0.05369240755564802,1.0
NP_149107,0.7943149986054298,0.5338852836303289,0.05369055604671824,1.0
NP_001265562,0.7942890827508402,0.5339015712571569,0.05368889835179228,1.0
NP_079272,0.7940952510550677,0.5340234011196725,0.053676499818293054,1.0
NP_072049,0.7940457715796438,0.5340545035735087,0.053673334788855324,1.0
NP_002526,0.79399019950835,0.5340894372007421,0.05366978001207118,1.0
NP_002787,0.793792428621564,0.5342137717219153,0.05365712899187452,1.0
NP_001001664,0.7937003852485218,0.5342716439538888,0.053651241040406444,1.0
NP_000503,0.793406461763337,0.5344564756090802,0.053632438466019464,1.0
NP_001193992,0.7933335015627984,0.5345023625640513,0.05362777101449032,1.0
NP_057041,0.7933324806146694,0.5345030046885313,0.0536277057014882,1.0
NP_001265598,0.7931113364777213,0.5346421049663624,0.05361355825951372,1.0
NP_064603,0.7931023461925298,0.5346477603800168,0.053612983107404776,1.0
NP_055662,0.7930811497967273,0.5346610943034271,0.053611627068484304,1.0
NP_036455,0.7928087528303058,0.5348324691576585,0.0535942001331301,1.0
NP_001074002,0.7926682255655014,0.5349208939755928,0.053585209475297275,1.0
NP_689839,0.7925816979933958,0.5349753449793885,0.05357967352655614,1.0
NP_001758,0.7924139098745121,0.5350809427856559,0.053568938423602726,1.0
NP_005991,0.7920725792001144,0.5352958018581488,0.05354709929654402,1.0
NP_001316,0.7920524788005179,0.5353084563050403,0.05354581319500194,1.0
NP_001009993,0.7919795322237141,0.5353543823303117,0.05354114576067525,1.0
NP_003202,0.7918560431284144,0.5354321349809661,0.05353324429467201,1.0
NP_598399,0.7918178778314329,0.5354561665488187,0.05353080225643761,1.0
NP_002389,0.7918150453207535,0.5354579501256742,0.05353062101538625,1.0
NP_055891,0.7917324571839488,0.5355099559679046,0.05352533649967589,1.0
NP_061836,0.7914191299855439,0.5357072883371362,0.05350528729059939,1.0
NP_001017962,0.7911645674996601,0.5358676457107164,0.05348899769786016,1.0
NP_683759,0.7911103284661413,0.5359018167138554,0.05348552683997051,1.0
NP_003469,0.7910708694230713,0.5359266771007787,0.05348300176550551,1.0
NP_054884,0.7910104433420652,0.5359647488067047,0.053479134936188596,1.0
NP_079477,0.7909367078202242,0.5360112085628204,0.0534744163567438,1.0
NP_683684,0.790768614407005,0.5361171317348377,0.05346365932847832,1.0
NP_478059,0.7907046316156361,0.5361574537244874,0.05345956472725972,1.0
NP_055557,0.790610862195038,0.5362165508232184,0.05345356385623314,1.0
NP_056150,0.7906036137400063,0.5362211192547985,0.05345309998069046,1.0
NP_060204,0.7905399469675372,0.5362612471394524,0.05344902551239311,1.0
NP_000523,0.7904779276040044,0.5363003385706875,0.05344505643923153,1.0
NP_002955,0.7903868282070613,0.5363577627961696,0.05343922626145911,1.0
NP_001124453,0.7903395928417977,0.536387539035525,0.05343620326502207,1.0
NP_031363,0.7902737501233734,0.5364290467727519,0.05343198939213561,1.0
NP_005783,0.7897674985456636,0.536748261158192,0.0533995885076168,1.0
NP_114440,0.7896584574928549,0.5368170325740669,0.053392609421131804,1.0
NP_000695,0.7892163792308399,0.5370959067325872,0.05336431349663474,1.0
NP_001001794,0.7889272886363797,0.5372783231734897,0.05334580887706319,1.0
NP_009077,0.7887945354425936,0.5373621040133636,0.05333731113460133,1.0
NP_060317,0.7886677337785771,0.5374421367310833,0.053329194216541406,1.0
NP_001124,0.7883876052332673,0.5376189713061432,0.053311261935971674,1.0
NP_001240728,0.7881473176448893,0.5377706857978709,0.0532958795118635,1.0
NP_001880,0.7879440688326799,0.5378990361099938,0.05328286779859848,1.0
NP_000779,0.7878340743235062,0.5379685051962624,0.0532758259501601,1.0
NP_663783,0.7877010230918206,0.5380525439411115,0.05326730787035669,1.0
NP_001123539,0.7871581899387785,0.5383954999526668,0.053232553532453764,1.0
NP_001008240,0.7870993932821707,0.5384326555111543,0.05322878898344001,1.0
NP_060934,0.7870397691574899,0.5384703356659675,0.05322497142390066,1.0
NP_001098991,0.7869738460831464,0.538511998497768,0.0532207505250714,1.0
NP_660183,0.7867114335913917,0.538677861638063,0.05320394849961007,1.0
NP_689947,0.7865367122967521,0.5387883160702047,0.05319276092843656,1.0
NP_076955,0.7865001954676866,0.5388114029432538,0.053190422687632466,1.0
NP_722517,0.7862259291476393,0.5389848215304263,0.05317286053351693,1.0
NP_005106,0.7860762213518119,0.5390794969590952,0.05316327398723128,1.0
NP_000156,0.7859468063633418,0.5391613478314404,0.05315498673545195,1.0
NP_001986,0.7858556521883124,0.5392190047646468,0.0531491494759727,1.0
NP_005717,0.7858431072805749,0.5392269399939301,0.05314834612938808,1.0
NP_957516,0.7857908607703391,0.5392599891168379,0.0531450003702676,1.0
NP_149100,0.7857557435035621,0.5392822036763827,0.053142751519400754,1.0
NP_004728,0.7851484806114001,0.5396664406984473,0.05310386173267111,1.0
NP_077306,0.785034376267484,0.5397386582911918,0.05309655400785527,1.0
NP_001186711,0.7849980675401652,0.5397616396934741,0.05309422861972469,1.0
NP_071934,0.7848716460084695,0.5398416623990618,0.053086131878619595,1.0
NP_001071132,0.7847364359306316,0.5399272565601119,0.05307747211668413,1.0
NP_066974,0.7845916986811305,0.5400188915373509,0.05306820199512989,1.0
NP_001028284,0.7845121903143004,0.5400692335459512,0.05306310957139685,1.0
NP_057452,0.784234975147978,0.5402447804316222,0.05304535381548401,1.0
NP_004274,0.7841736536132103,0.5402836173353325,0.05304142605370176,1.0
NP_998731,0.7839373420455039,0.5404332978569,0.05302628954033693,1.0
NP_001229372,0.7838272899480535,0.5405030143151355,0.05301924018559119,1.0
NP_443179,0.7835698711808662,0.5406661080636372,0.05300275089228344,1.0
NP_079131,0.7835678471781911,0.5406673905437025,0.05300262123988926,1.0
NP_001258719,0.7834945319584992,0.5407138469916355,0.0529979248319648,1.0
NP_055763,0.7832906435279217,0.540843055098442,0.05298486395319865,1.0
NP_002572,0.7832101685636648,0.5408940591236193,0.05297970871233045,1.0
NP_000305,0.7831786404232989,0.5409140421065475,0.052977688998614034,1.0
NP_116244,0.7830572192915797,0.5409910049720386,0.05296991059939256,1.0
NP_003757,0.7829137991745944,0.5410819209655789,0.0529607227513096,1.0
NP_001166923,0.7826749742139286,0.5412333371695296,0.05294542263691673,1.0
NP_055707,0.7823837311318065,0.5414180235123622,0.05292676373189396,1.0
NP_075462,0.7822487685879173,0.5415036211851494,0.052918116913996595,1.0
NP_002275,0.7822413962619946,0.5415082972060612,0.05291764457721553,1.0
NP_068749,0.7822258695077708,0.5415181453940778,0.052916649793676725,1.0
NP_001073867,0.782038623962311,0.5416369190745807,0.052904652995196026,1.0
NP_338599,0.7817940858188258,0.5417920597656638,0.05288898500952965,1.0
NP_001098016,0.781339647747513,0.542080441469188,0.05285986699227082,1.0
NP_054861,0.7813072784261865,0.5421009864557935,0.052857792866976706,1.0
NP_001691,0.7811206627764598,0.5422194421590618,0.05284583494021323,1.0
NP_055333,0.7809307188742032,0.5423400275090151,0.05283366343616035,1.0
NP_006005,0.7807511445495543,0.5424540455417529,0.052822156121440304,1.0
NP_065132,0.7806747292291498,0.5425025689579883,0.052817259261199095,1.0
NP_690611,0.7805426073497088,0.5425864723614182,0.0528087924838145,1.0
NP_057591,0.7802886599383475,0.5427477638213594,0.052792518325660544,1.0
NP_004127,0.7801962647343638,0.5428064550611439,0.052786597062714,1.0
NP_001026884,0.7801302498372324,0.5428483914988682,0.05278236636959433,1.0
NP_000999,0.7800286562321064,0.5429129336116616,0.052775855471917606,1.0
NP_000525,0.7799716753808411,0.5429491355219946,0.05277220366261243,1.0
NP_003473,0.7798629853227318,0.5430181943610204,0.052765237816966355,1.0
NP_059984,0.7796512595747993,0.5431527355106873,0.05275166821474984,1.0
NP_001129595,0.7796354267754708,0.5431627973202219,0.052750653467611784,1.0
NP_008869,0.7789177981371327,0.5436189782189117,0.05270465732175017,1.0
NP_001001660,0.7786971013887537,0.5437593194668815,0.0526905109460278,1.0
NP_001124495,0.7785265502156664,0.5438677889249581,0.05267957854731504,1.0
NP_002220,0.778510596395937,0.543877936158,0.05267855588815518,1.0
NP_002844,0.7785096869006791,0.5438785146350362,0.05267849758834154,1.0
NP_898868,0.7784536343638621,0.5439141671505119,0.05267490453492023,1.0
NP_009190,0.7783540696086183,0.5439774995178653,0.05266852221447905,1.0
NP_001032519,0.7781725926968572,0.5440929476602409,0.052656888922884705,1.0
NP_060174,0.7781326764213096,0.5441183428462399,0.052654330114577305,1.0
NP_005553,0.7780417777434453,0.5441761764308666,0.052648503059127896,1.0
NP_940907,0.7775571243417643,0.5444845995093355,0.05261743316565921,1.0
NP_004346,0.7773763907611673,0.5445996429805742,0.052605846275065704,1.0
NP_004512,0.7770523160545391,0.5448059669964964,0.05258506902694728,1.0
NP_055232,0.7766453077654949,0.5450651615601243,0.05255897340632167,1.0
NP_005263,0.7764212917279952,0.5452078548389768,0.05254460984830235,1.0
NP_060510,0.7760092256406319,0.5454703938214196,0.05251818767776837,1.0
NP_002511,0.7759840554803152,0.5454864330449622,0.05251657368921619,1.0
NP_001127910,0.7755084109470592,0.5457895850875568,0.05248607285638245,1.0
NP_878901,0.7753052353242094,0.5459191116442932,0.05247304356668318,1.0
NP_006542,0.7752342978085643,0.5459643396337037,0.05246849438614624,1.0
NP_001116857,0.7750700704994508,0.5460690559835687,0.052457962419209754,1.0
NP_005848,0.7750539509992301,0.5460793349555654,0.052456928656210676,1.0
NP_001265234,0.7748418822031626,0.5462145769462778,0.05244332821838774,1.0
NP_002173,0.7745491758907849,0.5464012785154986,0.05242455567813195,1.0
NP_005600,0.7743573985840956,0.5465236248303627,0.05241225575457559,1.0
NP_001263987,0.774238229833162,0.5465996585042048,0.05240461252816179,1.0
NP_001139146,0.7740396567441055,0.5467263696925768,0.05239187620501404,1.0
NP_066273,0.7738286376468732,0.546861043156462,0.052378341229367756,1.0
NP_055126,0.773426744798542,0.5471175912570221,0.05235256235123997,1.0
NP_002948,0.7733501349605446,0.5471665037432989,0.05234764815669279,1.0
NP_001116142,0.7732134003879666,0.5472538104692976,0.05233887709004873,1.0
NP_000371,0.7731586368429924,0.5472887801432762,0.05233536414580974,1.0
NP_076423,0.7731122042403531,0.5473184311374643,0.052332385590251294,1.0
NP_660207,0.7728467130161101,0.5474879883746713,0.052315354516957645,1.0
NP_112567,0.772794762320977,0.5475211708150333,0.0523120218451855,1.0
NP_057383,0.7727855444571725,0.5475270586690408,0.05231143051062062,1.0
NP_005507,0.7726805724388744,0.5475941117226283,0.05230469640563751,1.0
NP_863655,0.7726107068322665,0.5476387427015177,0.05230021437408744,1.0
NP_004662,0.7725957313522658,0.5476483095148076,0.05229925365875719,1.0
NP_116321,0.772509229471527,0.547703571734371,0.05229370430382616,1.0
NP_114413,0.7725014181839112,0.5477085621932742,0.05229320318311264,1.0
NP_001863,0.7722530112067406,0.5478672788855093,0.05227726675280221,1.0
NP_003866,0.7720139992735451,0.5480200201178362,0.05226193255107333,1.0
NP_001166216,0.7718885422741338,0.5481002045060989,0.05225388345336793,1.0
NP_003029,0.7718605215505535,0.5481181146377838,0.052252085674955574,1.0
NP_000495,0.7715411085324073,0.5483223013662553,0.05223159200949901,1.0
NP_666533,0.7714083986993197,0.548407151035356,0.05222307703355116,1.0
NP_055682,0.7713871745650105,0.5484207217148216,0.052221715228835744,1.0
NP_004159,0.7713050553065255,0.5484732306378206,0.05221644617172384,1.0
NP_004199,0.7711362282343255,0.5485811924586995,0.05220561345581088,1.0
NP_056040,0.7710572192909863,0.5486317218282936,0.05220054379614654,1.0
NP_001028733,0.7708228855767576,0.5487816048173355,0.05218550730368867,1.0
NP_055731,0.7707930927989597,0.5488006625247042,0.052183595556201806,1.0
NP_001070993,0.7706376647269795,0.5489000927955228,0.052173621899026114,1.0
NP_073557,0.7706104872312745,0.5489174799167797,0.05217187792592886,1.0
NP_689647,0.7704536977995557,0.5490177945588663,0.052161816662025434,1.0
NP_001124197,0.7703711151924112,0.5490706359498568,0.05215651720490812,1.0
NP_005830,0.7703489971130842,0.5490847889897028,0.05215509784255276,1.0
NP_055472,0.769910926080889,0.5493651515908646,0.05212698505319835,1.0
NP_115814,0.7695078734825564,0.5496231820805758,0.05210111806529078,1.0
NP_835368,0.7689878653434662,0.5499561988393241,0.05206774305421114,1.0
NP_000838,0.7689579105104102,0.5499753859757041,0.052065820430240134,1.0
NP_055105,0.7688959715088053,0.5500150614422754,0.05206184490649196,1.0
NP_001188306,0.7688218208762645,0.5500625615173511,0.05205708554148216,1.0
NP_714923,0.7686723154179338,0.5501583408851594,0.0520474893748891,1.0
NP_001243559,0.7685437039535284,0.5502407430669451,0.05203923415602514,1.0
NP_009197,0.7684674636940044,0.5502895943388149,0.05203434043397955,1.0
NP_055365,0.7682227646494871,0.5504464046642916,0.052018633311001546,1.0
NP_150229,0.7681180859062977,0.5505134944254624,0.05201191387001018,1.0
NP_775293,0.7678397207968001,0.5506919266204706,0.05199404485108885,1.0
NP_001186871,0.7675421098049323,0.5508827354961959,0.05197493964112831,1.0
NP_001124154,0.7674603007513663,0.5509351934097888,0.05196968775411695,1.0
NP_004083,0.7670956340277181,0.5511690644220173,0.051946276575883,1.0
NP_478144,0.7670288540362193,0.55121189903333,0.05194198925307645,1.0
NP_001248375,0.7668391821236582,0.5513335714185595,0.051929811970321524,1.0
NP_076933,0.7667196735791163,0.5514102434203759,0.05192213914312636,1.0
NP_060016,0.7666878525672841,0.5514306596589669,0.051920096112412245,1.0
NP_006160,0.7666460486127821,0.551457481633209,0.05191741212519974,1.0
NP_997198,0.766356613709189,0.5516432092885131,0.05189882878744091,1.0
NP_071327,0.7663409837978687,0.5516532399676961,0.051897825239084226,1.0
NP_000310,0.76630319310166,0.5516774930616681,0.051895398806361494,1.0
NP_001400,0.7661424529917306,0.5517806593587535,0.051885078004005304,1.0
NP_110400,0.765819812728114,0.5519877728490663,0.05186436123702243,1.0
NP_057392,0.7658171845396188,0.5519894601697009,0.05186419247703128,1.0
NP_001158136,0.765440564001996,0.5522312872174049,0.05184000847683023,1.0
NP_612403,0.7652961703376511,0.5523240195293165,0.051830736174129186,1.0
NP_004347,0.764915596201632,0.5525684778733786,0.051806296569579545,1.0
NP_001020280,0.764495099684498,0.5528386583875258,0.05177929177549963,1.0
NP_001257700,0.7643652511887484,0.5529221062207665,0.051770952437471394,1.0
NP_004986,0.7642408085652936,0.5530020872997412,0.05176296014637804,1.0
NP_149023,0.764222981465391,0.5530135456251073,0.051761815195068284,1.0
NP_006027,0.7641635072131253,0.5530517736258119,0.05175799542180552,1.0
NP_839955,0.7640393811730605,0.5531315628664368,0.05175002324549167,1.0
NP_001189477,0.7635582378984271,0.5534409134013417,0.051719119848652316,1.0
NP_115982,0.7633559064880505,0.5535710342811614,0.05170612368374717,1.0
NP_005457,0.7633498102830617,0.5535749550923456,0.05170573210636575,1.0
NP_003666,0.7631991704232778,0.5536718455129818,0.05169605595732106,1.0
NP_665741,0.7627918069547455,0.5539339113825319,0.05166988852307695,1.0
NP_056087,0.7625959931237758,0.5540599101271675,0.05165730969532617,1.0
NP_068831,0.7623804776220774,0.5541986067072928,0.05164346487192571,1.0
NP_001129696,0.7623689237278661,0.5542060429089264,0.05164272263257794,1.0
NP_002747,0.7623134389855711,0.5542417543052713,0.051639158194025966,1.0
NP_001072992,0.7621140578494745,0.5543700928737345,0.05162634937400681,1.0
NP_000456,0.7620096920643239,0.5544372788709548,0.051619644476589135,1.0
NP_056404,0.7618802886796904,0.5545205899583685,0.051611330926721204,1.0
NP_005535,0.7617894171711597,0.5545790985078821,0.05160549277887906,1.0
NP_004654,0.7615575437157769,0.5547284099373107,0.0515905954680225,1.0
NP_003335,0.7614373652238389,0.5548058068709172,0.05158287410531531,1.0
NP_056483,0.7613537101182698,0.5548596860887208,0.051577499263932305,1.0
NP_004783,0.7608683261094753,0.5551723682460761,0.051546312134200675,1.0
NP_077270,0.7607314930866989,0.5552605351531159,0.05153751990157082,1.0
NP_001129206,0.7604259077758737,0.5554574670749646,0.05151788386914205,1.0
NP_056238,0.7602415288337167,0.5555763094434152,0.05150603581578301,1.0
NP_060259,0.7602043025626489,0.5556003057292587,0.051503643647443476,1.0
NP_066953,0.7596947394665875,0.5559288376481626,0.05147089779812361,1.0
NP_056510,0.7596885323941815,0.5559328402893473,0.05147049890157486,1.0
NP_002686,0.7595195171489785,0.5560418368958855,0.05145963703401714,1.0
NP_001120792,0.7594277451765502,0.5561010254471158,0.05145373914816817,1.0
NP_008938,0.7593121629210394,0.5561755760292791,0.0514463109485966,1.0
NP_001257939,0.7593071049061426,0.5561788385909292,0.051445985879224734,1.0
NP_058197,0.7590798241358575,0.5563254532565823,0.051431378729622244,1.0
NP_055872,0.7589083494278677,0.5564360842289799,0.051420357892342804,1.0
NP_001185839,0.7584349956210783,0.5567415500515842,0.05138993367834126,1.0
NP_001185837,0.7584349956210783,0.5567415500515842,0.05138993367834126,1.0
NP_001138482,0.7580847126331215,0.5569676620189026,0.051367418428232135,1.0
NP_061969,0.7580438058221902,0.5569940715544004,0.0513647889785457,1.0
NP_004160,0.7579615425047217,0.5570471832839632,0.05135950112904823,1.0
NP_057322,0.7577964895829488,0.557153755931673,0.051348891422771215,1.0
NP_079406,0.7577799706589586,0.5571644226890515,0.05134782956281754,1.0
NP_004713,0.7577616854546955,0.5571762301323382,0.05134665416108115,1.0
NP_000850,0.7574336026403734,0.5573881116917108,0.05132556398592603,1.0
NP_065433,0.7574280049371828,0.5573917272152442,0.05132520414016458,1.0
NP_002452,0.7573724637738989,0.5574276017070583,0.05132163368737093,1.0
NP_004724,0.7569391653333991,0.557707521447815,0.05129377825935478,1.0
NP_004448,0.7569335213972388,0.5577111681169604,0.05129341541721399,1.0
NP_055104,0.756780128098464,0.5578102844524186,0.05128355383282257,1.0
NP_003147,0.7566147085072262,0.5579171837999641,0.051272918853877525,1.0
NP_077285,0.7565333987950686,0.5579697333070406,0.05126769128966584,1.0
NP_004651,0.7564203393354625,0.5580428073513488,0.05126042237487025,1.0
NP_057550,0.7561889397961413,0.5581923867923555,0.051245544691879495,1.0
NP_002349,0.7561877042627335,0.5581931855220166,0.051245465252809694,1.0
NP_003638,0.7561426605554128,0.5582223052013767,0.05124256914218204,1.0
NP_940848,0.7561179728226035,0.5582382656255214,0.05124098182294287,1.0
NP_620411,0.7560703173823614,0.558269075282793,0.051237917759969304,1.0
NP_665811,0.7559684842193358,0.5583349148057286,0.0512313702098104,1.0
NP_001006682,0.7557254691187119,0.5584920537693348,0.05121574474263027,1.0
NP_001121631,0.754860526836811,0.5590515645595311,0.05116012621494023,1.0
NP_079191,0.7548067148308932,0.559086385616175,0.051156665717090974,1.0
NP_001257882,0.7544406458365354,0.5593232993758765,0.05113312418586509,1.0
NP_002046,0.7542627265620895,0.5594384679415043,0.051121681953256184,1.0
NP_060545,0.754117652639883,0.5595323861794336,0.05111235184605924,1.0
NP_001997,0.7539400207631998,0.5596473949731606,0.05110092759643739,1.0
NP_116251,0.7538613319333118,0.5596983471314273,0.051095866700444845,1.0
NP_060731,0.7537641808138366,0.559761257799444,0.05108961832222109,1.0
NP_005092,0.7536615556170532,0.5598277179235037,0.05108301778348149,1.0
NP_003913,0.7536446015784335,0.5598386978304672,0.05108192734273972,1.0
NP_000991,0.7536219339901452,0.5598533781965804,0.05108046941706649,1.0
NP_053733,0.7535870832939997,0.5598759492512123,0.05107822789396844,1.0
NP_932343,0.7531518772511474,0.5601578572482786,0.051050235469512206,1.0
NP_057056,0.7531373096261302,0.5601672950354204,0.051049298452250105,1.0
NP_006397,0.7529133242020073,0.5603124185313443,0.05103489105211921,1.0
NP_000082,0.752840502519955,0.5603596057243875,0.05103020685347755,1.0
NP_001346,0.7525330466382515,0.5605588585398407,0.05101042948076877,1.0
NP_003899,0.7523865417345922,0.5606538191064612,0.05100100513270079,1.0
NP_060285,0.7523105839241148,0.5607030567892507,0.05099611885503026,1.0
NP_002930,0.7523049492516184,0.5607067094246776,0.05099575638109235,1.0
NP_872307,0.7519302731652484,0.5609496229934785,0.05097165314921941,1.0
NP_976035,0.7518796215198087,0.560982466866722,0.05096839459176298,1.0
NP_001437,0.7518287761858088,0.5610154375100921,0.05096512355129163,1.0
NP_006014,0.7517446272258014,0.5610700064721765,0.05095970993413094,1.0
NP_004125,0.7515189070895605,0.5612163975372724,0.05094518820894993,1.0
NP_036419,0.7513781127160597,0.5613077216631539,0.05093612996526424,1.0
NP_055130,0.7513294074245466,0.561339315712629,0.05093299638786398,1.0
NP_002334,0.7512394410387847,0.5613976777683785,0.05092720811980005,1.0
NP_003240,0.7512028145206802,0.5614214387980316,0.05092485161828407,1.0
NP_996892,0.7509641424576414,0.5615762895078871,0.05090949548824029,1.0
NP_001129123,0.7508802921741127,0.5616306978294896,0.050904100453752765,1.0
NP_004860,0.7508334200477619,0.5616611133586696,0.05090108461446723,1.0
NP_005122,0.7503049940652461,0.5620040805229076,0.05086708338350491,1.0
NP_001243776,0.7502924736625242,0.5620122082489845,0.05086627773667631,1.0
NP_055288,0.7500649081378874,0.562159946778288,0.050851634403592534,1.0
NP_003894,0.7497055275441558,0.5623933093592095,0.05082850814506953,1.0
NP_036513,0.7495248903956371,0.562510627661859,0.05081688366000866,1.0
NP_001005751,0.749119582949403,0.5627739164152213,0.05079080000242294,1.0
NP_061993,0.7487041024652906,0.5630438910479082,0.0507640601685231,1.0
NP_000428,0.7486158659316521,0.5631012362624891,0.05075838117534177,1.0
NP_055060,0.7485786293649733,0.5631254374903658,0.05075598457159289,1.0
NP_005397,0.748573542063698,0.5631287439379706,0.050755657143975806,1.0
NP_004620,0.7478755815541882,0.5635824886515949,0.05071073304209248,1.0
NP_001171672,0.7472630679418797,0.5639808661928292,0.05067130521095179,1.0
NP_005323,0.7471958836693692,0.5640245730417173,0.05066698032381823,1.0
NP_001021,0.7471793163488206,0.5640353512559133,0.05066591382126156,1.0
NP_055191,0.7471391585836513,0.5640614772390772,0.05066332870052122,1.0
NP_005877,0.7470114132983915,0.5641445910806886,0.05065510511673976,1.0
NP_003668,0.7470032993056582,0.5641498704690973,0.05065458277484957,1.0
NP_060560,0.7466543488631046,0.5643769440852344,0.05063211839102121,1.0
NP_006103,0.746476014610121,0.5644930133629622,0.05062063735570096,1.0
NP_689562,0.7464568705752477,0.5645054741590074,0.05061940485953007,1.0
NP_849192,0.746446684485164,0.5645121043226621,0.05061874907604052,1.0
NP_065162,0.7461555686182241,0.5647016125440698,0.050600006567551876,1.0
NP_003622,0.7459957371719594,0.5648056745982538,0.05058971604687506,1.0
NP_060559,0.7458343385431729,0.5649107687169653,0.050579324399005705,1.0
NP_031373,0.7458337550360183,0.564911148686835,0.050579286829495154,1.0
NP_005244,0.7455183566826712,0.5651165532004453,0.050558979253842375,1.0
NP_002860,0.745266192777412,0.565280808320509,0.05054274253403855,1.0
NP_008871,0.7452279147404185,0.5653057444675252,0.05054027778000186,1.0
NP_002563,0.7451781126168991,0.5653381889462923,0.0505370709614744,1.0
NP_004482,0.7450951560606853,0.5653922349542897,0.050531729241125235,1.0
NP_001171273,0.7449242584582629,0.565503584139885,0.05052072465078592,1.0
NP_001001973,0.7443690004042394,0.5658654562021148,0.05048496821965264,1.0
NP_000438,0.7440564343991951,0.5660692224358058,0.0504648390156216,1.0
NP_705690,0.7440399359732143,0.5660799792175422,0.050463776495739826,1.0
NP_060318,0.743804047493971,0.5662337891645237,0.050448584713820625,1.0
NP_005176,0.7432518141383974,0.5665939682060616,0.05041301766450452,1.0
NP_001182345,0.7431628047187662,0.5666520349935016,0.05040728468934126,1.0
NP_002863,0.7431488174852967,0.5666611601237053,0.050406383784441344,1.0
NP_057166,0.7426745915419662,0.5669705923889572,0.05037583831417175,1.0
NP_001689,0.7422039554278104,0.5672777821841566,0.05034552212625878,1.0
NP_065950,0.7420067594443138,0.567406523913857,0.05033281910340703,1.0
NP_115700,0.7419319371552027,0.56745537709708,0.05032799909252435,1.0
NP_065991,0.7417098021919097,0.567600428890712,0.05031368899160031,1.0
NP_000550,0.7416052703805684,0.5676686947217902,0.050306954824698255,1.0
NP_055688,0.7412573563344047,0.5678959397109329,0.05028454075634749,1.0
NP_061740,0.7410499260880299,0.5680314515303235,0.05027117673460649,1.0
NP_941959,0.7408886368882985,0.5681368332504652,0.05026078516286078,1.0
NP_003150,0.7407813236767586,0.5682069550686266,0.05025387104053366,1.0
NP_001020014,0.740459882581461,0.5684170256140855,0.050233160191728445,1.0
NP_085151,0.7404295480590732,0.5684368524421022,0.05023120565415059,1.0
NP_001093254,0.7401845852303717,0.5685969767214255,0.0502154217235539,1.0
NP_037386,0.740167379206126,0.5686082247520536,0.05021431305117176,1.0
NP_056138,0.7401495843667735,0.5686198578458967,0.05021316643568988,1.0
NP_005975,0.7401342922318138,0.5686298549496138,0.05021218108045809,1.0
NP_002140,0.7401084085388473,0.568646776433015,0.05021051324901433,1.0
NP_000687,0.7400461979941912,0.5686874478480475,0.05020650465090778,1.0
NP_065952,0.7396164479953206,0.5689684529553742,0.05017881235952469,1.0
NP_640335,0.739255351643037,0.5692046305940602,0.05015554273307505,1.0
NP_998776,0.738948889740178,0.5694051198626238,0.05013579294345489,1.0
NP_005787,0.7389468506738852,0.5694064539727814,0.05013566153405998,1.0
NP_001138241,0.7383945728937283,0.5697678638272463,0.05010006817511553,1.0
NP_002683,0.7381389718392631,0.5699351748646218,0.05008359422106509,1.0
NP_001061,0.7380107045987914,0.5700191468564179,0.050075326948195636,1.0
NP_001184147,0.7379038874993458,0.570089081799487,0.05006844210222009,1.0
NP_036585,0.7378855266608041,0.5701011034597881,0.050067258652943855,1.0
NP_149991,0.7377663241995026,0.5701791542823614,0.05005957537731384,1.0
NP_002088,0.7374811580445106,0.5703658997007135,0.05004119429472204,1.0
NP_006750,0.7374568963738565,0.5703817894979403,0.05003963041651422,1.0
NP_006071,0.7372278174295025,0.5705318340414617,0.05002486400852091,1.0
NP_057270,0.7370664802860624,0.570637522358722,0.05001446395536347,1.0
NP_997229,0.7370486156014858,0.5706492258219724,0.0500133123549042,1.0
NP_036345,0.7367880546685707,0.5708199399181855,0.049996515654247925,1.0
NP_004300,0.7367712950657754,0.5708309214941372,0.04999543524927092,1.0
NP_004605,0.736627452340813,0.5709251782543209,0.04998616235112902,1.0
NP_694943,0.7363025091333821,0.5711381397546393,0.04996521404721643,1.0
NP_001171586,0.7361610756619856,0.5712308471699381,0.04995609588428142,1.0
NP_002847,0.7361582627724772,0.5712326910648495,0.049955914536573096,1.0
NP_060089,0.7361149212469277,0.5712611025852704,0.04995312028854886,1.0
NP_065154,0.7360477372188032,0.5713051451474913,0.04994878887096499,1.0
NP_000724,0.7357527949778578,0.5714985185577439,0.04992977319954854,1.0
NP_001900,0.7357355193865167,0.5715098461756696,0.04992865937493069,1.0
NP_001193769,0.7354203921436411,0.5717164985747338,0.04990834143664736,1.0
NP_056256,0.7352474855586282,0.5718299050095426,0.04989719285537702,1.0
NP_006347,0.7349505061356161,0.572024719598485,0.04987804375926361,1.0
NP_003753,0.7348570054582731,0.5720860629000843,0.04987201471897949,1.0
NP_003839,0.7347678321858715,0.5721445707146856,0.04986626464387736,1.0
NP_116162,0.7347265612106827,0.5721716503632863,0.049863603383374464,1.0
NP_004862,0.7346095202252739,0.5722484500528768,0.04985605619320429,1.0
NP_005851,0.7345021677638338,0.5723188976817812,0.049849133645707984,1.0
NP_005925,0.7343988769922776,0.5723866847343146,0.049842472918188684,1.0
NP_060836,0.7335299290445534,0.5729571395909895,0.04978643492612921,1.0
NP_694565,0.7332559069177973,0.5731371013547721,0.04976876201366373,1.0
NP_115786,0.7332442848003426,0.5731447348174386,0.04976801243679909,1.0
NP_001135417,0.7331503710805499,0.5732064199889901,0.04976195536018138,1.0
NP_006138,0.7330721245447902,0.5732578174877634,0.049756908698187746,1.0
NP_115826,0.7329533567951063,0.573335837164508,0.04974924843952317,1.0
NP_219489,0.7323619697485405,0.5737244176629583,0.04971110343693524,1.0
NP_006336,0.7321561206956523,0.5738597103258701,0.04969782526721415,1.0
NP_037397,0.7321196800999064,0.5738836625652498,0.04969547464977838,1.0
NP_803875,0.7321166867038892,0.5738856301369744,0.04969528155887087,1.0
NP_115867,0.7318496494502489,0.5740611707273002,0.04967805583581689,1.0
NP_001036189,0.7317124138776299,0.5741513966275373,0.049669202963013255,1.0
NP_001243412,0.731526123096083,0.5742738872780442,0.04965718534410339,1.0
NP_008843,0.7314610550362418,0.5743166746858916,0.04965298773173467,1.0
NP_005035,0.7313986347366276,0.5743577227327998,0.04964896089445235,1.0
NP_258441,0.731376721666978,0.5743721333348036,0.04964754723781288,1.0
NP_006392,0.7313485673888779,0.5743906486272561,0.049645730941964186,1.0
NP_982281,0.73132647856112,0.5744051752998767,0.04964430593710882,1.0
NP_054900,0.7313128165798448,0.5744141601815225,0.04964342456680199,1.0
NP_001159632,0.731265105398126,0.5744455383625877,0.049640346580292066,1.0
NP_002789,0.7312373388714687,0.5744638000167135,0.049638555272064275,1.0
NP_002684,0.7309861723156426,0.5746290041377993,0.04962235140030243,1.0
NP_002845,0.7305578600245711,0.5749107893681964,0.04959471779457463,1.0
NP_001263206,0.7304040514635494,0.5750119991820684,0.0495847940702604,1.0
NP_005548,0.7303340902714741,0.5750580388046306,0.04958028010741571,1.0
NP_536721,0.7300657355158426,0.5752346559537583,0.049562965204939476,1.0
NP_003712,0.7300637934475943,0.575235934237351,0.04956283989566633,1.0
NP_036466,0.7300360970511103,0.5752541643892066,0.049561052820315935,1.0
NP_008929,0.7300357879936343,0.5752543678170193,0.0495610328787308,1.0
NP_065206,0.7300234953037124,0.5752624591453759,0.04956023970609837,1.0
NP_004555,0.7299734889607146,0.5752953751424537,0.04955701308680484,1.0
NP_000476,0.7297816483098631,0.5754216618294603,0.04954463451897813,1.0
NP_055712,0.7295308984262996,0.5755867521898178,0.04952845433144396,1.0
NP_004513,0.7294567008805981,0.5756356081456966,0.049523666466054245,1.0
NP_060489,0.7293025140465216,0.5757371413951297,0.04951371684782939,1.0
NP_002872,0.7292832977098088,0.5757497962351374,0.04951247681027372,1.0
NP_115635,0.7292427027125994,0.5757765304367375,0.0495098571889442,1.0
NP_001231827,0.7291919052639372,0.5758099845720879,0.049506579176508476,1.0
NP_057390,0.7291403318418666,0.5758439509040798,0.04950325106656702,1.0
NP_954870,0.7290097578116973,0.5759299523637699,0.049494824825209914,1.0
NP_001006635,0.7288982895154829,0.5760033759060068,0.049487631402434,1.0
NP_001035917,0.7288067010247954,0.5760637088043582,0.04948172080865767,1.0
NP_001171821,0.7286303820289233,0.5761798673212427,0.049470341989025585,1.0
NP_005567,0.728598389560902,0.5762009453385419,0.04946827731261287,1.0
NP_003559,0.728421540085676,0.5763174694801027,0.049456863935022785,1.0
NP_001177396,0.728188539972638,0.5764710115405589,0.049441826331616916,1.0
NP_055969,0.7281395534701232,0.5765032956126499,0.049438664729284466,1.0
NP_065120,0.7279438145590296,0.5766323058876826,0.04942603147626315,1.0
NP_005508,0.7278656088923922,0.5766838554297107,0.04942098388329407,1.0
NP_060676,0.7278285038271731,0.5767083142998821,0.049418589009102,1.0
NP_065850,0.7276436736022591,0.5768301594178664,0.049406659322324825,1.0
NP_003819,0.727634830479984,0.5768359894190742,0.049406088544108065,1.0
NP_002492,0.7276077059045784,0.5768538720386953,0.049404337787519056,1.0
NP_001099026,0.727310556415863,0.5770497970253625,0.049385157841939746,1.0
NP_001073027,0.7272608635867215,0.5770825656669764,0.04938195027052723,1.0
NP_001606,0.7271813559436272,0.5771349971531412,0.049376818168274265,1.0
NP_001013728,0.7271035397292945,0.5771863158947919,0.049371795191619855,1.0
NP_001129465,0.7269069094265486,0.5773160026966246,0.04935910262060954,1.0
NP_000273,0.7266046738437437,0.5775153739627195,0.049339592522252104,1.0
NP_003870,0.7263864911673359,0.5776593240478938,0.04932550776139224,1.0
NP_115758,0.7263310579601281,0.5776959004442976,0.04932192920975512,1.0
NP_004314,0.7263113893840132,0.577708878648401,0.049320659476724135,1.0
NP_004256,0.7260914052587275,0.5778540454739323,0.04930645785611775,1.0
NP_001138612,0.7260066271668114,0.5779099958945616,0.04930098468293913,1.0
NP_001095124,0.725797797972839,0.5780478288260743,0.049287502648770076,1.0
NP_057308,0.7253592591904655,0.5783373380937025,0.04925918929534779,1.0
NP_002060,0.7252348661841426,0.578419473605033,0.049251157810026716,1.0
NP_006697,0.7251400983713726,0.5784820523998913,0.04924503899637425,1.0
NP_689928,0.7248862662866581,0.5786496866201729,0.04922864959210723,1.0
NP_001617,0.7245627851523331,0.5788633586042922,0.04920776227617118,1.0
NP_008957,0.7244801990913361,0.5789179172203538,0.049202429511640354,1.0
NP_057070,0.7243819373042923,0.5789828355080622,0.049196084452894244,1.0
NP_808880,0.7243215001974799,0.5790227663717624,0.049192181805305275,1.0
NP_001136155,0.7240827555217715,0.579180520742073,0.04917676486504591,1.0
NP_000024,0.724007860894263,0.579230013662597,0.04917192844056864,1.0
NP_001108585,0.723867384251953,0.5793228519725613,0.04916285683380795,1.0
NP_078966,0.723850982407116,0.579333692194097,0.0491617976351441,1.0
NP_006312,0.7238381960260355,0.5793421429831361,0.0491609719143341,1.0
NP_001172110,0.723675323766224,0.5794497948975263,0.04915045379994921,1.0
NP_660331,0.723560553469274,0.579525660283871,0.04914304191853809,1.0
NP_005105,0.7233176170173168,0.5796862648036196,0.04912735266821259,1.0
NP_037390,0.7232627889719695,0.5797225149867118,0.04912381170793939,1.0
NP_002800,0.7231231451318013,0.5798148479728145,0.049114792969105994,1.0
NP_003460,0.7228244759561688,0.5800123573902336,0.04909550318531699,1.0
NP_005361,0.7224349519930215,0.5802700069111064,0.049070344297579886,1.0
NP_001122317,0.7223389611282802,0.5803335098723275,0.04906414415776513,1.0
NP_612364,0.7222969014866079,0.5803613357728175,0.04906142746066155,1.0
NP_068774,0.721920777987177,0.5806102062787407,0.04903713237382873,1.0
NP_001856,0.7217042554258359,0.5807535009735749,0.04902314588746371,1.0
NP_060850,0.721657871593812,0.5807842004395067,0.04902014962501525,1.0
NP_055720,0.7215440119503055,0.5808595631838125,0.04901279453871059,1.0
NP_005948,0.7214962842033693,0.5808911554437527,0.04900971139581494,1.0
NP_113680,0.7214722097113155,0.5809070913606686,0.04900815621112824,1.0
NP_001171475,0.72142524122341,0.5809381824943194,0.04900512208581898,1.0
NP_777569,0.7208558462196377,0.5813151733504212,0.04896833810139891,1.0
NP_659731,0.720784147011504,0.5813626546006203,0.048963705996452084,1.0
NP_001770,0.7207492941876286,0.5813857359295802,0.048961454324353636,1.0
NP_057422,0.7207237315449374,0.5814026651563539,0.048959802839075306,1.0
NP_006386,0.7205859730967155,0.581493902510168,0.04895090279786794,1.0
NP_004177,0.7205068903942817,0.5815462826384596,0.04894579349468199,1.0
NP_002792,0.72039550541249,0.5816200626263734,0.048938597142149466,1.0
NP_000358,0.7203190756429655,0.5816706918183148,0.04893365911034117,1.0
NP_001243778,0.720123289443613,0.5818003974770756,0.048921009374971916,1.0
NP_065741,0.719902534759708,0.5819466641929152,0.0489067460236047,1.0
NP_002477,0.7198524468153071,0.5819798541710062,0.04890350969320007,1.0
NP_001121170,0.7198468127888721,0.5819835875363291,0.048903145660690976,1.0
NP_079005,0.7198187337393367,0.5820021942109043,0.048901331379131614,1.0
NP_076415,0.7197332978799789,0.5820588106490632,0.04889581103916053,1.0
NP_037487,0.7197047684460135,0.5820777171674087,0.048893967628264735,1.0
NP_000245,0.7195595058968609,0.5821739884021719,0.048884581471924815,1.0
NP_444284,0.7194994932904534,0.5822137637762632,0.0488807036963737,1.0
NP_612434,0.7194621960276756,0.5822384845717985,0.04887829367990335,1.0
NP_060040,0.7194489988412123,0.5822472318702087,0.04887744092172546,1.0
NP_001165082,0.7194374577738084,0.5822548815287314,0.04887669517518487,1.0
NP_001098677,0.7191037478183803,0.5824760961419158,0.04885513140872884,1.0
NP_005560,0.7190779433833421,0.5824932037609585,0.048853463929551956,1.0
NP_006422,0.7185390871158671,0.5828505156868262,0.048818641773004,1.0
NP_001182665,0.718458183094171,0.5829041733467449,0.04881341334511534,1.0
NP_002834,0.7183266000772711,0.5829914486328309,0.048804909660959676,1.0
NP_004584,0.7182121633521086,0.5830673573028213,0.04879751394944791,1.0
NP_002289,0.7181193785106142,0.5831289078697849,0.04879151745155118,1.0
NP_076997,0.7180007149442268,0.5832076309493305,0.04878384835347846,1.0
NP_116032,0.7175718486213188,0.5834921971761964,0.04875613015529721,1.0
NP_056362,0.7174280085063002,0.5835876572224052,0.04874683321648626,1.0
NP_004725,0.7174122644544687,0.5835981063604571,0.048745815606943625,1.0
NP_001367,0.7173206168521782,0.5836589338779411,0.04873989196313388,1.0
NP_665736,0.7170490289501804,0.5838392108352857,0.04872233744276178,1.0
NP_001137307,0.717011435444704,0.5838641674606151,0.04871990747508976,1.0
NP_004857,0.7169688513425655,0.5838924378465951,0.04871715491041212,1.0
NP_065184,0.7169497403648257,0.5839051253383699,0.04871591960380321,1.0
NP_443158,0.7169142185889293,0.5839287081277872,0.04871362351785643,1.0
NP_112192,0.7168496546587076,0.5839715732878491,0.04870945015272236,1.0
NP_940878,0.716839051995218,0.5839786127579999,0.048708764800824075,1.0
NP_055263,0.7167828427255248,0.5840159328127047,0.04870513143977179,1.0
NP_060375,0.7167054206103673,0.5840673393119478,0.04870012683726341,1.0
NP_001123544,0.716608048753999,0.5841319956139019,0.048693832599195415,1.0
NP_001026896,0.7163529941394233,0.5843013747064135,0.048677345156418854,1.0
NP_996667,0.7162058093875247,0.5843991311894816,0.04866783046283942,1.0
NP_001186125,0.716156354779163,0.5844319797955505,0.0486646334487053,1.0
NP_000366,0.7160179035676378,0.5845239470330771,0.04865568309712724,1.0
NP_006261,0.7160067393720077,0.5845313632884939,0.04865496136641229,1.0
NP_001138829,0.7159429034430648,0.5845737698322445,0.04865083455002785,1.0
NP_001184149,0.7159322314345756,0.5845808594732104,0.04865014463067988,1.0
NP_116249,0.7155982213303618,0.584802773988413,0.048628551185441946,1.0
NP_001127853,0.7150355774295605,0.5851766990246757,0.04859217455962576,1.0
NP_115898,0.7149505372220171,0.5852332272457161,0.04858667621162048,1.0
NP_000275,0.7144631934355179,0.58555723541757,0.0485551653528385,1.0
NP_001180353,0.7143259207736165,0.5856485187117692,0.048546289148396156,1.0
NP_006089,0.7142799404707716,0.5856790963897347,0.04854331597336177,1.0
NP_065815,0.7141777587265836,0.5857470521911483,0.04853670863824,1.0
NP_004390,0.7141669255829868,0.585754257015556,0.04853600813385438,1.0
NP_002063,0.7140993886793489,0.5857991750676013,0.04853164096667436,1.0
NP_001781,0.7138665055599455,0.585954077923349,0.04851658164019607,1.0
NP_056297,0.7138431734505973,0.5859695986097672,0.04851507284912776,1.0
NP_001070654,0.7138096734031137,0.5859918834855533,0.04851290653116206,1.0
NP_004056,0.7137917487054535,0.5860038075347254,0.048511747406527896,1.0
NP_001076804,0.7137279390694552,0.5860462567345655,0.04850762104784394,1.0
NP_005299,0.7128949489576674,0.586600559707909,0.048453751041576794,1.0
NP_005795,0.7128445866745039,0.5866340820930884,0.04845049388478763,1.0
NP_060629,0.7128358089456489,0.5866399248771135,0.048449926187053134,1.0
NP_002726,0.7127913716792247,0.5866695044813086,0.04844705220596567,1.0
NP_005643,0.7127321963968252,0.5867088957232812,0.048443225016450375,1.0
NP_000392,0.7126946312067711,0.5867339025327911,0.048440795453953814,1.0
NP_000609,0.7124762729508776,0.5868792734889648,0.04842667269144736,1.0
NP_065178,0.7123507320283861,0.5869628608875206,0.048418552888194674,1.0
NP_001123996,0.7122037454380619,0.5870607356688133,0.048409045834408124,1.0
NP_056167,0.7121304160741886,0.5871095673176816,0.048404302839521365,1.0
NP_001120686,0.7119356391279819,0.5872392846422466,0.04839170429990954,1.0
NP_689450,0.7118821001396999,0.5872749432850708,0.04838824123889221,1.0
NP_001006933,0.7116085678450988,0.5874571432583777,0.04837054796308604,1.0
NP_004080,0.7115634892425626,0.5874871731671618,0.04836763201700991,1.0
NP_003851,0.7115025275092207,0.5875277852694114,0.04836368862927313,1.0
NP_009293,0.7114172759902629,0.5875845816172873,0.04835817397086071,1.0
NP_079023,0.7113205880314641,0.5876490008737749,0.04835191944699822,1.0
NP_060705,0.7112040980197166,0.5877266186732264,0.04834438386423122,1.0
NP_001035275,0.7111255604870806,0.587778951802779,0.04833930330913005,1.0
NP_001098101,0.7109854066460446,0.5878723491451776,0.048330236689979975,1.0
NP_778250,0.7109578869422989,0.5878906890176221,0.048328456406863715,1.0
NP_490647,0.7109540911413911,0.5878932186667369,0.04832821085136225,1.0
NP_001646,0.7108317242620298,0.5879747713164911,0.048320294704321955,1.0
NP_659400,0.7107882759381523,0.5880037294119194,0.04831748391761986,1.0
NP_001186583,0.7107106290213688,0.5880554826839557,0.04831246069236622,1.0
NP_001013725,0.7104846082632924,0.5882061446437339,0.048297838391006744,1.0
NP_078799,0.7104001604816071,0.5882624417582203,0.0482923749681565,1.0
NP_071735,0.7100729522055055,0.5884806035169564,0.04827120535109537,1.0
NP_060720,0.7099904566109307,0.588535613468649,0.0482658679286803,1.0
NP_056494,0.7099868532772653,0.58853801631933,0.04826563479348631,1.0
NP_003728,0.7099367329725536,0.5885714391606429,0.0482623920048017,1.0
NP_998754,0.7098379794688481,0.5886372962557727,0.04825600257865512,1.0
NP_054878,0.7095476193288166,0.5888309564372822,0.048237215561710976,1.0
NP_003923,0.7093554026028359,0.5889591778483257,0.04822477825760569,1.0
NP_115527,0.7090848141449637,0.5891397047509527,0.048207269391979696,1.0
NP_060217,0.7089837869571312,0.5892071143456724,0.048200732098556485,1.0
NP_003454,0.7088481904153691,0.5892975968034498,0.04819195774127788,1.0
NP_001035932,0.7085625302633797,0.5894882407211377,0.04817347234343857,1.0
NP_001135772,0.7085410536385486,0.589502575177842,0.04817208253725967,1.0
NP_689520,0.7085249522339867,0.5895133220998094,0.04817104057238406,1.0
NP_919269,0.708461431581235,0.589555720175662,0.0481669299591094,1.0
NP_775882,0.7083671236641559,0.5896186709207613,0.04816082694349328,1.0
NP_659498,0.7083523114142577,0.5896285584694024,0.048159868380671614,1.0
NP_006194,0.7082362251477938,0.589706052150841,0.04815235588458039,1.0
NP_001193901,0.7081077734353419,0.5897918069984557,0.04814404302328216,1.0
NP_001243461,0.7080060302239469,0.5898597360559009,0.04813745852218466,1.0
NP_078919,0.7078899365594457,0.5899372515177594,0.04812994519355503,1.0
NP_001135419,0.7077920405381389,0.590002620842607,0.04812360948450301,1.0
NP_683710,0.7075548175165866,0.590161041351569,0.04810825635501925,1.0
NP_006323,0.7074555599656631,0.5902273337762958,0.04810183223612031,1.0
NP_001019801,0.7068471194716608,0.5906337908202905,0.04806245102907235,1.0
NP_115725,0.7065459679783068,0.5908350265413879,0.04804295784453561,1.0
NP_054829,0.7065042052975309,0.5908629362267506,0.04804025453193945,1.0
NP_001230679,0.7064203906163528,0.5909189511438847,0.04803482913266198,1.0
NP_077288,0.7061478063039128,0.5911011445974046,0.0480171840787032,1.0
NP_001099043,0.7059556032613541,0.5912296303978424,0.04800474190910744,1.0
NP_742067,0.7058159296666923,0.591323010451652,0.047995700003480836,1.0
NP_000842,0.7057185551015345,0.59138811591309,0.04798939626494586,1.0
NP_116254,0.7054727913302307,0.5915524532212646,0.04797348588113057,1.0
NP_001018082,0.705373904687155,0.5916185838329363,0.0479670839557725,1.0
NP_690866,0.7051577742167194,0.5917631356228903,0.047953091360441416,1.0
NP_001164121,0.7048882985235452,0.5919433928374578,0.04793564454306804,1.0
NP_055415,0.7047796983123399,0.5920160460391475,0.047928613197328426,1.0
NP_775930,0.7047115319918579,0.5920616515986084,0.04792419970012155,1.0
NP_056937,0.7046871020343749,0.5920779965313063,0.047922617947911465,1.0
NP_000552,0.704641699977355,0.5921083735657302,0.047919678313443036,1.0
NP_001094089,0.7042625299689288,0.5923620972782444,0.04789512758858618,1.0
NP_065796,0.7042234506219334,0.5923882508333875,0.047892597183848376,1.0
NP_001092763,0.7033072867901532,0.5930015680010121,0.04783327132270596,1.0
NP_001171753,0.7031132266613049,0.5931315243518207,0.04782070407961916,1.0
NP_660306,0.7030178325819799,0.5931954126720268,0.04781452628208665,1.0
NP_004263,0.7028447900221318,0.5933113141563744,0.04780331970171564,1.0
NP_055935,0.7027558481878488,0.5933708909722336,0.04779755954897836,1.0
NP_004066,0.702733590210972,0.5933858007717567,0.04779611804153546,1.0
NP_001078844,0.7022126119818877,0.5937348434156535,0.047762376352087584,1.0
NP_002771,0.7020495727731866,0.593844098728858,0.047751816459204184,1.0
NP_055596,0.7020119989118305,0.5938692791610256,0.04774938280310137,1.0
NP_005279,0.7018741205569513,0.5939616844677407,0.04774045232611214,1.0
NP_003752,0.7015170775278452,0.594201009179584,0.047717325622139775,1.0
NP_001020561,0.7013363122084241,0.5943221955973215,0.04770561650412781,1.0
NP_006050,0.7012544075713795,0.5943771095107164,0.047700311016332195,1.0
NP_055917,0.7009983644110614,0.5945487944422754,0.047683725080064965,1.0
NP_001137416,0.7008356758554813,0.5946578962259274,0.04767318615815342,1.0
NP_001007026,0.7008135659639866,0.5946727243460024,0.04767175386718343,1.0
NP_001243399,0.7007950862587238,0.5946851180161432,0.047670556738375156,1.0
NP_001026883,0.7007558321258414,0.5947114448101608,0.04766801381698115,1.0
NP_078959,0.7007539420004565,0.594712712487377,0.04766789137245423,1.0
NP_001116,0.7006427206396312,0.5947873094846243,0.04766068626754206,1.0
NP_001171891,0.7006355036708979,0.5947921501353173,0.047660218736526205,1.0
NP_005313,0.7003479688903249,0.5949850262987302,0.04764159123120343,1.0
NP_001075106,0.7002958521364862,0.5950199894642303,0.047638214848220735,1.0
NP_001107605,0.7002954280536906,0.5950202739699713,0.04763818737392607,1.0
NP_001137293,0.7001565195904529,0.5951134678998171,0.04762918807411169,1.0
NP_060197,0.6998080987557943,0.5953472589291127,0.04760661459349435,1.0
NP_057589,0.6997442510129622,0.5953901062890125,0.04760247791146046,1.0
NP_004955,0.6995984580404178,0.5954879522620404,0.04759303188025181,1.0
NP_038463,0.6994385040166589,0.5955953121703997,0.047582668128822454,1.0
NP_644808,0.6993418738343417,0.5956601746901977,0.047576407150527564,1.0
NP_001035859,0.6989814637721827,0.5959021318883663,0.047553054304811944,1.0
NP_001035787,0.6983802834248353,0.5963058458972242,0.0475140981494668,1.0
NP_938051,0.6982566389523414,0.5963888959042793,0.04750608566065365,1.0
NP_006113,0.6980807930520253,0.5965070195421055,0.04749469014907153,1.0
NP_001243804,0.6978755488294688,0.5966449073499471,0.04748138916477947,1.0
NP_061915,0.6974278161940508,0.5969457641925975,0.04745237227330384,1.0
NP_001157260,0.6973684661787525,0.5969856509634085,0.0474485257536763,1.0
NP_002779,0.6971987984978418,0.5970996857516078,0.04743752929089458,1.0
NP_705841,0.6971420630165484,0.5971378206698742,0.04743385210726214,1.0
NP_002487,0.6969322336113688,0.597278869517949,0.047420252235872,1.0
NP_005430,0.6965442437147502,0.5975397264090818,0.04739510405738005,1.0
NP_001005242,0.6964451269178923,0.5976063753473396,0.04738867943257171,1.0
NP_002153,0.6961198506550121,0.5978251284044748,0.04736759482973224,1.0
NP_060342,0.6960210505680162,0.5978915814356159,0.047361190363912425,1.0
NP_006540,0.6957486262322625,0.5980748348604348,0.047343530699098545,1.0
NP_001096123,0.6957124971817781,0.5980991402861862,0.04734118861642102,1.0
NP_001157262,0.6955850278774252,0.5981848981110278,0.047332925266867915,1.0
NP_006334,0.6954924766770327,0.5982471681368061,0.04732692543518616,1.0
NP_038478,0.6951435364912218,0.5984819723200532,0.047304303953549696,1.0
NP_055422,0.6950523547359841,0.5985433372762852,0.04729839254447975,1.0
NP_078836,0.6949942659824992,0.5985824325336364,0.04729462655125657,1.0
NP_005148,0.694290818226756,0.5990559799371796,0.04724901846678844,1.0
NP_005872,0.6941826704428928,0.5991288007075624,0.047242006310376845,1.0
NP_536355,0.693490739855491,0.5995948206912827,0.04719714002163053,1.0
NP_001191184,0.6933126466826889,0.5997147989754648,0.047185591388012704,1.0
NP_005859,0.693271651509648,0.5997424185268021,0.047182932974523625,1.0
NP_001252,0.6929984969820361,0.5999264674040712,0.04716521934745851,1.0
NP_113614,0.6928124477353095,0.6000518428232605,0.047153153979182315,1.0
NP_005828,0.6927405831187929,0.6001002749024049,0.04714849344816694,1.0
NP_001009939,0.6927132273440081,0.6001187114632637,0.04714671937207813,1.0
NP_037490,0.6925015117448683,0.6002614084492013,0.047132988973409166,1.0
NP_062536,0.6922083623210327,0.6004590219083168,0.04711397669095404,1.0
NP_001071639,0.6921331774070719,0.6005097100025194,0.04710910043147473,1.0
NP_002387,0.6920463254608507,0.6005682665981392,0.04710346742247583,1.0
NP_000601,0.6917054615508842,0.6007981103556745,0.04708135916290458,1.0
NP_000311,0.6916150566104108,0.6008590780414627,0.04707549537239081,1.0
NP_077006,0.6914467998357486,0.6009725565407338,0.04706458181119912,1.0
NP_056541,0.6914201377500809,0.600990539467001,0.047062852417749206,1.0
NP_001008708,0.691372964390519,0.6010223574467903,0.04705979257801798,1.0
NP_001139541,0.6911882953230762,0.6011469235654331,0.047047814065735896,1.0
NP_002430,0.69104001863096,0.6012469515924923,0.047038195917688125,1.0
NP_005138,0.6910373599340192,0.6012487452402269,0.047038023456304305,1.0
NP_004563,0.6910097366693979,0.6012673810055648,0.04703623161753189,1.0
NP_005637,0.6906596240473433,0.6015036075938847,0.04701352027221384,1.0
NP_055311,0.6900372332927004,0.6019236659152248,0.046973143929740196,1.0
NP_001017926,0.6900075980493496,0.6019436709343384,0.04697122131788236,1.0
NP_071939,0.6899910799191016,0.6019548215103303,0.0469701496866328,1.0
NP_573438,0.6898127878613349,0.6020751846451612,0.04695858264656374,1.0
NP_006370,0.6895179802334394,0.6022742341387788,0.0469394558188547,1.0
NP_009297,0.6894744401534068,0.6023036346640158,0.046936630916402385,1.0
NP_036289,0.6893305677417639,0.6024007901827699,0.04692729628234767,1.0
NP_620154,0.6893278792343317,0.6024026057821432,0.046927121846657434,1.0
NP_005923,0.6891711602289282,0.6025084460486388,0.04691695349665918,1.0
NP_004661,0.6888386393323048,0.6027330466978833,0.046895377929185064,1.0
NP_005359,0.6888166852730829,0.6027478770811554,0.0468939534090371,1.0
NP_000382,0.6884445727582089,0.6029992753828695,0.046869807715040575,1.0
NP_054768,0.6883472371916682,0.6030650441609093,0.046863491587994126,1.0
NP_054747,0.6883094999485081,0.6030905438966008,0.04686104278718533,1.0
NP_002825,0.6878830193827744,0.6033787639299375,0.046833367237131045,1.0
NP_004715,0.6875640242999154,0.6035943914688534,0.04681266567841825,1.0
NP_001229827,0.6873805035437083,0.6037184622778267,0.04680075547697972,1.0
NP_002437,0.6871800972333073,0.6038539640007021,0.04678774909029366,1.0
NP_001257327,0.6871389311612265,0.6038817997984265,0.04678507736475116,1.0
NP_001032248,0.6871296854334809,0.6038880516948133,0.04678447730430052,1.0
NP_005641,0.6869997481582574,0.6039759179613358,0.04677604411645794,1.0
NP_005427,0.6865536369644499,0.6042776385471552,0.04674708947621785,1.0
NP_001182073,0.6861875133143938,0.6045253197185998,0.04672332507618478,1.0
NP_006796,0.6861008853857206,0.6045839309318048,0.04671770204632504,1.0
NP_071424,0.6860598574295746,0.6046116908950633,0.0467150388933286,1.0
NP_060272,0.6854844253258205,0.6050011047302517,0.04667768562974128,1.0
NP_001186802,0.6854476705372805,0.605025982354195,0.04667529965139993,1.0
NP_001183955,0.6853442772025026,0.6050959674050759,0.046668587692998774,1.0
NP_001370,0.685310163578676,0.605119059217816,0.046666373126958344,1.0
NP_002538,0.6851439044925064,0.6052316080392857,0.04665557988048764,1.0
NP_001935,0.6850015674943607,0.605327971514916,0.046646339419576854,1.0
NP_036205,0.6846605686782988,0.6055588634189875,0.04662420118437384,1.0
NP_001122321,0.6844362704595388,0.6057107618036308,0.0466096387939937,1.0
NP_001193954,0.6844229738954076,0.6057197670747679,0.04660877551076476,1.0
NP_078832,0.6843046614065198,0.6057998988158688,0.04660109396974158,1.0
NP_063949,0.6842738936304852,0.6058207383941314,0.0465990963248989,1.0
NP_003067,0.6842241030170565,0.6058544632786167,0.04659586357555478,1.0
NP_071910,0.6841914025135398,0.6058766129787094,0.04659374042185425,1.0
NP_937838,0.6841781172444915,0.6058856118817074,0.0465928778431951,1.0
NP_001254772,0.6839098528439428,0.6060673381869521,0.046575459785425245,1.0
NP_005987,0.6838791333656004,0.6060881498272506,0.04657346516913565,1.0
NP_003912,0.6836694132639201,0.6062302396108181,0.046559847816129284,1.0
NP_005989,0.6833591176839322,0.6064405031222408,0.04653969927500629,1.0
NP_002862,0.683116943599796,0.6066046322071715,0.046523973501250274,1.0
NP_958357,0.6830598907133631,0.6066433021162468,0.04652026864954627,1.0
NP_060896,0.6830098697451427,0.6066772069086667,0.04651702040686552,1.0
NP_001035937,0.682845950867594,0.6067883199066527,0.046506375749807934,1.0
NP_001124181,0.6827492246564214,0.6068538910609413,0.04650009437673261,1.0
NP_068753,0.6825081642854876,0.6070173229882309,0.04648443962358261,1.0
NP_001159715,0.6824054023779382,0.6070869995005819,0.046477765984272376,1.0
NP_115812,0.6822545562128267,0.6071892864770735,0.04646796945256129,1.0
NP_001186689,0.6820306019853324,0.6073411635903945,0.046453424630044496,1.0
NP_078817,0.6818105759558452,0.6074903958686584,0.04643913449424519,1.0
NP_001033796,0.6817823305833827,0.6075095546159415,0.04643729999750597,1.0
NP_003084,0.6812418955945464,0.6078761900400211,0.046402198154569564,1.0
NP_001186069,0.6810794046163616,0.6079864475300609,0.04639164368269822,1.0
NP_001070994,0.6810527574744327,0.6080045298067669,0.04638991281655154,1.0
NP_775872,0.6810519111234714,0.6080051041300214,0.04638985784168877,1.0
NP_001136060,0.6809221053515274,0.6080931920242781,0.04638142621186689,1.0
NP_003253,0.6808849735058246,0.6081183913895891,0.04637901425796866,1.0
NP_665857,0.680676253538047,0.6082600482931995,0.046365456317041524,1.0
NP_001124295,0.6805551926246511,0.6083422193414971,0.04635759231820841,1.0
NP_001186601,0.6805541580359121,0.6083429216013669,0.046357525111774274,1.0
NP_000626,0.6805308526281102,0.6083587409954884,0.04635601120011826,1.0
NP_777547,0.6803206478261478,0.6085014347206078,0.04634235614784674,1.0
NP_001098668,0.6802067455222275,0.6085787624270731,0.04633495681044851,1.0
NP_001121369,0.6801243644617937,0.6086346936660998,0.04632960508892312,1.0
NP_060129,0.6800085129626602,0.6087133535671237,0.046322078925376875,1.0
NP_954630,0.6798841037070461,0.6087978297583763,0.04631399668443961,1.0
NP_005160,0.6798372404010196,0.6088296523730727,0.046310952176636555,1.0
NP_036238,0.6796753329147341,0.6089396025230047,0.04630043359274901,1.0
NP_689555,0.6796246409291236,0.6089740291619492,0.04629714025753918,1.0
NP_004992,0.6796147737291202,0.6089807304267381,0.04629649920687088,1.0
NP_001003722,0.6794554249386504,0.6090889566844893,0.04628614654085442,1.0
NP_056128,0.6794152226696296,0.609116262755852,0.046283534620670655,1.0
NP_001979,0.6790273538972541,0.6093797421181956,0.04625833425652508,1.0
NP_075266,0.678788454094093,0.6095420558683604,0.04624281194711068,1.0
NP_060292,0.6787248378503907,0.6095852818664078,0.046238678451158005,1.0
NP_663318,0.6784021446282741,0.6098045697758961,0.046217710752429746,1.0
NP_690006,0.6778703106779721,0.6101660683604647,0.04618315166504981,1.0
NP_001180218,0.6777426099421247,0.6102528854906792,0.04617485317415556,1.0
NP_009096,0.677702712904927,0.6102800107163955,0.04617226047977366,1.0
NP_001155291,0.6775749924828658,0.6103668495025935,0.04616396052003728,1.0
NP_001241667,0.6775188777251001,0.6104050046531189,0.04616031383569304,1.0
NP_006585,0.677509140910358,0.6104116253104089,0.04615968107435537,1.0
NP_060152,0.6773445701135863,0.6105235326228484,0.046148986070192424,1.0
NP_207837,0.676933457582898,0.6108031327370028,0.046122267947815584,1.0
NP_005852,0.6768010555538722,0.6108931940313722,0.046113662847379326,1.0
NP_001129120,0.6767985294920477,0.6108949123516678,0.046113498671530175,1.0
NP_001092257,0.6763220602720407,0.6112190682178673,0.04608253058869604,1.0
NP_056210,0.6762969744472178,0.6112361372558301,0.04608090008158822,1.0
NP_065385,0.6762064022510704,0.6112977669138917,0.046075013100616534,1.0
NP_113642,0.6760285705185936,0.611418781316879,0.046063454242424216,1.0
NP_000046,0.675923835849947,0.6114900588945273,0.04605664647828292,1.0
NP_067083,0.6759096634850825,0.6114997042752743,0.046055725265657856,1.0
NP_071439,0.675729261777782,0.6116224882104975,0.04604399888581251,1.0
NP_002077,0.6757181913913827,0.6116300232780819,0.0460432792848088,1.0
NP_001254703,0.6755404174873338,0.6117510316777538,0.046031723416628784,1.0
NP_002102,0.6755372158327149,0.6117532111139188,0.046031515296347095,1.0
NP_060544,0.6752586937937186,0.611942822199975,0.046013409908698275,1.0
NP_001171808,0.6750644749594734,0.6120750593066142,0.046000784263084994,1.0
NP_001139478,0.6749099675474113,0.6121802685614005,0.045990739911858376,1.0
NP_000841,0.6745072883295519,0.6124545092531651,0.0459645611996785,1.0
NP_116264,0.6742256533457943,0.6126463508466369,0.04594625088050678,1.0
NP_061900,0.6741042570862645,0.6127290518166599,0.045938358163206676,1.0
NP_775788,0.6740773159548894,0.6127474061746958,0.04593660653688773,1.0
NP_006278,0.6740274018748773,0.612781412194318,0.04593336126582114,1.0
NP_001156946,0.6739320478784357,0.612846378671771,0.04592716155966341,1.0
NP_057457,0.6738414362257672,0.612908117319112,0.04592127011555639,1.0
NP_060691,0.6737410808117504,0.6129764985800645,0.04591474506066993,1.0
NP_054699,0.6737373279869062,0.6129790557951581,0.04591450105229165,1.0
NP_757367,0.6734077954141976,0.613203623779615,0.045893074383488094,1.0
NP_078907,0.6730606049129442,0.6134402699863749,0.04587049853031922,1.0
NP_001010971,0.672980892161502,0.6134946089475357,0.04586531510587716,1.0
NP_443711,0.672849910399112,0.6135839024624586,0.0458567977255899,1.0
NP_004032,0.6725192248952636,0.6138093680212726,0.045835293488945085,1.0
NP_060741,0.6722976133478619,0.613960488851818,0.045820881709504775,1.0
NP_061952,0.6722948454344592,0.6139623764589148,0.045820701704590905,1.0
NP_004292,0.6722273889519087,0.6140083800030319,0.04581631480562328,1.0
NP_001026866,0.6720985046068695,0.6140962805379422,0.04580793295491018,1.0
NP_055167,0.6719709717359361,0.6141832655622861,0.04579963885086878,1.0
NP_001156896,0.6717662896620046,0.6143228838500869,0.0457863270447092,1.0
NP_001079990,0.6716368869567432,0.6144111605731195,0.04577791095374206,1.0
NP_078859,0.671629298956966,0.6144163371979923,0.0457774174409323,1.0
NP_001032354,0.6715657597983716,0.6144596852343662,0.045773284923585456,1.0
NP_068823,0.6714463169755689,0.6145411763207378,0.04576551639620376,1.0
NP_001002010,0.6714152449177853,0.6145623764359691,0.045763495457629096,1.0
NP_001139784,0.6712179449462251,0.6146970005212178,0.04575066279193531,1.0
NP_075066,0.6711326838100118,0.6147551814856391,0.0457451171817582,1.0
NP_997719,0.6709423844966096,0.6148850489065267,0.045732739377779975,1.0
NP_060616,0.6706566647659085,0.6150800605435097,0.04571415445748961,1.0
NP_001508,0.6705075377385701,0.6151818561326885,0.045704454056122425,1.0
NP_000497,0.6703273883431027,0.615304839104698,0.04569273545154407,1.0
NP_001120982,0.6702941774151561,0.6153275126178397,0.045690575070203486,1.0
NP_001003801,0.6701959048833039,0.6153946069356141,0.04568418235370766,1.0
NP_079422,0.6700396414288036,0.615501301322614,0.04567401709921655,1.0
NP_004315,0.6697398895455295,0.6157059932785012,0.04565451702540572,1.0
NP_065987,0.6696667960244441,0.6157559118828948,0.045649761875022794,1.0
NP_001191066,0.6690383402159226,0.6161851935022882,0.04560887528541796,1.0
NP_001119595,0.6690294840475043,0.6161912439797781,0.04560829908857097,1.0
NP_620419,0.6687726800869671,0.6163667036233142,0.04559159069898426,1.0
NP_001189367,0.6687542128406208,0.6163793222050888,0.045590389145331235,1.0
NP_004795,0.668399011645722,0.6166220544199565,0.045567277731881836,1.0
NP_064587,0.668387793120973,0.6166297215434743,0.045566547772511616,1.0
NP_001684,0.6682276474536258,0.616739175718277,0.04555612740095623,1.0
NP_110403,0.6681000597314544,0.6168263845178629,0.04554782534962374,1.0
NP_612449,0.668068638229818,0.6168478626891158,0.04554578075048079,1.0
NP_444507,0.6680115723663934,0.6168868710134138,0.04554206744865709,1.0
NP_694950,0.6678527979607338,0.6169954103323338,0.04553173577345859,1.0
NP_115809,0.6676270392819604,0.6171497568379554,0.04551704495171318,1.0
NP_036355,0.6674457521661165,0.6172737128741574,0.045505247705964515,1.0
NP_056410,0.6674327604298245,0.6172825965156188,0.045504402258481215,1.0
NP_055094,0.6674302225438793,0.6172843319083378,0.04550423710337731,1.0
NP_683720,0.667289427902648,0.6173806102985295,0.045495074681843724,1.0
NP_001165415,0.6672831682176841,0.617384890977251,0.04549466731941263,1.0
NP_001239264,0.6672651056163086,0.6173972431495894,0.04549349185492003,1.0
NP_065804,0.6671249201517796,0.617493113610198,0.045484368871447224,1.0
NP_002519,0.6669178546535769,0.6176347356253532,0.04547089315305426,1.0
NP_001034450,0.6668308241705119,0.6176942647223986,0.04546522913945353,1.0
NP_055533,0.666767929391681,0.6177372866895985,0.0454611358549897,1.0
NP_077268,0.6665983343403239,0.617853302289608,0.045450098185313564,1.0
NP_056492,0.6665573165436981,0.6178813631178416,0.04544742860629124,1.0
NP_006547,0.6659917288585141,0.6182683532348514,0.045410616695496384,1.0
NP_068577,0.6658855767192943,0.6183409986284365,0.04540370734763707,1.0
NP_004452,0.6656586584428449,0.6184963045916585,0.04538893710441252,1.0
NP_653287,0.6653825300254382,0.6186853164732415,0.04537096312783899,1.0
NP_116016,0.6653491544090138,0.6187081642414762,0.04536879056909341,1.0
NP_001078841,0.6650404865410995,0.6189194869669898,0.045348697615355586,1.0
NP_005959,0.6649266480253991,0.6189974329512631,0.04534128700295478,1.0
NP_001007795,0.6646126425081086,0.6192124595179942,0.045320845405872154,1.0
NP_002679,0.6645503789489005,0.619255101070684,0.04531679197630694,1.0
NP_006187,0.6644251466670679,0.6193408714606383,0.045308639105984906,1.0
NP_001121181,0.6643342664650838,0.6194031180771553,0.045302722537108715,1.0
NP_073594,0.6641645356966429,0.6195193800341048,0.04529167236768806,1.0
NP_002746,0.6638754454612958,0.6197174252164634,0.04527285081835416,1.0
NP_689873,0.6638452370146871,0.6197381217053182,0.045270884020174956,1.0
NP_067022,0.6637466245761922,0.6198056856609722,0.0452644635487471,1.0
NP_009152,0.6637088130999373,0.6198315930102378,0.04526200169134619,1.0
NP_002005,0.6634451731452432,0.6200122462935417,0.04524483607442282,1.0
NP_004846,0.6634301418409617,0.62002254692623,0.0452438573664913,1.0
NP_036610,0.6634039213969782,0.6200405154376551,0.04524215011419911,1.0
NP_940862,0.6628806028771753,0.6203991914939996,0.04520807478628067,1.0
NP_710156,0.6627652787361265,0.6204782468097696,0.04520056525062606,1.0
NP_062817,0.6627423686967224,0.6204939523475343,0.045199073408778004,1.0
NP_001171579,0.662608115756777,0.6205859907576834,0.0451903311147437,1.0
NP_001107803,0.6625164335278029,0.6206488482144983,0.04518436085178876,1.0
NP_001140177,0.6620174498685958,0.6209910062625772,0.04515186618295348,1.0
NP_006327,0.6618848336735056,0.6210819578927578,0.04514322961761196,1.0
NP_002022,0.6618239925122833,0.621123686501702,0.045139267314235475,1.0
NP_536858,0.661741898304287,0.6211799939102316,0.04513392084611865,1.0
NP_002721,0.6616469863769016,0.6212450959172675,0.04512773953647099,1.0
NP_004095,0.6612885978603297,0.6214909516232194,0.04510439811933299,1.0
NP_004138,0.6612273755964763,0.6215329550059026,0.045100410672102756,1.0
NP_002616,0.6603576516207649,0.6221298035455591,0.0450437613674288,1.0
NP_077295,0.6603084340641601,0.6221635873858402,0.045040555390355334,1.0
NP_009101,0.6601199309406723,0.6222929875920404,0.04502827630676249,1.0
NP_001967,0.6600253162394348,0.6223579418639605,0.04502211299105336,1.0
NP_055870,0.6599889386378265,0.6223829164485165,0.04501974328905266,1.0
NP_001248319,0.6598873151778394,0.6224526873130918,0.04501312329288079,1.0
NP_004705,0.6598462242655423,0.6224808998647664,0.04501044650613997,1.0
NP_002778,0.6596410126054859,0.6226218050600669,0.04499707817116914,1.0
NP_055692,0.6593609007342639,0.6228141640044621,0.04497882992301783,1.0
NP_570721,0.6593270114129546,0.6228374384788152,0.04497662211230014,1.0
NP_000343,0.6592945483508997,0.6228597338201204,0.04497450720949375,1.0
NP_001182237,0.6591557146422545,0.6229550878976057,0.04496546236860416,1.0
NP_001153890,0.6591287317524884,0.6229736211597224,0.04496370444750778,1.0
NP_002579,0.6583163154390729,0.6235317550978106,0.04491077292046782,1.0
NP_057034,0.6579994244756082,0.6237495256313003,0.04489012486771526,1.0
NP_077271,0.6575268694450132,0.6240743375505067,0.04485933236224791,1.0
NP_002615,0.6574774007927602,0.6241083446263844,0.04485610878425776,1.0
NP_002504,0.6571950562169122,0.6243024584803507,0.04483770965019394,1.0
NP_787103,0.6570791998969356,0.6243821188344443,0.04483015960653035,1.0
NP_004721,0.6570377312260963,0.6244106329924903,0.04482745717617345,1.0
NP_001243239,0.6569854291357778,0.6244465971730534,0.04482404873172586,1.0
NP_001138836,0.6569269569131571,0.6244868052541062,0.04482023816072222,1.0
NP_079184,0.6564702782455188,0.6248008800738176,0.044790475863749575,1.0
NP_036463,0.6563845475524168,0.6248598486209843,0.04478488848479564,1.0
NP_963857,0.6560691044466257,0.6250768441140696,0.04476432935537778,1.0
NP_898869,0.6559705609201153,0.6251446402242034,0.04475790656056918,1.0
NP_001159713,0.6559008096665776,0.625192629896954,0.04475336031436331,1.0
NP_002258,0.6558943097365807,0.625197102013369,0.04475293665981476,1.0
NP_005307,0.6558358095343745,0.6252373523169203,0.04474912369772318,1.0
NP_660310,0.655755792761331,0.625292408808394,0.04474390826607641,1.0
NP_004853,0.6556912657709882,0.6253368090459318,0.04473970240505702,1.0
NP_001815,0.655603372183553,0.6253972899601923,0.04473397345263131,1.0
NP_110439,0.6554946903278885,0.6254720794326334,0.04472688941441816,1.0
NP_001034565,0.6554238348897752,0.6255208409198021,0.0447222708994212,1.0
NP_150592,0.655423095678088,0.6255213496419951,0.044722222715724506,1.0
NP_056978,0.6553933360984288,0.6255418302150859,0.04472028290664141,1.0
NP_000937,0.6552688250439833,0.6256275222945522,0.04471216685730204,1.0
NP_061896,0.655249495530186,0.6256408259189565,0.044710906882208676,1.0
NP_057510,0.6551190992596402,0.6257305752352642,0.04470240704442556,1.0
NP_055031,0.6550024784590589,0.625810848314649,0.04469480502796413,1.0
NP_057315,0.6545862850685239,0.6260973645696111,0.044667674155733625,1.0
NP_005156,0.6545833082932518,0.6260994140673559,0.044667480099745534,1.0
NP_001719,0.6543660730103273,0.6262489882338731,0.04465331831825232,1.0
NP_976316,0.65427365472323,0.6263126266034675,0.04464729335202161,1.0
NP_001004127,0.6541964106682172,0.626365818479396,0.04464225757148744,1.0
NP_112573,0.6541175096038784,0.6264201536065936,0.04463711371054511,1.0
NP_001003810,0.6539968930596403,0.6265032203467162,0.044629250151498476,1.0
NP_001001521,0.6538064671803296,0.6266343742590068,0.04461683513049252,1.0
NP_006532,0.6536292488641697,0.626756443212119,0.04460528090096409,1.0
NP_056390,0.6529025456917931,0.6272571173308532,0.044557898590798846,1.0
NP_002340,0.6521015520977482,0.6278091924880016,0.04450566697064603,1.0
NP_002418,0.6519110817385356,0.627940505364297,0.04449324583678694,1.0
NP_996895,0.6518597729125165,0.6279758805688181,0.04448989978170798,1.0
NP_006600,0.651833510888096,0.6279939874533214,0.044488187120315326,1.0
NP_036439,0.6517672440830855,0.6280396775289869,0.04448386554504494,1.0
NP_003127,0.6517221641897439,0.6280707604006311,0.04448092564726742,1.0
NP_055851,0.6516607208397954,0.6281131271370031,0.04447691857298507,1.0
NP_005800,0.6515587724849286,0.6281834260398584,0.04447026986019611,1.0
NP_000918,0.6514223672839021,0.6282774905491642,0.04446137384848759,1.0
NP_037517,0.6513907311054896,0.6282993076773564,0.044459310591079985,1.0
NP_002937,0.6511528002375037,0.6284634022971383,0.04444379286160665,1.0
NP_001018238,0.6509895244923372,0.6285760208202982,0.044433143809437976,1.0
NP_055209,0.6506580980477495,0.6288046492573551,0.04441152702447214,1.0
NP_001374,0.6505420148594242,0.6288847362651946,0.044403955444078914,1.0
NP_002902,0.6505137488883701,0.6289042379734253,0.04440211176469692,1.0
NP_821077,0.6503626328614893,0.6290085031184485,0.044392254933177826,1.0
NP_006087,0.6503569372072319,0.6290124330919087,0.04439188341927239,1.0
NP_694967,0.6503006804542923,0.6290512505884203,0.044388213910304994,1.0
NP_059982,0.6498606170493052,0.6293549353846646,0.04435950853300313,1.0
NP_005266,0.6494103177050514,0.6296657543568032,0.0443301336791819,1.0
NP_036540,0.6493198501979428,0.6297282081056135,0.04432423189866859,1.0
NP_942596,0.648833427699782,0.630064056378731,0.04429249816390769,1.0
NP_619527,0.6487925424903895,0.6300922891656079,0.04428983075625503,1.0
NP_689932,0.6487012189225532,0.6301553536627569,0.04428387262650897,1.0
NP_055244,0.6486625522644203,0.6301820562290237,0.0442813499150575,1.0
NP_004431,0.6483470153146492,0.6303999804563438,0.04426076298143478,1.0
NP_001248363,0.6480891743657412,0.6305780830083135,0.04424393971466953,1.0
NP_061326,0.6480372002353146,0.6306139867301949,0.04424054850331105,1.0
NP_001129737,0.6480061411525747,0.6306354427899157,0.0442385219468229,1.0
NP_477352,0.6479345962240814,0.6306848683324777,0.04423385371962986,1.0
NP_001121903,0.6477871136502105,0.6307867596789849,0.04422423050144827,1.0
NP_001026909,0.647650718798976,0.6308809975923662,0.04421533058320222,1.0
NP_068572,0.6474241835244152,0.6310375296312254,0.04420054853416789,1.0
NP_001107047,0.6473064112319517,0.6311189153472087,0.0441928633878772,1.0
NP_000336,0.6471865016865048,0.6312017829531784,0.04418503864970836,1.0
NP_057038,0.6470251726421712,0.6313132828113233,0.04417451086591219,1.0
NP_001903,0.646499356233719,0.6316767547200421,0.044140196268711906,1.0
NP_112574,0.6464641924011454,0.6317010652290549,0.04413790140125039,1.0
NP_612114,0.6460625384505865,0.6319787790065569,0.044111687817423015,1.0
NP_060590,0.64586985825726,0.6321120228246284,0.044099112207604534,1.0
NP_075422,0.6458698234841891,0.6321120468723523,0.04409910993804938,1.0
NP_955392,0.6457643629383815,0.6321849812692106,0.04409222673092508,1.0
NP_060518,0.6456730130171423,0.6322481601487651,0.04408626441702372,1.0
NP_001185594,0.6454281757581638,0.6324175072300555,0.04407028377814918,1.0
NP_665861,0.6453378360259998,0.6324799979225166,0.04406438712793203,1.0
NP_689585,0.6452387274597978,0.6325485575191174,0.04405791803516155,1.0
NP_775891,0.6450927669863522,0.6326495336805553,0.04404839062819392,1.0
NP_660286,0.6450312531868577,0.6326920914246783,0.04404437532671667,1.0
NP_001071641,0.644528104885224,0.6330402387795993,0.044011531151366905,1.0
NP_001889,0.6444937042753799,0.633064045045879,0.044009285489140806,1.0
NP_001645,0.6444786744486496,0.6330744462699754,0.04400830434292763,1.0
NP_001191747,0.6442139065644933,0.6332576886670145,0.0439910199806433,1.0
NP_001116539,0.6438733428617568,0.6334934237654979,0.04396878665818405,1.0
NP_001494,0.6438491871149752,0.6335101456655208,0.04396720963785214,1.0
NP_059980,0.642934701933919,0.6341433482569272,0.043907503176190875,1.0
NP_078846,0.6428598445028924,0.6341951932788401,0.04390261542687848,1.0
NP_004936,0.6426622178138728,0.6343320754600056,0.043889711328041627,1.0
NP_077002,0.6426534845674681,0.6343381246764483,0.04388914107984517,1.0
NP_001243125,0.6424726639350823,0.6344633786958687,0.04387733401869444,1.0
NP_056099,0.6424409273134072,0.6344853637283866,0.0438752616795622,1.0
NP_000480,0.6418949191280136,0.6348636558371317,0.04383960700943488,1.0
NP_001026881,0.641874162725658,0.6348780385459669,0.04383825155113682,1.0
NP_004590,0.6418003406927885,0.6349291931457195,0.043833430709274486,1.0
NP_001257820,0.641607851571395,0.6350625862129129,0.043820860254943576,1.0
NP_705899,0.6413866782137218,0.6352158727190882,0.0438064161756004,1.0
NP_006420,0.6413407809736461,0.6352476843622386,0.04380341872836301,1.0
NP_055153,0.6413356771933384,0.6352512218661378,0.0438030854105982,1.0
NP_065778,0.6411294656489673,0.6353941574618713,0.04378961794943388,1.0
NP_060586,0.6410979598796073,0.6354159969660109,0.04378756030704674,1.0
NP_733752,0.6410866558433288,0.635423832900105,0.04378682203806692,1.0
NP_003152,0.64098402131556,0.6354949809206267,0.04378011890337168,1.0
NP_000447,0.6409485221093866,0.6355195904122509,0.043777800402855484,1.0
NP_115753,0.6406835173607298,0.6357033159577877,0.04376049223391898,1.0
NP_060060,0.6403270736975456,0.6359504728160248,0.04373721095671026,1.0
NP_115927,0.6401949783325676,0.636042078215699,0.04372858280098412,1.0
NP_036432,0.6400791883634364,0.6361223810094085,0.043721019546957014,1.0
NP_006694,0.6400790149162099,0.6361225013021261,0.04372100821751428,1.0
NP_067640,0.6399244815373869,0.6362296805316103,0.04371091410644943,1.0
NP_001259,0.6397957329921092,0.6363189824089526,0.043702504096438395,1.0
NP_000745,0.6397717469796124,0.6363356200765009,0.04370093728487305,1.0
NP_055490,0.6397248562263853,0.6363681459581543,0.04369787427762383,1.0
NP_003816,0.6396534004450615,0.6364177128550479,0.04369320659091661,1.0
NP_115604,0.6392677955833139,0.6366852259585503,0.04366801704223087,1.0
NP_065773,0.6390490708906127,0.6368369883058851,0.043653728312267624,1.0
NP_005501,0.6388100120186015,0.6370028779387205,0.04363811071351648,1.0
NP_036530,0.6386276028263904,0.637129469685954,0.04362619366743679,1.0
NP_078848,0.6383223096861294,0.6373413677144553,0.04360624777770835,1.0
NP_006712,0.6383135854974252,0.6373474234633387,0.043605677783117046,1.0
NP_079007,0.638111557791816,0.637487664730219,0.04359247811936174,1.0
NP_054775,0.6380670257644333,0.6375185792989121,0.043589568529873036,1.0
NP_002429,0.6379417426304772,0.6376055556357315,0.04358138280961879,1.0
NP_001186127,0.6379222552005048,0.6376190850259833,0.04358010953186108,1.0
NP_001160072,0.6377456381244592,0.6377417094166264,0.04356856949771223,1.0
NP_055098,0.6376340203440469,0.6378192104854359,0.04356127632770666,1.0
NP_775858,0.6371845788731747,0.6381313193109419,0.043531908437696804,1.0
NP_005491,0.637133619772899,0.638166711454437,0.0435285784992912,1.0
NP_112242,0.6370959084290454,0.6381929033160099,0.0435261142247597,1.0
NP_001258074,0.6368011258651437,0.6383976565590795,0.04350685101130688,1.0
NP_001257935,0.6365843822019734,0.6385482231612012,0.043492686926060266,1.0
NP_006224,0.6365221858776684,0.6385914323354698,0.043488622351273376,1.0
NP_116246,0.6364979203583151,0.6386082904820359,0.04348703657266213,1.0
NP_079058,0.6363845688681248,0.6386870425138822,0.043479628857370084,1.0
NP_954655,0.6360810110104183,0.6388979632612555,0.04345979026297461,1.0
NP_001253975,0.6360021803408246,0.6389527420858814,0.04345463826147192,1.0
NP_001103089,0.6359375519929092,0.6389976533646473,0.04345041441546167,1.0
NP_001996,0.6355826077347247,0.6392443345264471,0.04342721603708672,1.0
NP_612505,0.6354287580802759,0.6393512707912754,0.04341716041147433,1.0
NP_001736,0.6354250141492004,0.6393538731827411,0.04341691570520747,1.0
NP_006310,0.6353430807251109,0.6394108259383875,0.043411560441098486,1.0
NP_001275,0.6353140834401475,0.6394309827778941,0.04340966513038522,1.0
NP_008924,0.6350139395905454,0.639639637655941,0.04339004678859304,1.0
NP_689677,0.6348954266126496,0.6397220340507025,0.043382300187682334,1.0
NP_001106795,0.6346012770538005,0.6399265621758128,0.04336307255933363,1.0
NP_060561,0.63452033772603,0.6399828459304284,0.04335778167531141,1.0
NP_001244326,0.6344433157920374,0.64003640760474,0.04335274681117589,1.0
NP_001094348,0.6343883457668275,0.640074635399066,0.04334915343081843,1.0
NP_001177371,0.6343321165310369,0.6401137399157508,0.04334547770816893,1.0
NP_005185,0.6343149995790827,0.640125644074648,0.04334435876208263,1.0
NP_060250,0.634189922329569,0.6402126332518214,0.043336182302915915,1.0
NP_056350,0.6336558231594913,0.6405841483679785,0.04330126598690782,1.0
NP_115806,0.6336250157875608,0.6406055805887803,0.043299251901287056,1.0
NP_848597,0.6336125301230783,0.6406142667646693,0.043298435626800705,1.0
NP_000230,0.6336036421197689,0.6406204501079311,0.04329785455552952,1.0
NP_612144,0.6335434803428887,0.6406623050627266,0.043293921338595914,1.0
NP_003256,0.6335372462116747,0.6406666422578647,0.04329351376583164,1.0
NP_006339,0.6334525650190813,0.6407255577214259,0.043287977475208704,1.0
NP_001247425,0.6334028116983303,0.6407601738240297,0.043284724670598955,1.0
NP_061871,0.6331458385784557,0.6409389769784457,0.04326792376450223,1.0
NP_065842,0.6327797537384285,0.6411937379516524,0.04324398811352053,1.0
NP_001640,0.6326943824728909,0.641253154710412,0.0432384061291361,1.0
NP_690000,0.6326922300573959,0.6412546527809911,0.043238265393005834,1.0
NP_002033,0.6325996987875824,0.6413190555205596,0.04323221517773073,1.0
NP_060328,0.6325726894517977,0.641337854830619,0.043230449140895154,1.0
NP_115569,0.632369786035801,0.6414790893291027,0.04321718185657765,1.0
NP_002547,0.6320784595661771,0.6416818957469876,0.043198132193785224,1.0
NP_055093,0.6319265557371228,0.6417876543104706,0.04318819899279407,1.0
NP_071894,0.631835448038648,0.6418510889663385,0.043182241235725734,1.0
NP_001994,0.6318272397763978,0.6418568041846238,0.04318170447357284,1.0
NP_078944,0.6308972022419432,0.6425045091116095,0.04312088271287073,1.0
NP_071374,0.6307724890145731,0.6425913843443444,0.04311272624109113,1.0
NP_001005360,0.6305744523156341,0.6427293470600648,0.04309977399526034,1.0
NP_001156685,0.630361326723702,0.6428778356702621,0.04308583449489312,1.0
NP_060480,0.6302318966037055,0.6429680192403049,0.043077368906914534,1.0
NP_001190181,0.6302239179930826,0.6429735787076425,0.04307684704797973,1.0
NP_005672,0.6302097017129829,0.642983484611743,0.04307591719886249,1.0
NP_001037,0.630182922590954,0.6430021444815952,0.043074165642718494,1.0
NP_061720,0.630147765188079,0.6430266427449115,0.04307186607420969,1.0
NP_002378,0.6298496148560913,0.6432344149032583,0.043052364271502934,1.0
NP_005906,0.6298428104057437,0.6432391570585628,0.04305191918793252,1.0
NP_057604,0.6295246127807276,0.6434609319162279,0.04303110520971808,1.0
NP_004679,0.6291871798289073,0.6436961488907247,0.0430090320189796,1.0
NP_036580,0.6290182886580787,0.6438138929088506,0.04299798361355244,1.0
NP_612467,0.6290005272183425,0.6438262759911639,0.042996821693186776,1.0
NP_001035905,0.6288644396195491,0.6439211581459273,0.042987919001859595,1.0
NP_058519,0.6288534363727292,0.643928830021608,0.04298719917510197,1.0
NP_076426,0.6287287291637192,0.6440157832739357,0.04297904081783198,1.0
NP_872634,0.6287167815079587,0.6440241141492028,0.04297825919377387,1.0
NP_112200,0.6286244209202717,0.6440885169925162,0.04297221685596636,1.0
NP_114437,0.6284342439905797,0.6442211355814479,0.042959775018214456,1.0
NP_005255,0.6284223226200211,0.6442294492543206,0.04295899508235333,1.0
NP_114147,0.6282031306518412,0.6443823164974962,0.04294465458546364,1.0
NP_659496,0.6280842528946465,0.6444652297784287,0.04293687690309545,1.0
NP_001128690,0.6278443400970914,0.6446325747409098,0.04292118001119802,1.0
NP_005995,0.6278124207471987,0.6446548406441772,0.042919091569478145,1.0
NP_001116293,0.6274634319574196,0.6448983051324668,0.04289625709038286,1.0
NP_065949,0.6271679375118828,0.6451044808247746,0.042876921916202855,1.0
NP_005006,0.6271625262508586,0.6451082566898484,0.042876567832299116,1.0
NP_008882,0.6270832892187586,0.6451635477062264,0.04287138295581904,1.0
NP_068779,0.6263052279948829,0.6457065791638801,0.04282046752286618,1.0
NP_001244210,0.6259886207610784,0.6459276035317192,0.042799747558432355,1.0
NP_000176,0.6258910986035746,0.6459956904122792,0.042793365162094775,1.0
NP_036365,0.6258770155638672,0.646005522993232,0.042792443482045625,1.0
NP_055616,0.6258355430135898,0.6460344789112746,0.04278972925499196,1.0
NP_002788,0.625813911885212,0.6460495818681715,0.04278831357047852,1.0
NP_036370,0.6257762775562303,0.6460758586888884,0.042785850520392965,1.0
NP_003232,0.6256560173265148,0.6461598290855937,0.04277797977645045,1.0
NP_060702,0.6255740539010158,0.6462170617763233,0.04277261539243031,1.0
NP_004917,0.6254492394358483,0.6463042201880737,0.042764446356245676,1.0
NP_005530,0.6253710483043825,0.6463588238574292,0.04275932871986085,1.0
NP_057661,0.6253189600755641,0.646395200005863,0.042755919497042806,1.0
NP_004772,0.6252287014572439,0.6464582347183652,0.04275001192938244,1.0
NP_001129508,0.6250312186953004,0.6465961614719553,0.04273708611960552,1.0
NP_005019,0.6249553414515626,0.6466491592505333,0.04273211964485456,1.0
NP_001078846,0.6247968551914758,0.6467598625829852,0.04272174590717044,1.0
NP_001020423,0.624752119107434,0.6467911123612304,0.042718817660587036,1.0
NP_001265360,0.6247130943193342,0.6468183731065285,0.04271626323814798,1.0
NP_003244,0.6244594789832312,0.6469955476431308,0.04269966215713067,1.0
NP_663729,0.6243941733097522,0.6470411731685258,0.04269538730358507,1.0
NP_001032417,0.6242251822923794,0.6471592442299718,0.042684325118859445,1.0
NP_057313,0.6239318994072686,0.6473641771220205,0.042665126157525254,1.0
NP_443137,0.6237077292035614,0.6475208353675226,0.04265045094945493,1.0
NP_055062,0.62358158282669,0.6476089979391991,0.04264219263213857,1.0
NP_009125,0.623377692589758,0.6477515055273286,0.04262884442256102,1.0
NP_001122089,0.6232030893880334,0.6478735534891744,0.04261741326975672,1.0
NP_001167555,0.6231767968291303,0.6478919328619048,0.04261569189016841,1.0
NP_987102,0.6230655396567246,0.6479697077138078,0.042608407790214346,1.0
NP_000027,0.6229235153928041,0.6480689960612465,0.04259910918203768,1.0
NP_689940,0.6228569528767341,0.6481155317000492,0.04259475114089795,1.0
NP_057541,0.6228449986163634,0.648123889390213,0.042593968456569015,1.0
NP_115948,0.6225159852666886,0.6483539329517618,0.04257242637955885,1.0
NP_005568,0.6224167885062023,0.6484232971659317,0.042565931303192424,1.0
NP_878918,0.6220872214766154,0.6486537718103913,0.0425443517094404,1.0
NP_000231,0.6220833138342858,0.6486565047270373,0.04254409583658426,1.0
NP_005772,0.6220513888693135,0.6486788325030197,0.04254200538118991,1.0
NP_803237,0.6220341035274074,0.6486909217084302,0.042540873528488655,1.0
NP_001120707,0.622032583542489,0.6486919847760129,0.04254077399899958,1.0
NP_004290,0.6219975460493471,0.648716489970105,0.04253847971800553,1.0
NP_006830,0.6217865309723359,0.6488640818015199,0.04252466206200234,1.0
NP_001243528,0.6217150799807797,0.6489140604263873,0.04251998322905339,1.0
NP_000705,0.621468163284622,0.6490867861957816,0.042503814004476385,1.0
NP_001139267,0.6213439523939339,0.6491736826465213,0.04249567990582711,1.0
NP_056340,0.620978419526044,0.6494294327517365,0.042471741747237585,1.0
NP_065695,0.6209370680084331,0.6494583675107665,0.042469033627610925,1.0
NP_006272,0.620609249840616,0.6496877692997245,0.04244756420443845,1.0
NP_002219,0.6203918783553295,0.6498399005811953,0.04243332760962342,1.0
NP_001026850,0.6203476587457885,0.6498708502394683,0.04243043142511739,1.0
NP_076971,0.6201926590139591,0.6499793405442423,0.04242027950511203,1.0
NP_006215,0.6201613395681578,0.6500012631330911,0.042418228168915384,1.0
NP_071766,0.6201546813114124,0.650005923734182,0.04241779207056826,1.0
NP_002204,0.6199247883588804,0.6501668509942186,0.04240273444173227,1.0
NP_001006934,0.6198904415545442,0.6501908954796568,0.042400484739106604,1.0
NP_443075,0.6198754550291706,0.6502013869125165,0.04239950312408006,1.0
NP_001171925,0.6198475502860902,0.6502209220272905,0.04239767536248765,1.0
NP_056325,0.6196157365844598,0.6503832157690437,0.04238249128764168,1.0
NP_055736,0.6193779706032205,0.650549693851072,0.04236691683111766,1.0
NP_000193,0.6192396328638298,0.650646562615875,0.042357855019476434,1.0
NP_079218,0.6192159782135057,0.6506631269889125,0.042356305504775406,1.0
NP_001186795,0.6191127406732694,0.6507354219722438,0.042349542797544396,1.0
NP_055523,0.6189886866431932,0.650822298599729,0.042341416353153034,1.0
NP_066285,0.6186561373863317,0.6510552103122178,0.042319631269262595,1.0
NP_003724,0.6185003543585788,0.6511643296473134,0.04230942568429529,1.0
NP_060738,0.6181062428780988,0.6514404208836622,0.042283605865789796,1.0
NP_056453,0.6178627223474937,0.6516110406258542,0.04226765116646758,1.0
NP_001073899,0.6176851366281839,0.6517354752989817,0.04225601597344732,1.0
NP_958437,0.6175324531545203,0.6518424685749846,0.04224601211822552,1.0
NP_006080,0.6175136624910164,0.6518556366622212,0.04224478093532248,1.0
NP_006611,0.6174589270272107,0.6518939946921611,0.042241194595426496,1.0
NP_653284,0.6172495042929498,0.652040764300585,0.04222747269324981,1.0
NP_002661,0.6171029011236732,0.6521435160187139,0.04221786665237433,1.0
NP_057114,0.6170780251011134,0.6521609518541774,0.042216236654236836,1.0
NP_005038,0.6168663823133406,0.6523093018250739,0.04220236856374082,1.0
NP_061905,0.6164748806614126,0.6525837586678358,0.042176713995318416,1.0
NP_848642,0.6164740672091956,0.6525843289754902,0.0421766606894752,1.0
NP_942599,0.6164612546927358,0.652593311798912,0.04217582107945698,1.0
NP_005490,0.6162597036183072,0.6527346252711107,0.04216261315237511,1.0
NP_001001344,0.6160671459761662,0.6528696446150498,0.04214999423738764,1.0
NP_005753,0.6160020295794693,0.6529153060570873,0.042145726877488174,1.0
NP_003192,0.6159853162570869,0.6529270261128945,0.04214463157485098,1.0
NP_620133,0.6157746600944745,0.6530747539153681,0.0421308260708019,1.0
NP_036386,0.6156574665697787,0.6531569445253722,0.04212314553607766,1.0
NP_004313,0.6155400821619458,0.6532392731420571,0.04211545236793564,1.0
NP_000693,0.6154313885417125,0.6533155100847567,0.04210832866857434,1.0
NP_065076,0.6154170038653209,0.6533255996614975,0.04210738589959918,1.0
NP_001171580,0.6152126828400654,0.6534689194690155,0.042093994537787005,1.0
NP_068579,0.6151248137065666,0.6535305586148785,0.04208823541005147,1.0
NP_001020330,0.6148084939026176,0.6537524723126862,0.0420675025717319,1.0
NP_073593,0.6146132390826539,0.6538894679843836,0.04205470435844612,1.0
NP_995319,0.6144889619400216,0.6539766698715053,0.042046558284748306,1.0
NP_005598,0.6142925297291069,0.6541145104062754,0.04203368233388532,1.0
NP_000510,0.6142803113230945,0.6541230846940413,0.04203288141716788,1.0
NP_006582,0.6141915699471155,0.6541853604451003,0.04202706437830952,1.0
NP_055646,0.6138499046526983,0.6544251517054128,0.04200466739823732,1.0
NP_056106,0.6137934091543389,0.6544648053389209,0.04200096388182467,1.0
NP_742034,0.6137864413202418,0.6544696960587528,0.04200050710914805,1.0
NP_085133,0.6136999384791789,0.6545304135685452,0.04199483642491196,1.0
NP_722516,0.6136410116992528,0.6545717763429564,0.041990973447889525,1.0
NP_689764,0.6132160603865835,0.6548700951050923,0.041963114611634746,1.0
NP_683878,0.6132152538363927,0.6548706613598407,0.04196306173450815,1.0
NP_004139,0.6130870930659359,0.6549606416496836,0.041954659488538326,1.0
NP_000931,0.613008848800315,0.6550155784937252,0.041949529706241266,1.0
NP_003354,0.6129134701835124,0.6550825481554314,0.04194327650226039,1.0
NP_001180237,0.6123346912248209,0.655488992845502,0.041905328899463815,1.0
NP_001020424,0.6121403736227413,0.655625473601069,0.04189258780512079,1.0
NP_006274,0.61213063655385,0.6556323128137915,0.04189194935217304,1.0
NP_001184252,0.6119403668427376,0.6557659618215075,0.04187947332657789,1.0
NP_001171577,0.6117793291682081,0.6558790860247633,0.041868913797990855,1.0
NP_689829,0.6117709703828099,0.6558849580325035,0.04186836569111533,1.0
NP_078977,0.6117411511820388,0.6559059060492667,0.04186641036496538,1.0
NP_612431,0.611624120657787,0.6559881226289989,0.041858736277856926,1.0
NP_000303,0.6115132066098129,0.6560660459601106,0.04185146315531386,1.0
NP_057632,0.6115064568022931,0.6560707881945677,0.04185102053714728,1.0
NP_060092,0.6114542099301479,0.6561074959037128,0.04184759443824523,1.0
NP_002129,0.6113047180855353,0.6562125305998283,0.04183779134582529,1.0
NP_009200,0.6112509018738036,0.6562503440961287,0.04183426223934149,1.0
NP_612427,0.6110689844040397,0.6563781731192878,0.04182233244236265,1.0
NP_001106678,0.6110124568032476,0.6564178956766271,0.04181862541077674,1.0
NP_060293,0.6110080955468932,0.6564209604175818,0.04181833940213303,1.0
NP_689901,0.6109175076443321,0.656484619584222,0.041812398661802336,1.0
NP_071343,0.6108409788690398,0.6565384008003237,0.041807379859411915,1.0
NP_078870,0.6105166415792344,0.6567663504598522,0.041786109044344114,1.0
NP_002857,0.6104962256899,0.6567807001155557,0.041784770089906546,1.0
NP_783863,0.6100097926371295,0.6571226338280489,0.041752866787574,1.0
NP_055716,0.6100087254555293,0.6571233840694884,0.041752796792837624,1.0
NP_998768,0.6099606388598032,0.657157189865911,0.041749642859229906,1.0
NP_060530,0.6098141377190094,0.6572601871168559,0.04174003392312958,1.0
NP_001123917,0.6098057079959012,0.6572661138019709,0.04173948101596973,1.0
NP_006654,0.609598540198269,0.6574117737486274,0.041725892639757366,1.0
NP_001228,0.6095546883735286,0.6574426076222183,0.041723016298273616,1.0
NP_665698,0.6093424070134696,0.6575918785516274,0.041709092034213954,1.0
NP_653213,0.6092886403960245,0.6576296879634461,0.04170556523274413,1.0
NP_057600,0.6092575879268984,0.6576515248610559,0.041703528345642255,1.0
NP_057614,0.6091321044342454,0.6577397709373054,0.04169529716617171,1.0
NP_001265227,0.6091035506851512,0.6577598519551874,0.04169342414282398,1.0
NP_963925,0.6090854543404198,0.6577725787082028,0.041692237083838714,1.0
NP_001087194,0.6087817551961606,0.6579861776396034,0.041672315008718916,1.0
NP_001029288,0.6086528879951174,0.6580768211082795,0.041663861319840595,1.0
NP_006825,0.6082711789585363,0.658345338278951,0.04163882033040829,1.0
NP_060316,0.6080901444306553,0.658472703575457,0.04162694359210879,1.0
NP_689794,0.6079351524343042,0.6585817543680696,0.041616775135601296,1.0
NP_001104753,0.6078670892228458,0.6586296451351772,0.04161230968970877,1.0
NP_037374,0.6077301343811337,0.6587260135986805,0.041603324321467586,1.0
NP_060826,0.6076945255414463,0.6587510706906743,0.04160098806001843,1.0
NP_004522,0.6076892518548146,0.6587547816892568,0.041600642057583,1.0
NP_005820,0.6076315030780749,0.6587954189890248,0.04159685318937824,1.0
NP_057355,0.6074434294210422,0.6589277713811352,0.04158451356365225,1.0
NP_671728,0.607405583108018,0.6589544060560371,0.04158203040589364,1.0
NP_057078,0.6073601393184657,0.6589863880643254,0.04157904874842109,1.0
NP_057155,0.6073406648063944,0.6590000938368228,0.04157777098124823,1.0
NP_036458,0.6070820575333709,0.6591821067693413,0.04156080284496505,1.0
NP_079436,0.6069145243882451,0.6593000301397405,0.04154981008308896,1.0
NP_001028204,0.6068001631137544,0.6593805314579929,0.041542306072352125,1.0
NP_434700,0.6067943530992959,0.6593846213497279,0.04154192483517405,1.0
NP_009117,0.6067522436619516,0.6594142640839188,0.041539161720582245,1.0
NP_078980,0.6065862267937576,0.6595311357861853,0.04152826795908407,1.0
NP_001129971,0.60648650158287,0.6596013436092681,0.04152172403111088,1.0
NP_006816,0.6063965016271864,0.6596647071630196,0.04151581819373672,1.0
NP_002793,0.6063909167560937,0.6596686392108146,0.04151545170959769,1.0
NP_005971,0.6063123567960575,0.6597239505640384,0.04151029650642457,1.0
NP_000134,0.606068698400374,0.6598955131996393,0.041494306983969574,1.0
NP_612486,0.6060485463538259,0.6599097032402652,0.041492984528325186,1.0
NP_115607,0.6058922615322365,0.660019754939603,0.04148272838681578,1.0
NP_001009814,0.6051796963355233,0.6605216126470094,0.04143596374150499,1.0
NP_001092086,0.6050194106352136,0.6606345212385498,0.041425443789184245,1.0
NP_055389,0.6048954525104231,0.660721844907929,0.04141730794837345,1.0
NP_001245218,0.6044251663187751,0.6610531826461685,0.04138644003002059,1.0
NP_001127703,0.6042480714497279,0.6611779700873393,0.04137481563538968,1.0
NP_114128,0.6041722626002546,0.6612313904382688,0.041369839504528175,1.0
NP_114124,0.6037834788517251,0.661505380723932,0.0413443187326138,1.0
NP_001155313,0.6037668910544876,0.6615170717020061,0.04134322983642828,1.0
NP_001231630,0.6037150863365669,0.661553583847344,0.041339829130288275,1.0
NP_036323,0.6036621149966531,0.6615909190100938,0.04133635181662727,1.0
NP_001092688,0.603443478286937,0.6617450264558045,0.04132199910138755,1.0
NP_006026,0.603430674480292,0.6617540517135773,0.041321158564117104,1.0
NP_057218,0.6033932477569357,0.6617804336485817,0.04131870158667515,1.0
NP_940869,0.6028633116276082,0.6621540253581197,0.041283911159229664,1.0
NP_055873,0.6028111003880913,0.6621908372188121,0.041280483342831874,1.0
NP_036223,0.6025531354661826,0.6623727281505551,0.0412635468521407,1.0
NP_001186708,0.6024006139341558,0.6624802797203739,0.04125353288549849,1.0
NP_003795,0.601975858502725,0.6627798329112238,0.041225644004348534,1.0
NP_112235,0.6019674386422699,0.6627857714135834,0.04122509115102113,1.0
NP_073746,0.601892994397903,0.6628382775716304,0.04122020306742574,1.0
NP_079434,0.6018780917516809,0.6628487887192397,0.041219224538771505,1.0
NP_076962,0.6017623079003452,0.6629304555846732,0.041211621940644746,1.0
NP_079348,0.6017090826355772,0.6629679986856862,0.041208127023372364,1.0
NP_000916,0.6016654386357859,0.6629987841079836,0.0412052612192982,1.0
NP_071504,0.6014182226953065,0.6631731742054572,0.04118902790966627,1.0
NP_006416,0.6011784511475132,0.663342329048106,0.04117328290719345,1.0
NP_037525,0.601019642466968,0.6634543746704843,0.04116285418306721,1.0
NP_001615,0.6009458155112883,0.6635064647909952,0.04115800600210946,1.0
NP_149977,0.6008820871832744,0.6635514308260002,0.04115382095378553,1.0
NP_848537,0.6008575980106771,0.6635687104250927,0.04115221273663691,1.0
NP_003920,0.6007620682174154,0.6636361179778743,0.04114593919211515,1.0
NP_056003,0.600642307192342,0.6637206270756035,0.04113807424050538,1.0
NP_065392,0.6006216550006871,0.6637352006470808,0.04113671795577111,1.0
NP_001123584,0.6006046402552063,0.66374720748073,0.0411356005489858,1.0
NP_150286,0.6005389336403686,0.6637935755624895,0.04113128538404134,1.0
NP_001034782,0.600522032345749,0.6638055027211697,0.04113017541532848,1.0
NP_075067,0.6003373509327712,0.6639358365809593,0.041118046556261084,1.0
NP_001474,0.6001930118092749,0.6640377064922918,0.04110856694317757,1.0
NP_001034624,0.6001627905192625,0.6640590364305379,0.04110658210667236,1.0
NP_056093,0.5999633311369083,0.6641998195037087,0.04109348205398462,1.0
NP_001139322,0.599864981108072,0.6642692412544671,0.04108702250906327,1.0
NP_060357,0.5997996548689901,0.6643153541623331,0.041082731890020076,1.0
NP_003185,0.5997235592383661,0.6643690705100831,0.04107773389030199,1.0
NP_005345,0.599690902096174,0.6643921238621533,0.04107558893661731,1.0
NP_004209,0.5996508148848297,0.6644204226523494,0.04107295595545788,1.0
NP_036519,0.599639570103072,0.6644283607670682,0.04107221738069516,1.0
NP_001158101,0.5996007278353472,0.6644557812518128,0.04106966615135982,1.0
NP_001002009,0.5994832994517975,0.6645386816785204,0.0410619531633909,1.0
NP_078976,0.5993620147331529,0.6646243084986976,0.04105398675149626,1.0
NP_001159933,0.5988062437937249,0.6650167331900865,0.041017480045554444,1.0
NP_006609,0.5987495466284642,0.6650567712563731,0.04101375564503356,1.0
NP_071451,0.5986331647241626,0.6651389598726616,0.041006110501542535,1.0
NP_000845,0.5982573566227266,0.6654043797351037,0.04098142278272125,1.0
NP_001095871,0.5979428523314332,0.6656265323115675,0.04096076127849313,1.0
NP_001129674,0.5978910320364907,0.6656631385512233,0.0409573568349264,1.0
NP_001032622,0.5977346959237883,0.6657735799336879,0.040947085857828164,1.0
NP_002154,0.5974166643801567,0.6659982690676293,0.04092619112790973,1.0
NP_000840,0.5973635619769904,0.6660357885463131,0.04092270220171778,1.0
NP_777571,0.5972975000549149,0.6660824656271218,0.04091836177571003,1.0
NP_003249,0.5972782291769407,0.6660960819876951,0.040917095625615026,1.0
NP_001165365,0.5970888588760047,0.6662298920159239,0.04090465329413509,1.0
NP_056461,0.596983765835186,0.6663041554589553,0.04089774815208398,1.0
NP_055512,0.596728162673667,0.6664847884637428,0.04088095332210153,1.0
NP_055293,0.5965107903079669,0.6666384178133703,0.040866670047203894,1.0
NP_066990,0.5964270798628565,0.6666975840967488,0.040861169421774715,1.0
NP_001949,0.5962829366444629,0.6667994684715174,0.04085169760223503,1.0
NP_001159,0.5961428580404342,0.666898485188087,0.04084249269402312,1.0
NP_065869,0.5960930686291073,0.6669336808624292,0.04083922086727921,1.0
NP_055955,0.5957081181851488,0.6672058210984165,0.0408139237481011,1.0
NP_569057,0.5956508387049094,0.6672463181313147,0.04081015949801676,1.0
NP_005555,0.5953139776908916,0.667484499121447,0.040788021319776775,1.0
NP_056045,0.5953085405714859,0.6674883437391399,0.040787663989196934,1.0
NP_659495,0.5947732334245849,0.6678669008304365,0.04075248199557155,1.0
NP_058518,0.5946530491980617,0.6679519028285557,0.04074458277243777,1.0
NP_001139280,0.5945997307173614,0.6679896143033298,0.040741078322682825,1.0
NP_057161,0.5945037984274716,0.6680574678688802,0.04073477294181993,1.0
NP_000243,0.5942668435630558,0.6682250780828468,0.040719198157265664,1.0
NP_001093640,0.5942586331144127,0.6682308860158924,0.04071865848437398,1.0
NP_002843,0.5942578820459592,0.6682314173099504,0.040718609116604854,1.0
NP_001136061,0.5942485487569781,0.6682380195447752,0.04071799563860322,1.0
NP_003141,0.5942411567894545,0.6682432485329339,0.040717509763294864,1.0
NP_115522,0.5939399044016337,0.6684563630691903,0.04069770797277965,1.0
NP_036588,0.5938519033943056,0.6685186220025868,0.04069192337467705,1.0
NP_067680,0.593792477481238,0.6685606657867071,0.04068801707283982,1.0
NP_005886,0.5936492034502826,0.6686620358612689,0.040678598969607266,1.0
NP_001091742,0.5931988305559842,0.6689807213919441,0.0406489925508254,1.0
NP_001073965,0.5931509345415839,0.669014615916474,0.0406458438758152,1.0
NP_057332,0.5930143965576964,0.6691112429095709,0.04063686778090073,1.0
NP_005477,0.5929340737952098,0.6691680890543891,0.0406315872323409,1.0
NP_037446,0.5923298392555176,0.6695957728040112,0.040591862011100016,1.0
NP_001026880,0.5922364065611777,0.6696619139686428,0.04058571901253515,1.0
NP_064572,0.5922078404000597,0.6696821364563542,0.0405838408332199,1.0
NP_690870,0.592039213190005,0.6698015149448217,0.04057275371456311,1.0
NP_689588,0.5919606801901863,0.6698571143698807,0.04056759013843991,1.0
NP_004536,0.5917901995937774,0.6699778159316784,0.04055638077980676,1.0
NP_060573,0.5913586451692976,0.6702833934116996,0.040528004248944705,1.0
NP_055323,0.5908077815583215,0.670673521928401,0.04049178019499768,1.0
NP_001180386,0.5906860955540233,0.6707597120282688,0.04048377791733954,1.0
NP_061747,0.5906428518566502,0.6707903424221358,0.040480934106442865,1.0
NP_001361,0.5906402817407452,0.6707921629028527,0.04048076508882847,1.0
NP_006139,0.5905433644078195,0.6708608132391614,0.040474391505417935,1.0
NP_002254,0.590514359096931,0.6708813593043059,0.04047248401004833,1.0
NP_620148,0.5900550502026893,0.6712067419670066,0.04044227716567061,1.0
NP_115675,0.5897093431852136,0.6714516826635382,0.0404195401919137,1.0
NP_055886,0.5896953042895432,0.6714616301620765,0.0404186168381574,1.0
NP_115685,0.5896150967130883,0.6715184635710998,0.040413341462717786,1.0
NP_055883,0.5895601118899086,0.6715574256141428,0.04040972499297224,1.0
NP_064708,0.5895058097504215,0.6715959046671598,0.04040615339804343,1.0
NP_115866,0.5894277660497372,0.671651208551092,0.04040102021145495,1.0
NP_001098065,0.5894012798528215,0.6716699777418196,0.04039927811614536,1.0
NP_002605,0.5893749523619595,0.6716886346442041,0.04039754645325239,1.0
NP_055051,0.5892610404848888,0.6717693600105479,0.04039005394788002,1.0
NP_036392,0.5892368726404738,0.6717864873421896,0.04038846430312494,1.0
NP_542398,0.5890986599020825,0.6718844391654717,0.04037937323168644,1.0
NP_821133,0.5890528008095687,0.6719169407290786,0.040376356769157844,1.0
NP_060557,0.5889983381071079,0.6719555405953136,0.04037277436440708,1.0
NP_054749,0.5888980544235786,0.6720266175704017,0.04036617791328081,1.0
NP_008879,0.5888285865550915,0.6720758550529338,0.040361608408899234,1.0
NP_653251,0.5887972809051297,0.6720980442929468,0.04035954915048344,1.0
NP_004938,0.5887621891523808,0.6721229173934735,0.04035724083501484,1.0
NP_277055,0.5887465111199985,0.6721340301133584,0.040356209539403345,1.0
NP_004995,0.5887136863158177,0.6721572968097659,0.040354050327824985,1.0
NP_775933,0.5885765911058591,0.6722544748322845,0.04034503211675181,1.0
NP_722560,0.5884376629555436,0.6723529569663255,0.04033589316077107,1.0
NP_001089,0.5883444906104967,0.6724190068746145,0.040329764010520394,1.0
NP_003351,0.5882984770402421,0.6724516267207633,0.04032673707397297,1.0
NP_612410,0.5882239141347688,0.6725044868396777,0.040321832019923204,1.0
NP_003698,0.5881553798758058,0.6725530742900017,0.04031732351076816,1.0
NP_001092286,0.5880965318362741,0.6725947956293216,0.04031345217334171,1.0
NP_056263,0.58792062097903,0.6727195158967154,0.04030187963413621,1.0
NP_006638,0.5878139261741656,0.6727951659933062,0.04029486043275349,1.0
NP_001136271,0.5878073759916915,0.6727998103797763,0.04029442950824074,1.0
NP_009017,0.5877517627386678,0.6728392432189025,0.040290770798551416,1.0
NP_115810,0.5877347022038588,0.6728513402276188,0.040289648406826715,1.0
NP_001153705,0.587694095967255,0.6728801329373654,0.04028697696161056,1.0
NP_000782,0.5875388919189456,0.6729901874695307,0.040276766099621115,1.0
NP_001073312,0.5875098921831066,0.6730107517308733,0.04027485818521574,1.0
NP_997657,0.587483717417125,0.6730293129341433,0.04027313612118605,1.0
NP_002655,0.5868750456753267,0.6734609862859918,0.04023308925576363,1.0
NP_001978,0.5868564234077391,0.6734741947640603,0.04023186397214429,1.0
NP_001182555,0.5867481185112601,0.6735510154225612,0.040224737806135814,1.0
NP_001078926,0.5865239137302753,0.6737100531776654,0.04020998540839339,1.0
NP_079523,0.5864799047415277,0.6737412720528905,0.040207089618029386,1.0
NP_004805,0.5861968937446177,0.6739420445066067,0.040188467083973896,1.0
NP_006112,0.5855452410540971,0.6744044129051312,0.04014558464403212,1.0
NP_001121700,0.5855309613341415,0.6744145460020395,0.040144644914632766,1.0
NP_115515,0.5853762782477172,0.6745243146042649,0.04013446530829193,1.0
NP_004424,0.5851691686798413,0.6746712961623179,0.040120835206795706,1.0
NP_005527,0.5850454877712171,0.6747590751063535,0.04011269544971569,1.0
NP_001243359,0.5848978173268823,0.6748638848717566,0.04010297669909093,1.0
NP_859070,0.5845139517936967,0.6751363602964788,0.04007771213533032,1.0
NP_002768,0.5844944912166866,0.6751501747680811,0.04007643127903339,1.0
NP_057581,0.5844441960698554,0.6751858781937126,0.040073120937124826,1.0
NP_942568,0.5844153422170115,0.6752063611937502,0.04007122181479049,1.0
NP_055656,0.5842917873483061,0.6752940736071645,0.04006308951218131,1.0
NP_065768,0.5842802777961067,0.675302244504641,0.04006233195378498,1.0
NP_060479,0.5842570484579346,0.6753187356483816,0.0400608029957694,1.0
NP_004497,0.5841627636015094,0.6753856724100553,0.04005459710443139,1.0
NP_003926,0.5839820155774624,0.6755139990792443,0.040042699926103764,1.0
NP_874364,0.5839517838380819,0.6755354636543344,0.04004070998679634,1.0
NP_001035536,0.5838994272408146,0.6755726374368176,0.04003726370672626,1.0
NP_001243142,0.583846253001935,0.6756103924403603,0.04003376358152133,1.0
NP_001185879,0.5836776181646942,0.6757301318489113,0.04002266324357684,1.0
NP_003383,0.5832700300645155,0.6760195690166404,0.039995832818158085,1.0
NP_078929,0.5829271643634598,0.6762630767165139,0.03997326173225144,1.0
NP_005644,0.5826858402251953,0.6764344853849575,0.03995737456113205,1.0
NP_001229510,0.5825820317032652,0.6765082232558209,0.03995054033892642,1.0
NP_001139488,0.5825775870437714,0.6765113804703553,0.03995024772310321,1.0
NP_006567,0.5825099934116634,0.6765593954458025,0.039945797649021994,1.0
NP_078822,0.5825003996735869,0.6765662104243613,0.03994516603521749,1.0
NP_001673,0.5824423411921809,0.676607453145361,0.03994134367649169,1.0
NP_004577,0.5824207494572105,0.676622791369023,0.03993992214762352,1.0
NP_055680,0.5823177829936268,0.6766959376962912,0.039933143116161196,1.0
NP_006510,0.5821660143389524,0.67680375727173,0.03992315090683349,1.0
NP_009104,0.582120629145475,0.6768360009267897,0.03992016277673515,1.0
NP_006008,0.5821070848571198,0.676845623486412,0.03991927102644944,1.0
NP_277047,0.581952805296335,0.6769552347483594,0.039909113207729156,1.0
NP_001243000,0.5819019178149764,0.6769913901214006,0.039905762711519556,1.0
NP_009231,0.581784667840392,0.6770746981805773,0.0398980427357083,1.0
NP_478061,0.581753116622075,0.6770971164112658,0.03989596531838966,1.0
NP_057190,0.5814055860410379,0.6773440647223312,0.039873082372636606,1.0
NP_001491,0.5809853174113508,0.6776427379238112,0.039845408575892895,1.0
NP_954673,0.5809850067042139,0.6776429587503461,0.03984538811589765,1.0
NP_056127,0.5806379089751165,0.6778896632914733,0.039822531263718215,1.0
NP_000717,0.5805493827941158,0.6779525891050122,0.03981670152149393,1.0
NP_003077,0.5805473856545591,0.677954008725018,0.03981657000242291,1.0
NP_001229476,0.580308288956201,0.6781239718877308,0.03980082433481555,1.0
NP_001664,0.5801956480149976,0.6782040480114094,0.0397934062080976,1.0
NP_116291,0.5800913609672994,0.6782781880621493,0.03978653813653564,1.0
NP_002406,0.5799824170198155,0.6783556415654108,0.03977936326883207,1.0
NP_689996,0.5799289535287643,0.6783936523673915,0.03977584221275679,1.0
NP_689639,0.5797483213119523,0.6785220810022257,0.039763945751004844,1.0
NP_037387,0.5797472759900751,0.6785228242435155,0.039763876905109546,1.0
NP_075566,0.579004770494791,0.679050823214459,0.03971497229129038,1.0
NP_115622,0.5789934561740018,0.6790588698833006,0.03971422704280081,1.0
NP_005825,0.5789503402116805,0.6790895339415766,0.03971138708215631,1.0
NP_006820,0.5787801798699486,0.6792105561845115,0.03970017880296427,1.0
NP_001153865,0.5786900107300453,0.6792746894620894,0.03969423935237831,1.0
NP_003901,0.5786408389097712,0.6793096639828855,0.03969100036852566,1.0
NP_001186709,0.5785952040230742,0.6793421232903454,0.03968799434553246,1.0
NP_001008801,0.5785907183904081,0.6793453138698065,0.039687698870682686,1.0
NP_443188,0.5785508653366499,0.6793736611003857,0.03968507368673157,1.0
NP_000588,0.5785191575048775,0.6793962149507551,0.039682985031237655,1.0
NP_004542,0.5784154393317962,0.6794699915595859,0.03967615285343439,1.0
NP_149061,0.5783686736857948,0.6795032576313502,0.03967307225051594,1.0
NP_116129,0.5783366651890394,0.6795260267115034,0.039670963736900364,1.0
NP_062558,0.5778998995198312,0.6798367416457707,0.03964219150241705,1.0
NP_002380,0.5777600410307306,0.679936246325987,0.03963297786522488,1.0
NP_006285,0.5777047664550123,0.6799755736102677,0.03962933642231377,1.0
NP_803877,0.5776720386268105,0.6799988594537953,0.0396271803272936,1.0
NP_001257449,0.5775211491699778,0.6801062204941374,0.03961723967060483,1.0
NP_001018024,0.5771767368858594,0.6803512969196738,0.03959454888307559,1.0
NP_060843,0.5768235351202411,0.680602656283424,0.03957127790773404,1.0
NP_064647,0.5768230589832257,0.6806029951502756,0.03957124653631217,1.0
NP_001792,0.5766296461187097,0.6807406514695189,0.039558502899348036,1.0
NP_001816,0.5766115490885682,0.6807535319774188,0.03955731050023226,1.0
NP_955777,0.5756649349807352,0.6814273867405287,0.03949493471129223,1.0
NP_006398,0.5756072538294007,0.6814684541643838,0.039491133632060076,1.0
NP_940933,0.5754559592758902,0.6815761754167218,0.03948116346299736,1.0
NP_002291,0.5753981511443959,0.681617336006462,0.03947735390674171,1.0
NP_149022,0.5753920357505776,0.6816216903384055,0.039476950900480305,1.0
NP_004663,0.575333675035447,0.6816632452337305,0.03947310489507867,1.0
NP_002147,0.5753238251320468,0.681670258790259,0.03947245577762213,1.0
NP_001137150,0.5750676177667255,0.681852697260464,0.03945557117455353,1.0
NP_001036068,0.5750390874067653,0.681873013897574,0.03945369092722467,1.0
NP_000474,0.5750344463622697,0.6818763188301551,0.03945338506598113,1.0
NP_001015001,0.5750288791707274,0.6818802832874504,0.039453018168115264,1.0
NP_620150,0.5748950000312691,0.6819756221917342,0.03944419496881696,1.0
NP_463460,0.5748792402681376,0.6819868454070643,0.039443156323370074,1.0
NP_064693,0.5748752436216131,0.6819896916024947,0.03944289292446567,1.0
NP_003755,0.5746750229415855,0.6821322825778888,0.0394296971999036,1.0
NP_001968,0.574519228170563,0.6822432410815872,0.03941942915414288,1.0
NP_001120708,0.5742235159789553,0.6824538651946943,0.03939993889550174,1.0
NP_001512,0.5740201660344835,0.682598714786183,0.03938653573241704,1.0
NP_056342,0.5739622738038089,0.6826399541023088,0.03938271988225783,1.0
NP_001070667,0.5737397876648512,0.6827984483013019,0.039368054872947686,1.0
NP_653209,0.5737388195821223,0.6827991379663327,0.03936799106151218,1.0
NP_076991,0.5736837261976327,0.6828383870052552,0.03936435955216866,1.0
NP_116172,0.5735330499359705,0.6829457336559753,0.03935442750709584,1.0
NP_077283,0.573517495881923,0.6829568151582248,0.039353402227292326,1.0
NP_005181,0.5734663866714801,0.6829932283513958,0.039350033235466736,1.0
NP_000624,0.5731650481436548,0.6832079314568877,0.03933016927003547,1.0
NP_057019,0.5729486533568153,0.683362124846242,0.03931590421303237,1.0
NP_002856,0.5728260225163841,0.6834495108206506,0.039307820022781714,1.0
NP_620149,0.5726299730959838,0.6835892213824253,0.039294895578435365,1.0
NP_203748,0.5725189453685958,0.6836683467896648,0.039287575985657054,1.0
NP_001245297,0.5723580740252089,0.6837829987843327,0.039276970214272997,1.0
NP_653321,0.5721238970783971,0.6839499054895706,0.03926153120295001,1.0
NP_006763,0.5721134689836457,0.6839573382671275,0.03926084367935883,1.0
NP_056083,0.5719823666202901,0.6840507854550565,0.03925220002533884,1.0
NP_057569,0.5719658775705929,0.6840625387949576,0.039251112881822765,1.0
NP_653210,0.5718201721558203,0.6841663997443439,0.039241506236020386,1.0
NP_997625,0.5718048002573511,0.6841773573319161,0.03924049272518753,1.0
NP_057654,0.5715223783857317,0.6843786860805238,0.03922187150695276,1.0
NP_055224,0.5714287172240459,0.6844454577545991,0.03921569588770609,1.0
NP_001181,0.5714015980338046,0.6844647915689341,0.0392139077486483,1.0
NP_005318,0.5713116175138062,0.6845289416447282,0.03920797471842724,1.0
NP_001155855,0.5711975008005766,0.6846103017684853,0.039200450118749265,1.0
NP_000704,0.5711795076254426,0.6846231303605579,0.0391992636784504,1.0
NP_940890,0.5711575684682663,0.6846387724152292,0.03919781704263781,1.0
NP_003416,0.5710433568762145,0.6847202040492704,0.03919028602757771,1.0
NP_006450,0.5708519877692108,0.6848566545730566,0.0391776670470872,1.0
NP_000582,0.570425472304045,0.6851607986326927,0.0391495411982532,1.0
NP_277052,0.5702741327032786,0.6852687269871529,0.03913956096565725,1.0
NP_663615,0.5702656829565644,0.6852747531000757,0.03913900373303604,1.0
NP_001158162,0.5702272610627659,0.6853021546702871,0.03913646992910204,1.0
NP_116181,0.5700322535770154,0.6854412342705377,0.03912360958824025,1.0
NP_056183,0.5695926308038364,0.6857548041177717,0.039094616111611274,1.0
NP_001257817,0.5694300005580781,0.685870814043797,0.03908389007231348,1.0
NP_000093,0.5692220821212175,0.6860191379679952,0.03907017676803382,1.0
NP_444283,0.5690495018745924,0.6861422595749871,0.03905879390425388,1.0
NP_003711,0.5690174512826539,0.6861651257047318,0.03905667991581394,1.0
NP_003907,0.5687850604764568,0.686330928889062,0.039041351637447756,1.0
NP_114409,0.568691346949579,0.6863977936869137,0.03903517024325268,1.0
NP_001035864,0.5685861327269831,0.6864728665011375,0.03902823016227411,1.0
NP_665877,0.5685682076093611,0.6864856567294433,0.039027047785820855,1.0
NP_056998,0.5684903302678824,0.6865412258659918,0.03902191080751668,1.0
NP_002775,0.5684178982952316,0.6865929106424933,0.0390171329696512,1.0
NP_061897,0.5680880763385843,0.6868282735790565,0.03899537628834561,1.0
NP_001629,0.5680704375951964,0.686840861347211,0.03899421272217364,1.0
NP_060607,0.5679401441823053,0.6869338464023784,0.038985617634426616,1.0
NP_060654,0.5678734986518392,0.6869814099777116,0.03898122115793992,1.0
NP_057709,0.5677145049644714,0.6870948843947273,0.03897073249005548,1.0
NP_003738,0.5676436058216574,0.6871454871237057,0.038966055264751984,1.0
NP_005406,0.5674925090334292,0.6872533327492227,0.038956087238865705,1.0
NP_116191,0.5674711434875874,0.687268582840032,0.038954677712972584,1.0
NP_001193980,0.5670498996200329,0.6875692739257989,0.03892688660555927,1.0
NP_001493,0.5669067746455603,0.6876714475230432,0.03891744372472339,1.0
NP_065755,0.5666271668174648,0.6878710655236414,0.038898995651390884,1.0
NP_055250,0.5662357510779245,0.6881505331985756,0.03887316948278985,1.0
NP_115796,0.565981373212099,0.6883321741608606,0.03885638452435343,1.0
NP_005058,0.5659638896818656,0.6883446589410234,0.03885523086342257,1.0
NP_001171890,0.5655454323455877,0.6886434933670962,0.03882761788581467,1.0
NP_036525,0.5648363453452108,0.6891499593183807,0.038780823344144705,1.0
NP_061329,0.5648319703202913,0.6891530845067135,0.038780534610442875,1.0
NP_059107,0.5648071423854548,0.6891708197885693,0.03877889606528285,1.0
NP_001007,0.564784099559143,0.6891872800318963,0.03877737532520226,1.0
NP_006022,0.5646154538367889,0.6893077525159774,0.03876624519379611,1.0
NP_004208,0.5644668951686707,0.6894138806229105,0.03875644053651671,1.0
NP_001188474,0.5643588084432885,0.6894910990311445,0.03874930684323135,1.0
NP_001003787,0.5643357570826265,0.689507567501101,0.03874778544625288,1.0
NP_071375,0.5642940641191343,0.6895373542769903,0.03874503368545268,1.0
NP_005552,0.5641277970967201,0.6896561442649765,0.038734059804746805,1.0
NP_056950,0.563952206841718,0.6897816014238917,0.03872247030423444,1.0
NP_036331,0.5639380199354613,0.6897917380763898,0.038721533912292785,1.0
NP_065906,0.5638896907626951,0.6898262699475322,0.03871834398198912,1.0
NP_954855,0.5632489591730105,0.6902841267442078,0.03867605097956074,1.0
NP_003187,0.5632296586588854,0.6902979198885474,0.03867477694578584,1.0
NP_001188412,0.5631627651108145,0.690345726059375,0.038670361252844884,1.0
NP_071753,0.5628222601745689,0.6905890855381807,0.038647883639542704,1.0
NP_612366,0.5627558263317325,0.6906365686623256,0.03864349804685883,1.0
NP_059119,0.5625173682655871,0.6908070122467198,0.03862775604246944,1.0
NP_001093639,0.5625133403355582,0.6908098914043257,0.03862749013094441,1.0
NP_056449,0.5623927587017802,0.6908960844688419,0.038619529635040326,1.0
NP_001231509,0.562076569014384,0.691122114208661,0.0385986549617784,1.0
NP_002038,0.5618252862256059,0.6913017592627878,0.038582064760593615,1.0
NP_001161842,0.5618016610219596,0.6913186498530519,0.038580504947114624,1.0
NP_006380,0.5615522874496552,0.6914969436729224,0.038564040176791256,1.0
NP_060403,0.5611245685226243,0.6918027774098734,0.03853579892693384,1.0
NP_065795,0.561080416863239,0.6918343494388712,0.038532883604807895,1.0
NP_000684,0.5606179285674309,0.6921650894587187,0.038502344565165596,1.0
NP_003366,0.5602356996283665,0.6924384654171748,0.038477103749265947,1.0
NP_001555,0.5599803946643096,0.6926210794563422,0.03846024372872929,1.0
NP_005653,0.5598299188229126,0.6927287175246057,0.03845030621540199,1.0
NP_536856,0.5598074006269628,0.6927448255762793,0.03844881908278928,1.0
NP_000085,0.5597828046658719,0.6927624200395152,0.03844719472645446,1.0
NP_001165908,0.5594082125897473,0.6930303951983104,0.03842245539252194,1.0
NP_689597,0.5593654797415174,0.6930609671069907,0.038419633089082125,1.0
NP_060649,0.5592602736859416,0.6931362350786395,0.03841268465381686,1.0
NP_078857,0.5591140457166524,0.6932408550983059,0.0384030267199635,1.0
NP_003672,0.5590151656183094,0.6933116020478745,0.03839649586590486,1.0
NP_077024,0.5589949212806503,0.6933260867454596,0.03839515875258506,1.0
NP_000425,0.5589204356408023,0.6933793814427407,0.03839023903671753,1.0
NP_001138775,0.558625388339085,0.6935904992451458,0.03837075090801655,1.0
NP_060347,0.5585685557495028,0.6936311671073817,0.03836699697573713,1.0
NP_055427,0.5585457404088461,0.6936474933231762,0.03836548995814471,1.0
NP_938074,0.5582352592308775,0.6938696776360638,0.03834498133123103,1.0
NP_001005361,0.5581917453296609,0.6939008182277961,0.03834210697964818,1.0
NP_056516,0.5580717187280979,0.693986716792258,0.038334178420770616,1.0
NP_006793,0.5580700966820891,0.6939878776491104,0.03833407127290025,1.0
NP_005754,0.5580656752593783,0.6939910419508585,0.03833377920583087,1.0
NP_006428,0.5578769626896148,0.6941261023247824,0.03832131320517393,1.0
NP_056125,0.5578024471403564,0.6941794345082728,0.03831639075785972,1.0
NP_036593,0.5577592605485694,0.694210344453808,0.038313537857443035,1.0
NP_056513,0.5576214886093134,0.6943089543727313,0.038304436548623505,1.0
NP_852556,0.5573774710521895,0.6944836182387824,0.038288316158631756,1.0
NP_085139,0.5573095772102806,0.6945322175880257,0.038283830831128164,1.0
NP_006612,0.5573056664039556,0.6945350170239698,0.038283572466993813,1.0
NP_001729,0.5570393635050552,0.6947256489954653,0.038265979063130805,1.0
NP_078843,0.556961835032256,0.6947811500101292,0.03826085699365455,1.0
NP_115981,0.5567176810656628,0.6949559421930505,0.038244726130108334,1.0
NP_065928,0.5566804338664573,0.6949826088165132,0.038242265219433365,1.0
NP_002476,0.556527828978534,0.6950918669438639,0.03823218253123669,1.0
NP_003801,0.5563300354975285,0.6952334845899901,0.03821911389346384,1.0
NP_149101,0.5560710828850826,0.695418902558741,0.03820200380437183,1.0
NP_001138678,0.5560663534039888,0.6954222891288484,0.03820169130198769,1.0
NP_001137434,0.5560092823960663,0.6954631554593935,0.03819792029594952,1.0
NP_660294,0.5559615253464019,0.6954973528969233,0.038194764693373386,1.0
NP_006687,0.5559180859836601,0.6955284589362114,0.03819189436899695,1.0
NP_001003891,0.5559095723580276,0.6955345554109442,0.03819133181575347,1.0
NP_006020,0.555892401722931,0.6955468510767322,0.038190197232918006,1.0
NP_065070,0.5557344644460961,0.6956599504759093,0.038179761097149434,1.0
NP_149014,0.5555046543286691,0.6958245265957353,0.03816457536314052,1.0
NP_001077362,0.5554400223157203,0.695870813917111,0.03816030442667111,1.0
NP_955368,0.5554217436240821,0.6958839046562271,0.03815909654884316,1.0
NP_008961,0.5553528057991376,0.6959332767532759,0.0381545410275369,1.0
NP_055869,0.5552614251003627,0.6959987234208072,0.038148502378859486,1.0
NP_001073906,0.5552142526053894,0.6960325088731847,0.03814538508122653,1.0
NP_694881,0.5551778026309452,0.6960586150239174,0.03814297634554442,1.0
NP_001101,0.5550429041835897,0.6961552339554771,0.03813406170201342,1.0
NP_001159477,0.5545934148918678,0.6964771981047857,0.03810435641056262,1.0
NP_005638,0.5544848994573499,0.6965549321008035,0.03809718470201742,1.0
NP_077719,0.5544780154897485,0.6965598634386723,0.03809672974184578,1.0
NP_071348,0.5542663134006843,0.6967115207344985,0.03808273817900045,1.0
NP_006345,0.5542137275921574,0.6967491929777947,0.03807926267713577,1.0
NP_001812,0.554032528466718,0.6968790071351714,0.03806728667007356,1.0
NP_006301,0.5538926652336162,0.6969792116752156,0.03805804247524491,1.0
NP_061816,0.553821376131056,0.6970302878917829,0.038053330587068286,1.0
NP_001062,0.5535109669194298,0.6972526963729513,0.03803281339998141,1.0
NP_001243692,0.5533275097880873,0.6973841518457071,0.03802068698144377,1.0
NP_004614,0.5530919765550766,0.6975529312242801,0.03800511791213191,1.0
NP_001075,0.5528641206634611,0.697716218728651,0.037990055846014184,1.0
NP_060225,0.5528211520129258,0.6977470122443379,0.037987215416061135,1.0
NP_951032,0.5527185753657033,0.69782052522638,0.03798043454927554,1.0
NP_004604,0.5526662828923229,0.6978580020874314,0.03797697769940763,1.0
NP_004914,0.5526596138176593,0.6978627817015138,0.03797653683130969,1.0
NP_387506,0.5526145090317792,0.6978951077567863,0.03797355510852091,1.0
NP_001882,0.552268120368391,0.6981433725545434,0.03795065592527102,1.0
NP_001435,0.5522679198559721,0.698143516272706,0.03795064266940998,1.0
NP_001128323,0.552258399208194,0.6981503402473731,0.03795001325967681,1.0
NP_002960,0.5521742566938683,0.698210650547807,0.037944450564826995,1.0
NP_001073966,0.5519853927666012,0.698346025983727,0.03793196446176882,1.0
NP_000928,0.5519680889217283,0.6983584294954673,0.03793082046008171,1.0
NP_054859,0.5516647745110707,0.6985758559927719,0.03791076712249278,1.0
NP_066956,0.5516527621673931,0.6985844672039404,0.037909972920851055,1.0
NP_003234,0.5516465253070062,0.6985889381918873,0.03790956056743328,1.0
NP_932332,0.5514681415949564,0.6987168181965993,0.037897766481623976,1.0
NP_055919,0.5510546202745098,0.699013285795379,0.03787042483551022,1.0
NP_942600,0.5506708924072932,0.6992884205393937,0.037845051714738405,1.0
NP_055595,0.5506529806207883,0.6993012640122191,0.03784386730644821,1.0
NP_055111,0.550447106013061,0.6994488884591781,0.03783025373739789,1.0
NP_079517,0.5503722930728208,0.6995025356726543,0.037825306596096064,1.0
NP_848561,0.5501063124242239,0.6996932742728037,0.037807717731553094,1.0
NP_002070,0.5500672383729007,0.69972129588848,0.03780513377437926,1.0
NP_055620,0.5500132863217242,0.6997599875710867,0.03780156591601084,1.0
NP_001165081,0.5499552735192507,0.6998015919867902,0.03779772948994303,1.0
NP_001166599,0.5497125443072713,0.6999756738468803,0.03778167731034332,1.0
NP_612432,0.5495626844970366,0.7000831562467358,0.03777176650694879,1.0
NP_001073964,0.5495021040933212,0.7001266068104967,0.03776776003480736,1.0
NP_997397,0.5494607856676832,0.7001562423184182,0.03776502743035976,1.0
NP_009139,0.5493941733063263,0.7002040204442006,0.037760621972445826,1.0
NP_001171597,0.5493697209537384,0.7002215592375478,0.037759004787853184,1.0
NP_001612,0.5493639601570457,0.7002256912649785,0.037758623790116255,1.0
NP_002364,0.5493313638022651,0.700249071652,0.03775646798236816,1.0
NP_647537,0.5491189840960312,0.7004014097452033,0.03774242170239211,1.0
NP_612390,0.5489523385148326,0.7005209486111524,0.0377313998796748,1.0
NP_003193,0.5488740041606559,0.7005771413742,0.03772621881278853,1.0
NP_004428,0.5488321257088592,0.7006071831088989,0.03772344893161786,1.0
NP_061994,0.5488135271613098,0.7006205249747537,0.03772221880064136,1.0
NP_001020029,0.5487915725036385,0.7006362744585041,0.03772076668833599,1.0
NP_001243893,0.5486206532365475,0.70075888864281,0.0377094616948789,1.0
NP_071925,0.5485767010077293,0.7007904199347873,0.03770655455043456,1.0
NP_000092,0.5485143836152339,0.700835126947807,0.03770243264377423,1.0
NP_775782,0.5484799528916491,0.7008598281193696,0.0377001552511081,1.0
NP_001074012,0.5483923007768455,0.7009227121153958,0.03769435752344695,1.0
NP_000338,0.5483917801196175,0.7009230856528932,0.037694323084493414,1.0
NP_078969,0.548336371873748,0.7009628377093278,0.03769065808334244,1.0
NP_071902,0.5481037829517581,0.7011297118804911,0.03767527308913313,1.0
NP_056211,0.5478651956594641,0.7013008992501475,0.03765949081126534,1.0
NP_059122,0.547670459559161,0.7014406303810343,0.03764660885614791,1.0
NP_002278,0.546645654919579,0.7021760752528781,0.03757881149285485,1.0
NP_004526,0.5465782683576527,0.7022244409931725,0.037574353107259144,1.0
NP_002256,0.5465695774585632,0.7022306788168452,0.037573778102675835,1.0
NP_057487,0.5464861580694783,0.702290553061224,0.037568258899852734,1.0
NP_004432,0.5464155525849643,0.70234123103638,0.03756358744253418,1.0
NP_115733,0.5463972743235495,0.7023543506240124,0.03756237809399157,1.0
NP_071387,0.5463783249988413,0.7023679519395276,0.037561124342535265,1.0
NP_001026887,0.5462991932232495,0.7024247512457259,0.037555888681140036,1.0
NP_015564,0.5461351071041419,0.7025425325082659,0.03754503193342521,1.0
NP_005393,0.5460015102781389,0.7026384318131769,0.03753619232696603,1.0
NP_065143,0.5459388807036482,0.7026833899829659,0.03753204830441573,1.0
NP_945341,0.5457655728903754,0.702807801079903,0.037520580828522644,1.0
NP_060543,0.5456222404826685,0.702910697721665,0.03751109656650635,1.0
NP_004791,0.5456099585557114,0.7029195149295775,0.03751028386642418,1.0
NP_006730,0.5455279571170073,0.7029783844833757,0.037504857762834576,1.0
NP_001410,0.5452691062807472,0.7031642230339976,0.03748772898572884,1.0
NP_003915,0.5451058626295677,0.7032814273207778,0.03747692645057307,1.0
NP_057725,0.5449982888559143,0.7033586646084791,0.037469807698326196,1.0
NP_071933,0.5449103793574049,0.70342178447613,0.03746399016186163,1.0
NP_689942,0.544552584897063,0.7036786973522209,0.03744031187748752,1.0
NP_001297,0.5444458957034288,0.7037553091298384,0.03743325112607166,1.0
NP_055578,0.5442342720054325,0.7039072781325033,0.037419245443052876,1.0
NP_808821,0.5442088030316533,0.7039255681350707,0.0374175598275388,1.0
NP_079202,0.5441077578853274,0.7039981325938327,0.037410872288836716,1.0
NP_060343,0.5439653038143177,0.7041004372153743,0.03740144399764601,1.0
NP_689596,0.5434565289783096,0.7044658449051825,0.03736776933980276,1.0
NP_064560,0.5431740180178101,0.7046687652867942,0.03734906955970282,1.0
NP_115727,0.5427267575049363,0.7049900470281419,0.03731946329974575,1.0
NP_065761,0.542623690186644,0.7050640881242152,0.03731264053492674,1.0
NP_005602,0.542542812738456,0.7051221897241516,0.037307286608997875,1.0
NP_689929,0.542489677952415,0.7051603618180156,0.037303769159614586,1.0
NP_054828,0.5422465071110872,0.7053350617188603,0.03728767125807772,1.0
NP_110382,0.5421342235150997,0.7054157321487543,0.03728023790610121,1.0
NP_002097,0.5420919325291724,0.7054461167262598,0.03727743814605986,1.0
NP_002385,0.5419165983457377,0.7055720911252465,0.03726583044819448,1.0
NP_003183,0.5419084899392779,0.7055779169831806,0.03726529363832773,1.0
NP_001103973,0.5418341629458201,0.7056313211126459,0.037260372857673814,1.0
NP_065905,0.5416975160770527,0.7057295044785682,0.03725132609024231,1.0
NP_057227,0.5416410173626166,0.7057701007270762,0.03724758551774871,1.0
NP_071350,0.5412699741527965,0.706036720233738,0.03722301938653966,1.0
NP_075556,0.5407316212257026,0.7064236009181432,0.03718737373822199,1.0
NP_006651,0.5407061107995044,0.7064419347790558,0.03718568456575279,1.0
NP_036381,0.5405818077675869,0.706531270447136,0.03717745375764867,1.0
NP_001186600,0.5404992259090845,0.7065906227270242,0.03717198546704588,1.0
NP_002034,0.5404683148851602,0.7066128390099273,0.03716993862789684,1.0
NP_115728,0.5403730662970552,0.7066812967226747,0.03716363148546573,1.0
NP_115719,0.5402794642784272,0.70674857235266,0.03715743329457655,1.0
NP_001073917,0.5402596268260593,0.7067628305193588,0.037156119676797716,1.0
NP_057283,0.5401538280073265,0.7068388744222133,0.037149113716175346,1.0
NP_002732,0.5400492894183464,0.7069140141977159,0.037142191107383114,1.0
NP_998725,0.5400492894183464,0.7069140141977159,0.037142191107383114,1.0
NP_065119,0.5399297599885179,0.7069999310586361,0.0371342756740349,1.0
NP_060156,0.5398516335709642,0.7070560889160753,0.03712910194520175,1.0
NP_001161403,0.5396763859086506,0.7071820616204154,0.03711749639982953,1.0
NP_060875,0.5393975870282699,0.7073824792741659,0.037099032734995055,1.0
NP_001052,0.5393526330193918,0.7074147960568105,0.037096055555768184,1.0
NP_001036013,0.5391224940214108,0.7075802443907357,0.03708081380035842,1.0
NP_036452,0.5389115002446973,0.7077319360855658,0.037066839579814964,1.0
NP_003381,0.5386581334070304,0.7079141002227236,0.03705005843484952,1.0
NP_001136086,0.5383390187909178,0.7081435488849895,0.037028921811158105,1.0
NP_055760,0.5382780022344504,0.7081874225132181,0.03702488026104059,1.0
NP_001070914,0.5382594206965495,0.708200783577984,0.03702364947005194,1.0
NP_001186745,0.5380057461954684,0.7083831934644477,0.03700684644014961,1.0
NP_057622,0.5379957621657365,0.7083903728812447,0.037006185100551356,1.0
NP_443160,0.537918183396201,0.7084461595053355,0.037001046271574065,1.0
NP_001074324,0.5379110410127782,0.708451295613002,0.03700057315630024,1.0
NP_001155251,0.5378356520405289,0.7085055084887615,0.03699557932236208,1.0
NP_057160,0.5377574181211349,0.7085617680738763,0.03699039698178117,1.0
NP_036534,0.537418612090379,0.708805420656277,0.036967953281844865,1.0
NP_776195,0.5373713854864662,0.7088393850320833,0.0369648247428663,1.0
NP_060058,0.5373211340584902,0.7088755251545499,0.03696149580128883,1.0
NP_001036193,0.5371697423234413,0.7089844061903305,0.036951466609042055,1.0
NP_002267,0.5371532208980818,0.7089962886120844,0.03695037210764828,1.0
NP_005693,0.5365734110045756,0.7094133203906954,0.03691195963681338,1.0
NP_001107227,0.536385386404586,0.7095485686345628,0.03689950232787926,1.0
NP_001138904,0.5363027660000761,0.7096080000408851,0.036894028325721875,1.0
NP_001186744,0.5362893062992898,0.7096176821116569,0.036893136549428,1.0
NP_038472,0.536190079339548,0.709689060609298,0.03688656218809639,1.0
NP_008960,0.5360154497343083,0.7098146831021743,0.03687499174638713,1.0
NP_116250,0.535889945206084,0.7099049694016026,0.03686667601544545,1.0
NP_005078,0.5355547347720893,0.7101461263341786,0.03684446479988344,1.0
NP_005651,0.5355234792980718,0.7101686129443417,0.036842393743904765,1.0
NP_004220,0.5352298639340649,0.710379859932232,0.03682293771370749,1.0
NP_001073895,0.5352156135183304,0.7103901129657982,0.0368219934089288,1.0
NP_001193856,0.5348896962447366,0.7106246150149846,0.03680039597293484,1.0
NP_001248324,0.5347572596792697,0.7107199092325558,0.0367916195726732,1.0
NP_002282,0.5343416599431511,0.7110189682848808,0.0367640772760836,1.0
NP_000292,0.5343060986787891,0.7110445587273496,0.0367617205149793,1.0
NP_877439,0.5342808691658038,0.7110627143860415,0.03676004846578068,1.0
NP_848578,0.534147692188171,0.7111585526441189,0.03675122225951132,1.0
NP_001526,0.5340844057228135,0.711204096394451,0.03674702793885777,1.0
NP_004230,0.5340625593701382,0.7112198181281469,0.036745580059845476,1.0
NP_055617,0.5339513202287923,0.7112998724272647,0.03673820755719903,1.0
NP_001444,0.5339461514673208,0.7113035922167383,0.036737864988815476,1.0
NP_631902,0.5338858931209837,0.7113469584594727,0.03673387124730878,1.0
NP_940980,0.5338533309367809,0.7113703927585325,0.036731713110137135,1.0
NP_004441,0.5338360308519109,0.7113828433143835,0.036730566501418,1.0
NP_116193,0.5338205424042238,0.711393990102852,0.03672953996141181,1.0
NP_001028691,0.5337347389329892,0.7114557420875953,0.036723853057756696,1.0
NP_872302,0.533726162009667,0.7114619148775283,0.03672328459062324,1.0
NP_001162002,0.5332649699797134,0.7117938484263925,0.03669271640482983,1.0
NP_006288,0.5332252713263189,0.7118224220775562,0.036690085054854195,1.0
NP_954664,0.5331517071414903,0.7118753714764032,0.03668520895433185,1.0
NP_848595,0.5331319981289278,0.7118895575854701,0.03668390256123497,1.0
NP_932342,0.5330598937576202,0.7119414571579574,0.036679123161570765,1.0
NP_996994,0.5330039075783546,0.7119817555997974,0.03667541211493208,1.0
NP_057033,0.5329884008258405,0.711992917321771,0.036674384244024666,1.0
NP_005551,0.5329569848481884,0.7120155305642718,0.03667230181743745,1.0
NP_001245383,0.532776773050324,0.7121452497188533,0.03666035619829436,1.0
NP_001186190,0.5322867391065544,0.7124980056050559,0.036627872038484124,1.0
NP_115708,0.5321583291644744,0.7125904481186965,0.03661935943104129,1.0
NP_109591,0.532053762015487,0.7126657277938254,0.03661242730922123,1.0
NP_055683,0.531699163675068,0.7129210200106946,0.03658891900295856,1.0
NP_899243,0.5315330975178238,0.7130405846627369,0.036577909154583074,1.0
NP_690852,0.5314006337552574,0.7131359588013155,0.036569126896195875,1.0
NP_064551,0.5313524341275375,0.7131706631897584,0.03656593125355849,1.0
NP_055383,0.5312654821796131,0.713233270548526,0.03656016627258852,1.0
NP_000225,0.5312350495941373,0.7132551829291733,0.03655814855248485,1.0
NP_064619,0.5310527030784288,0.7133864804690377,0.036546058563666495,1.0
NP_001186032,0.5310366621875323,0.7133980308266606,0.036544995001587796,1.0
NP_005487,0.5306502801271148,0.7136762581121037,0.03651937593273853,1.0
NP_886552,0.5306299190742254,0.7136909203054436,0.03651802585500247,1.0
NP_114427,0.5306233533004855,0.7136956483947974,0.03651759049827404,1.0
NP_036460,0.5305508442542244,0.7137478633663235,0.036512782615121475,1.0
NP_996734,0.530485227974587,0.7137951153285483,0.03650843173174142,1.0
NP_001120689,0.5304787966255946,0.713799746737519,0.03650800527982516,1.0
NP_057671,0.5304245581291113,0.7138388057323131,0.03650440880148701,1.0
NP_006257,0.5302349332846598,0.7139753640465423,0.036491834834001306,1.0
NP_001239051,0.5302145068557316,0.7139900744138357,0.036490480343945565,1.0
NP_477521,0.5301146708551112,0.714061973423235,0.03648386009770653,1.0
NP_001193469,0.529964942542977,0.7141698058352487,0.036473931261270104,1.0
NP_065203,0.5298509687199477,0.714251890246841,0.03646637325190863,1.0
NP_071921,0.5294895478859449,0.714512197962027,0.03644240536743329,1.0
NP_001158245,0.5291603142237512,0.714749337797066,0.036420570960712315,1.0
NP_004835,0.5291564716051992,0.7147521056323524,0.036420316116723424,1.0
NP_057427,0.5288608235627391,0.7149650662679825,0.03640070821691945,1.0
NP_940932,0.5287216575013318,0.7150653138966931,0.036391478201961924,1.0
NP_573571,0.5285574504898494,0.7151836027708851,0.03638058714989824,1.0
NP_003675,0.5285139066962831,0.715214970730665,0.036377699060651206,1.0
NP_004981,0.5282334020287205,0.7154170455703888,0.03635909386993726,1.0
NP_073600,0.5280247094724799,0.715567393472524,0.036345251335386304,1.0
NP_006434,0.5278332476496959,0.7157053325998843,0.036332551362061434,1.0
NP_055160,0.5278111539837188,0.7157212503243462,0.036331085831810654,1.0
NP_443107,0.527698064157292,0.7158027285823045,0.036323584220078725,1.0
NP_036523,0.5275309499805012,0.715923132836319,0.036312498785707935,1.0
NP_001263181,0.5272970123228472,0.7160916885280618,0.036296980221135776,1.0
NP_996898,0.5272104824581656,0.716154036316782,0.036291240021253925,1.0
NP_003359,0.5271441927095408,0.7162018010095696,0.03628684245965484,1.0
NP_001229303,0.5270108600553665,0.7162978746890449,0.03627799725162165,1.0
NP_937879,0.526958614148659,0.7163355213903821,0.03627453124533739,1.0
NP_477520,0.5269117789839571,0.7163692695669474,0.03627142416781511,1.0
NP_065108,0.526762037784828,0.7164771708733678,0.03626149009770339,1.0
NP_065974,0.526606878928113,0.71658897890655,0.03625119639549092,1.0
NP_004422,0.5265890559507282,0.7166018223933258,0.03625001395183092,1.0
NP_002280,0.5264227681941829,0.7167216535074648,0.03623898165395496,1.0
NP_004677,0.5263399810551933,0.71678131322029,0.03623348907857244,1.0
NP_006811,0.5262936117963557,0.7168147291136079,0.036230412647653525,1.0
NP_055991,0.526271219503574,0.7168308661564365,0.03622892699380282,1.0
NP_065724,0.5262706756487187,0.7168312580870779,0.03622889091079229,1.0
NP_001026853,0.5260753218289923,0.7169720426799252,0.03621592964194773,1.0
NP_808807,0.5258972598302515,0.7171003696075675,0.036204115341264415,1.0
NP_036394,0.5258477522553316,0.7171360497275374,0.03620083049360658,1.0
NP_078905,0.5258276155418328,0.7171505623440098,0.03619949440810013,1.0
NP_006349,0.525616177989875,0.7173029491831096,0.036185465149927466,1.0
NP_001924,0.5255510626091465,0.717349880064339,0.036181144546177685,1.0
NP_620124,0.5255188577995912,0.7173730913553393,0.03617900764470175,1.0
NP_001244892,0.5254615042892934,0.7174144286188765,0.03617520201572443,1.0
NP_004025,0.5253824961602237,0.7174713739733929,0.03616995946916429,1.0
NP_060267,0.5251691234652335,0.7176251666444338,0.036155800941197226,1.0
NP_057055,0.5249332948255585,0.7177951510447704,0.03614015184583074,1.0
NP_001001503,0.5248180782168695,0.7178782010851739,0.036132506127835674,1.0
NP_001159583,0.5248174424606009,0.7178786593530768,0.03613246393902306,1.0
NP_803136,0.5247154846057945,0.7179521535485461,0.03612569796371715,1.0
NP_066564,0.5243282108585632,0.7182313226403952,0.03609999741444628,1.0
NP_001005619,0.5243215351364666,0.7182361350335958,0.036099554383181055,1.0
NP_932174,0.5242363080067804,0.7182975739962785,0.03609389828763559,1.0
NP_061156,0.5238557208675606,0.7185719436438216,0.03606863982509108,1.0
NP_054879,0.5237334979127602,0.7186600590548776,0.036060527961906445,1.0
NP_057204,0.5236641930708824,0.7187100244319582,0.03605592818103836,1.0
NP_001299,0.5234797182657033,0.718843024309348,0.03604368432499961,1.0
NP_003696,0.523446194018992,0.718867194527459,0.03604145923951275,1.0
NP_671517,0.5234222733145725,0.7188844408872599,0.03603987155811836,1.0
NP_037457,0.5233251167869585,0.7189544894999578,0.03603342296469469,1.0
NP_055165,0.523167928623421,0.7190678223835336,0.036022989694439865,1.0
NP_056356,0.5230343344519041,0.7191641461265249,0.036014122283739916,1.0
NP_001035706,0.522954839435191,0.7192214643685647,0.03600884566652893,1.0
NP_001165131,0.5228656366269527,0.7192857830460557,0.03600292460933299,1.0
NP_066979,0.5228093906779427,0.7193263390042646,0.03599919110785333,1.0
NP_071446,0.5227784892303456,0.719348620540883,0.03599713991492898,1.0
NP_001012995,0.5226120495822052,0.7194686339150873,0.0359860917442355,1.0
NP_071347,0.5226088643326249,0.7194709307085339,0.03598588030668145,1.0
NP_758860,0.5225217683655977,0.7195337335801353,0.03598009882166654,1.0
NP_002427,0.5224831693066113,0.7195615667277346,0.03597753656970205,1.0
NP_001138349,0.5224254202116098,0.7196032089563672,0.03597370308987942,1.0
NP_078865,0.5222600116137954,0.719722485268513,0.03596272282662146,1.0
NP_001073982,0.5221811779431816,0.7197793333597549,0.035957489549592575,1.0
NP_006281,0.5220220539067252,0.7198940820430599,0.03594692612151009,1.0
NP_005322,0.5217273435240015,0.720106612975099,0.03592736120036483,1.0
NP_056076,0.521688361592593,0.7201347255673327,0.035924773249670486,1.0
NP_000170,0.5215336827706432,0.7202462768728183,0.03591450422274796,1.0
NP_116294,0.5214436908492605,0.7203111784451453,0.035908529616642045,1.0
NP_060512,0.5213071670900933,0.7204096401194957,0.035899465598492504,1.0
NP_001817,0.5212891890994354,0.7204226060917578,0.035898271999895634,1.0
NP_002215,0.5212603855319307,0.7204433796895322,0.03589635966112705,1.0
NP_001229756,0.5211468982242109,0.7205252294259443,0.03588882488944053,1.0
NP_060631,0.5211120472359975,0.7205503650591687,0.03588651100142074,1.0
NP_619639,0.5210824420975563,0.7205717173210333,0.035884545396347625,1.0
NP_071428,0.5210596395292338,0.720588163394576,0.0358830314359983,1.0
NP_653300,0.5210419039822785,0.7206009549789874,0.03588185389365117,1.0
NP_004684,0.5210051527100105,0.7206274615694861,0.0358794138030298,1.0
NP_001003681,0.520455752263397,0.7210237296414255,0.03584293503888609,1.0
NP_001075031,0.5202906724594041,0.7211428035287408,0.03583197362889148,1.0
NP_647475,0.5201206719139773,0.7212654297610174,0.03582068521786034,1.0
NP_001865,0.5200484822147303,0.7213175031512822,0.03581589158271238,1.0
NP_005031,0.5199569542388626,0.7213835268073293,0.03580981375341264,1.0
NP_057531,0.5198417996565134,0.7214665947295555,0.035802166912645775,1.0
NP_060141,0.5198325043163154,0.7214733000766833,0.0358015496502308,1.0
NP_056312,0.5194220585813272,0.7217693907064187,0.03577429297706354,1.0
NP_006487,0.5194142609252157,0.7217750160084067,0.0357737751393366,1.0
NP_002612,0.5190641421391133,0.7220276013255347,0.03575052338481087,1.0
NP_001127965,0.5187858149954461,0.7222284029983018,0.03573203858821502,1.0
NP_115648,0.5183837704940388,0.7225184753674114,0.035705335985645945,1.0
NP_060634,0.518338962798249,0.7225508048093159,0.035702359899878286,1.0
NP_002950,0.5182524842007615,0.722613201009315,0.03569661601936877,1.0
NP_000424,0.5182109885874646,0.7226431412643066,0.035693859869843615,1.0
NP_003070,0.5180062589193457,0.7227908619740181,0.03568026144093309,1.0
NP_001253970,0.5179461011626052,0.7228342690033018,0.03567626560627113,1.0
NP_004519,0.5179215177194194,0.7228520073704509,0.03567463270050644,1.0
NP_945339,0.5177191086996028,0.722998059355847,0.035661187878291735,1.0
NP_001734,0.5176723781690906,0.7230317792049406,0.03565808379499863,1.0
NP_116584,0.5175582616570502,0.7231141243696702,0.03565050350264448,1.0
NP_001117,0.5173830636510236,0.7232405476940609,0.035638865584973096,1.0
NP_002261,0.5173508848854849,0.7232637682949649,0.03563672800828401,1.0
NP_055845,0.5173388685630662,0.7232724394495689,0.035635929783477786,1.0
NP_683685,0.5171725372941376,0.7233924679614232,0.03562488053135264,1.0
NP_006561,0.5171549520490412,0.7234051580385723,0.035623712342895845,1.0
NP_006201,0.5170478880573449,0.723482419489798,0.03561660001705318,1.0
NP_001171587,0.5170363924771864,0.7234907152031633,0.03561583635246089,1.0
NP_689830,0.5168752675058292,0.7236069913560954,0.0356051325082877,1.0
NP_056258,0.5167703318101635,0.723682719736578,0.03559816129885173,1.0
NP_003329,0.5166815534397871,0.723746788762825,0.035592263392824584,1.0
NP_003061,0.5166712564805689,0.7237542198571012,0.03559157931952995,1.0
NP_115735,0.5163496716203132,0.7239863057781195,0.03557021450301549,1.0
NP_005623,0.5163157810478264,0.724010764973421,0.03556796289330635,1.0
NP_065799,0.5162354265254449,0.724068758137389,0.035562624286330495,1.0
NP_115676,0.516070334739686,0.7241879094535585,0.03555165570565146,1.0
NP_056097,0.5158088949729277,0.7243766029618777,0.035534285323331916,1.0
NP_976054,0.5157990440674668,0.7243837129524009,0.03553363080472455,1.0
NP_055271,0.5157952609211631,0.7243864434788442,0.03553337944285879,1.0
NP_056536,0.5156031986731067,0.724525068201323,0.0355206181662667,1.0
NP_114414,0.5155817509174564,0.7245405487534096,0.035519193082624384,1.0
NP_001254747,0.5155209584720163,0.724584427728606,0.03551515374108093,1.0
NP_003463,0.5154515528737759,0.724634523948157,0.035510542059005154,1.0
NP_001893,0.5153774578373079,0.7246880054403647,0.03550561873670322,1.0
NP_001230280,0.5152865877575894,0.7247535957736913,0.03549958071046216,1.0
NP_001180384,0.5148749217435175,0.7250507470936302,0.03547222587307497,1.0
NP_000824,0.5147807728539121,0.7251187083786867,0.03546596954579394,1.0
NP_510965,0.5146989477549481,0.7251777743933522,0.03546053208596234,1.0
NP_036527,0.5145423983217186,0.7252907823552466,0.03545012885705676,1.0
NP_006766,0.514196859008607,0.7255402237001397,0.035427165829672314,1.0
NP_060956,0.5138868432612789,0.7257640299057571,0.035406562612128524,1.0
NP_006357,0.5138834406694109,0.725766486347631,0.03540633647569859,1.0
NP_057121,0.5137925864492814,0.7258320773415616,0.03540029826035829,1.0
NP_001360,0.5134641491965078,0.7260691942260873,0.03537846953133753,1.0
NP_000365,0.5134431352593021,0.7260843656587936,0.03537707286094856,1.0
NP_004243,0.5132066654180882,0.7262550924141422,0.0353613558498379,1.0
NP_872329,0.5131361423096298,0.7263060096934574,0.03535666841942603,1.0
NP_619634,0.5131125071627646,0.7263230742288447,0.03535509746165921,1.0
NP_005265,0.5130908555192035,0.7263387067200999,0.035353658336954405,1.0
NP_001017998,0.5128865648175391,0.7264862066148017,0.03534007948914105,1.0
NP_055948,0.5127987704360398,0.7265495961091806,0.035334243831772805,1.0
NP_003636,0.5127933841498611,0.726553485148723,0.0353338858051895,1.0
NP_859052,0.5125659479577611,0.7267177022619907,0.0353187678730163,1.0
NP_004468,0.5124514431473731,0.7268003804992387,0.03531115643383237,1.0
NP_001012745,0.5124301163557965,0.7268157796375565,0.03530973877202534,1.0
NP_005004,0.5124276889038532,0.7268175323962633,0.03530957741106634,1.0
NP_037460,0.5123169754204732,0.7268974743663228,0.035302217853164675,1.0
NP_060418,0.512264089640135,0.7269356615250665,0.03529870228904012,1.0
NP_056262,0.511999964485828,0.7271263814639808,0.03528114427637874,1.0
NP_001230685,0.5119131640785755,0.7271890597066446,0.035275373983474266,1.0
NP_060252,0.5118292240912222,0.7272496730399571,0.03526979377910055,1.0
NP_036454,0.5118007709074446,0.727270219306088,0.03526790223949864,1.0
NP_002632,0.5117762874925911,0.7272878990241576,0.03526627460028311,1.0
NP_004921,0.5117160194231759,0.7273314194070885,0.03526226800043982,1.0
NP_001419,0.5111686128513087,0.727726722560448,0.035225875082080596,1.0
NP_065114,0.511062047591801,0.7278036802053021,0.03521879004553049,1.0
NP_284941,0.5110609303276928,0.7278044870585665,0.035218715763200376,1.0
NP_009009,0.5110343836037129,0.7278236583033106,0.03521695077651665,1.0
NP_002858,0.5109834344068073,0.727860452436856,0.03521356334783078,1.0
NP_001159743,0.5107812354889141,0.7280064770695498,0.03520011963516477,1.0
NP_938020,0.5107624783624659,0.7280200233128976,0.03519887250060656,1.0
NP_004698,0.5107369455507842,0.7280384629454569,0.0351971748552291,1.0
NP_003593,0.5106403915789471,0.7281081940692422,0.03519075504588275,1.0
NP_001094346,0.5106150117382162,0.7281265234716015,0.03518906754297866,1.0
NP_057128,0.5105097914456153,0.7282025144448572,0.035182071393975146,1.0
NP_006451,0.510445745384436,0.7282487694701234,0.035177812890193394,1.0
NP_078911,0.5098970529288785,0.7286450564736568,0.035141328092741626,1.0
NP_003875,0.5098104954764883,0.7287075737513622,0.03513557228300289,1.0
NP_112598,0.5097491620755846,0.7287518729680094,0.03513149375510405,1.0
NP_078861,0.5095765394671465,0.7288765544753073,0.035120014569760855,1.0
NP_054786,0.5095360503935075,0.7289057991695342,0.03511732205797777,1.0
NP_001186779,0.5095323869383642,0.7289084452383219,0.03511707843852025,1.0
NP_001092102,0.5094822131173389,0.7289446852772254,0.03511374187128054,1.0
NP_064711,0.5094484620098056,0.7289690634650332,0.03511149740417067,1.0
NP_114172,0.5092175354863897,0.7291358623762022,0.03509614038392866,1.0
NP_060650,0.5092166454826415,0.7291365052363019,0.035096081196167334,1.0
NP_004036,0.5087435623840514,0.7294782270456288,0.03506461880703717,1.0
NP_001244324,0.5087409269312175,0.7294801307570657,0.03506444353051266,1.0
NP_060132,0.5084956516372193,0.7296573068641117,0.03504813068471626,1.0
NP_002018,0.5077065511408635,0.7302273480549404,0.034995645200787316,1.0
NP_079089,0.5076288103847149,0.7302835098962727,0.03499047411671775,1.0
NP_077726,0.5076049969489825,0.7303007133957072,0.03498889010665333,1.0
NP_001004304,0.5075538431237034,0.730337668501244,0.03498548746481297,1.0
NP_003765,0.5075066625877701,0.7303717533433283,0.03498234909631563,1.0
NP_004318,0.5070926196323245,0.7306708789092443,0.03495480679196055,1.0
NP_061945,0.5070892821558184,0.7306732901195498,0.034954584775290135,1.0
NP_055622,0.507042284006917,0.730707244723927,0.03495145833867861,1.0
NP_079337,0.5067876789728926,0.7308911910682196,0.03493452101097919,1.0
NP_444280,0.506704831027211,0.7309510477834413,0.034929009511757717,1.0
NP_005029,0.5066214017160716,0.7310113250021478,0.034923459273303994,1.0
NP_112597,0.506348630446634,0.7312084040416352,0.034905312380531434,1.0
NP_066964,0.5062633605863693,0.7312700131073332,0.034899639417955874,1.0
NP_001005731,0.5062236323525439,0.7312987176644588,0.03489699629499281,1.0
NP_055185,0.506070907501518,0.7314090658430714,0.03488683536213887,1.0
NP_113651,0.5060053246063817,0.7314564518828146,0.034882472002685,1.0
NP_005713,0.5059859227144874,0.7314704705138734,0.03488118114896136,1.0
NP_064533,0.5058644781221346,0.7315582195814034,0.03487310107474694,1.0
NP_001129624,0.5057305355892442,0.7316550000897923,0.03486418931803912,1.0
NP_078888,0.505711957737625,0.7316684236555329,0.03486295324290295,1.0
NP_689618,0.5054062174530083,0.7318893418243574,0.03484261039479886,1.0
NP_004248,0.5053904962598381,0.7319007016208787,0.03484156434052234,1.0
NP_055518,0.505234645136124,0.7320133171586882,0.03483119422032503,1.0
NP_000509,0.5051270501683147,0.7320910644788836,0.03482403486858484,1.0
NP_001028755,0.5050038610860892,0.7321800808988945,0.034815837756576526,1.0
NP_112729,0.5047766776064972,0.7323442461903555,0.0348007203989433,1.0
NP_000241,0.5046762411416934,0.7324168237278079,0.03479403695411057,1.0
NP_005314,0.5044951647485608,0.7325476749994466,0.03478198717144433,1.0
NP_064625,0.5043789881746229,0.732631628777147,0.034774256008191826,1.0
NP_001116105,0.5041747549112406,0.7327792178179524,0.03476066466591095,1.0
NP_598368,0.504064650585622,0.7328587857039931,0.034753337269857625,1.0
NP_060679,0.5038932167671983,0.7329826753748471,0.034741928200676064,1.0
NP_612383,0.5038671622652415,0.733001504276227,0.034740194227381956,1.0
NP_060759,0.503796560487124,0.7330525265255655,0.034735495522573955,1.0
NP_038475,0.5035338951058212,0.7332423512701413,0.03471801415762109,1.0
NP_073585,0.5034401801353526,0.7333100788192899,0.03471177692206361,1.0
NP_115612,0.5033502162525708,0.7333750959582782,0.034705789265745815,1.0
NP_113679,0.503104788656905,0.7335524695660863,0.03468945415400919,1.0
NP_061744,0.5030734734210867,0.7335751017346583,0.03468736984219512,1.0
NP_005920,0.5029659240785328,0.7336528303040537,0.034680211393414644,1.0
NP_065104,0.502956194317227,0.7336598622763293,0.0346795637784732,1.0
NP_001129491,0.5029487634527644,0.7336652327748698,0.03467906917799974,1.0
NP_001073981,0.5028697555883597,0.7337223342188485,0.03467381036050398,1.0
NP_060295,0.5027595229237428,0.7338020034008439,0.034666473103208924,1.0
NP_116235,0.502447653919358,0.7340274063189274,0.0346457140139078,1.0
NP_060504,0.5024130573301411,0.7340524112998272,0.03464341108917733,1.0
NP_997195,0.5023141966121482,0.7341238641022997,0.034636830357012455,1.0
NP_036274,0.5020314655677036,0.7343282144757144,0.03461800967400194,1.0
NP_001352,0.5019548926130754,0.7343835601079931,0.03461291228183025,1.0
NP_001905,0.5015217457407016,0.7346966373832089,0.03458407707370472,1.0
NP_006205,0.5015104163548028,0.7347048263668872,0.034583322837130066,1.0
NP_056060,0.5009395911685247,0.7351174329232264,0.0345453194959595,1.0
NP_057126,0.5006444626603275,0.7353307658418029,0.03452566980381491,1.0
NP_057284,0.5006101144145222,0.7353555946806768,0.034523382841449145,1.0
NP_872270,0.5004405483370271,0.735478167442583,0.03451209269599879,1.0
NP_004532,0.5001785144635991,0.7356675844828855,0.03449464528762061,1.0
NP_001015877,0.4997656612649684,0.7359660316374892,0.034467154362367004,1.0
NP_001193725,0.4993458179209424,0.7362695404926047,0.034439196374208794,1.0
NP_006588,0.4987626342449081,0.7366911436724599,0.034400358625560984,1.0
NP_277050,0.4987312219003138,0.7367138531703586,0.03439826659776829,1.0
NP_004261,0.4983981481753105,0.7369546510134344,0.03437608369432426,1.0
NP_001128659,0.498354499172558,0.7369862077227489,0.034373176569865216,1.0
NP_074036,0.49801807532146714,0.7372294333300143,0.0343507693764842,1.0
NP_149105,0.49793598821662305,0.7372887809158031,0.03434530188444251,1.0
NP_001019907,0.49775089161839603,0.737422603707356,0.034332973116965426,1.0
NP_001248394,0.4971627385384419,0.7378478416927834,0.03429379579335289,1.0
NP_612417,0.4968944050682298,0.7380418531509885,0.0342759208409845,1.0
NP_071413,0.49685337743671415,0.7380715173633681,0.03427318773948765,1.0
NP_695003,0.4968482535984063,0.7380752220575311,0.03427284640818936,1.0
NP_002245,0.4968330468168298,0.7380862170390339,0.03427183338680463,1.0
NP_758441,0.4965678004072622,0.7382780000533377,0.03425416327810451,1.0
NP_003215,0.4963329639011192,0.7384477979406072,0.034238518467883686,1.0
NP_001177370,0.4962120441463777,0.7385352294885594,0.03423046259500248,1.0
NP_076956,0.49599242814468236,0.7386940252447207,0.034215831072158184,1.0
NP_079097,0.4958949120118908,0.7387645359515074,0.0342093340923003,1.0
NP_001129490,0.4958836728481288,0.7387726626444611,0.034208585281141304,1.0
NP_004326,0.4958376157247686,0.7388059651814693,0.0342055167054917,1.0
NP_064508,0.49581485494946814,0.7388224228515027,0.03420400025185039,1.0
NP_073564,0.49574797745423443,0.7388707801825078,0.03419954446126474,1.0
NP_000689,0.49563858285205226,0.7389498808632846,0.03419225583054885,1.0
NP_444278,0.4956347434926899,0.7389526570225238,0.03419200002367524,1.0
NP_006673,0.49541730978553167,0.7391098796189157,0.0341775127406016,1.0
NP_004957,0.49526749253795976,0.7392182109279979,0.03416753038830911,1.0
NP_076870,0.49519787481609995,0.7392685510655015,0.03416289167576349,1.0
NP_002071,0.4951802687980203,0.739281281894556,0.034161718558542754,1.0
NP_001001331,0.49512604088428225,0.7393204939151237,0.034158105247774496,1.0
NP_005518,0.49506535089437653,0.7393643787670489,0.03415406132431338,1.0
NP_001094288,0.49505941416088733,0.7393686716183544,0.03415366574332499,1.0
NP_001026,0.49409117248856493,0.7400688235825741,0.034089144783800304,1.0
NP_001013456,0.49405185359298953,0.7400972564172346,0.034086524498704425,1.0
NP_001107579,0.49400385898230986,0.7401319630267182,0.03408332602838123,1.0
NP_775102,0.49365387719672776,0.7403850495735382,0.03406000180350707,1.0
NP_001171114,0.4935978280178274,0.7404255814583878,0.03405626635117782,1.0
NP_002495,0.4935553824287929,0.7404562759928153,0.034053437504171884,1.0
NP_061974,0.49327575117193373,0.7406584927956235,0.03403480066485641,1.0
NP_055112,0.49316678261748537,0.7407372946311388,0.034027537943534136,1.0
NP_004085,0.49315454851059987,0.7407461418858179,0.03402672253717734,1.0
NP_542384,0.4928233312878106,0.7409856676775404,0.034004646301309664,1.0
NP_064569,0.49242059044060915,0.7412769214439014,0.03397780152512384,1.0
NP_872375,0.4923614241061816,0.7413197096933208,0.03397385765491621,1.0
NP_001005337,0.49221879289128817,0.7414228589592218,0.03396435010577756,1.0
NP_001123552,0.4920488641501286,0.7415457502223388,0.03395302270663328,1.0
NP_001103373,0.492016814357025,0.741568928494779,0.03395088624721931,1.0
NP_079012,0.4919410722564078,0.7416237049669734,0.03394583719348594,1.0
NP_055269,0.49190215169140356,0.741651852269473,0.033943242684259474,1.0
NP_059128,0.4918747247353719,0.741671687433249,0.033941414349643706,1.0
NP_060179,0.4918210365628788,0.7417105147567514,0.0339378353708629,1.0
NP_037431,0.49172135543081735,0.7417826044239475,0.033931190323814996,1.0
NP_620777,0.4914460044687682,0.7419817403456967,0.03391283411725922,1.0
NP_061982,0.4912380117006718,0.7421321635956489,0.03389896786623965,1.0
NP_775738,0.49120134558646306,0.7421586811499541,0.03389652340563653,1.0
NP_004787,0.4910613011291968,0.7422599639780316,0.033887186792242174,1.0
NP_001265233,0.4910601405581063,0.7422608033272411,0.033887109417461404,1.0
NP_938149,0.49059553667599515,0.7425968171404981,0.03385613347873024,1.0
NP_000005,0.49037999940910276,0.7427527011038347,0.033841762564480675,1.0
NP_001070648,0.4902527461785197,0.7428447355086976,0.033833277774110104,1.0
NP_001157968,0.4898296774950329,0.7431507175089103,0.03380506799578292,1.0
NP_001153242,0.4896196770585604,0.7433026005235555,0.03379106477403103,1.0
NP_002956,0.48944579307206176,0.7434283629597138,0.03377946955749569,1.0
NP_061929,0.48942360262093937,0.7434444123544055,0.0337779897974968,1.0
NP_001243727,0.48923629893431325,0.7435798814032258,0.03376549935694657,1.0
NP_003826,0.48913755435778067,0.7436512995639095,0.03375891439519576,1.0
NP_612462,0.4891285045946536,0.7436578449193434,0.03375831089078587,1.0
NP_001258027,0.4891121822356822,0.7436696502754399,0.03375722239457544,1.0
NP_060380,0.4890971209764571,0.7436805435293674,0.03375621799569355,1.0
NP_004544,0.4890641480426399,0.743704391652487,0.0337540191033462,1.0
NP_112593,0.4890223186804689,0.7437346453371285,0.033751229580893126,1.0
NP_009206,0.4890203225698564,0.7437360890535003,0.033751096463582084,1.0
NP_001123577,0.4889920449406124,0.7437565412728548,0.033749210671377414,1.0
NP_006109,0.4878407903625241,0.7445892151949445,0.03367242899901558,1.0
NP_056955,0.4878292466042909,0.7445975646180613,0.033671659038819086,1.0
NP_037494,0.48770555799295445,0.7446870268167836,0.03366340902227159,1.0
NP_065731,0.48767482348196206,0.744709256682877,0.03366135901197391,1.0
NP_000201,0.48749560140822673,0.7448388859148701,0.03364940461903166,1.0
NP_001012267,0.48748971733166796,0.7448431418064524,0.03364901213689728,1.0
NP_060939,0.48722026469546686,0.7450380346168015,0.0336310386529288,1.0
NP_775919,0.4871785522197273,0.7450682049848251,0.03362825621729374,1.0
NP_660149,0.4870395631927755,0.7451687350265142,0.033618984822143885,1.0
NP_004627,0.4868776152212359,0.7452858714632133,0.03360818170436381,1.0
NP_036441,0.48678547936972266,0.7453525131666308,0.033602035459346175,1.0
NP_055866,0.4867127819314809,0.7454050951709386,0.033597185866660675,1.0
NP_998827,0.48661992330176856,0.7454722598406673,0.03359099126491469,1.0
NP_005913,0.4865510120504307,0.745522103429896,0.03358639414210467,1.0
NP_954697,0.4864999658232729,0.7455590252607079,0.03358298878065985,1.0
NP_001139685,0.48643968785756136,0.745602624462474,0.033578967526803144,1.0
NP_004481,0.4864154207874136,0.7456201769056425,0.03357734861651333,1.0
NP_004070,0.4861793026371002,0.7457909621860153,0.03356159636575774,1.0
NP_002438,0.4860418997717938,0.7458903465372968,0.03355242951350645,1.0
NP_003600,0.48593779000308485,0.7459656499071003,0.03354548369926291,1.0
NP_003103,0.4856115043916514,0.7462016553657044,0.033523714497273864,1.0
NP_955393,0.485274310256252,0.7464455520129161,0.03350121646730948,1.0
NP_055754,0.48463518405196115,0.7469078420716975,0.03345857026385861,1.0
NP_071379,0.48433367356363066,0.7471259302035558,0.03343845043059332,1.0
NP_115488,0.484255705445063,0.7471823260636596,0.033433247471806024,1.0
NP_060627,0.48415841540051974,0.7472526978874989,0.0334267550461013,1.0
NP_003126,0.48394496811810106,0.7474070886863147,0.033412510830671864,1.0
NP_000293,0.4836732403706488,0.7476036351714634,0.033394376712566,1.0
NP_001074003,0.4836393765424773,0.7476281296172724,0.033392116716588066,1.0
NP_001018119,0.4834269698787956,0.7477817680560463,0.03337794093098127,1.0
NP_938148,0.48319186156215205,0.7479518272067616,0.033362249577354904,1.0
NP_001106963,0.4830755910937689,0.748035928289171,0.0333544893869664,1.0
NP_055627,0.48302233020409335,0.7480744531103563,0.03335093457646328,1.0
NP_697021,0.48267351497535715,0.7483267591879676,0.03332765283124442,1.0
NP_777582,0.48265953951736934,0.748336867958363,0.03332672001301869,1.0
NP_005722,0.4826576438286771,0.7483382391536182,0.033326593481573207,1.0
NP_065210,0.48257546501481857,0.7483976809794497,0.03332110826424232,1.0
NP_003578,0.4825470862688931,0.7484182079781916,0.03331921404394416,1.0
NP_116164,0.48254321462830946,0.748421008424712,0.03331895561968075,1.0
NP_940859,0.48252354961675303,0.7484352325788983,0.033317643017367775,1.0
NP_000071,0.4822634931547847,0.7486233373519107,0.03330028440531637,1.0
NP_112233,0.4822610198338553,0.7486251263609763,0.033300119309642696,1.0
NP_001242954,0.4821095799091115,0.7487346662705703,0.03329001049528981,1.0
NP_005654,0.48202650389873625,0.748794757002299,0.03328446497242418,1.0
NP_005392,0.4820005509244438,0.7488135293645827,0.033282732536125736,1.0
NP_005246,0.48192009895895005,0.7488717220467219,0.03327736209465715,1.0
NP_703149,0.4817414019886959,0.749000977448339,0.03326543325256042,1.0
NP_055068,0.48133856306948847,0.7492923592075376,0.03323854082777989,1.0
NP_057087,0.4810677034468564,0.7494882772218695,0.03322045813875659,1.0
NP_000283,0.48101146009970447,0.749528959080018,0.03321670322719243,1.0
NP_036332,0.48096321235360906,0.7495638575580997,0.033213482093739644,1.0
NP_219486,0.48094380389779284,0.7495778960459952,0.03321218633334788,1.0
NP_870991,0.4807754820289839,0.7496996462160266,0.03320094856975294,1.0
NP_149124,0.4807505625889981,0.7497176708714918,0.033199284837556464,1.0
NP_848605,0.4806777846356222,0.7497703123833172,0.03319442582622992,1.0
NP_001257323,0.4804689633433155,0.7499213561308589,0.03318048362657327,1.0
NP_001071,0.4803609468929729,0.7499994860235166,0.03317327162318032,1.0
NP_001002755,0.4803052106517409,0.7500398008366089,0.03316955020384706,1.0
NP_003602,0.480288947531208,0.7500515641778388,0.033168464336003046,1.0
NP_058633,0.48022284142568034,0.7500993796227896,0.03316405049042733,1.0
NP_055644,0.479973076931113,0.7502800373686177,0.03314737357459498,1.0
NP_115789,0.4799313229612445,0.7503102384811877,0.033144585582405614,1.0
NP_006711,0.47974736204679,0.7504432992842829,0.03313230196987187,1.0
NP_001027452,0.4796987187856184,0.7504784833998631,0.03312905386375675,1.0
NP_001120729,0.47951716660203836,0.7506098015583762,0.033116930701810716,1.0
NP_573568,0.4793887465759221,0.7507026886050772,0.033108355260458584,1.0
NP_113668,0.4791970511448918,0.7508413428525051,0.0330955542252946,1.0
NP_055113,0.47893475064480195,0.7510310654480343,0.03307803777646509,1.0
NP_116213,0.4787453829462282,0.7511680350777271,0.03306539139158548,1.0
NP_001122087,0.47866461220844525,0.7512264564096968,0.03305999724621247,1.0
NP_001122088,0.47866461220844525,0.7512264564096968,0.03305999724621247,1.0
NP_060392,0.4785773407479706,0.751289579612002,0.03305416889275993,1.0
NP_006388,0.4782939824246908,0.7514945312164276,0.033035244553349705,1.0
NP_001017403,0.4782704934536616,0.7515115206194707,0.03303367578813443,1.0
NP_005931,0.4782446687275969,0.7515301994485974,0.03303195101824639,1.0
NP_000217,0.47817227868176904,0.7515825585726913,0.03302711623247147,1.0
NP_002604,0.477812001700064,0.7518431428411521,0.03300305333733831,1.0
NP_776183,0.47768846142124355,0.7519324976873571,0.0329948018079089,1.0
NP_443115,0.4773242498185481,0.7521959251347974,0.032970474486991655,1.0
NP_001167013,0.47727993598346635,0.7522279763574249,0.03296751448434597,1.0
NP_060310,0.47720675379140315,0.752280907356327,0.032962626141014986,1.0
NP_065777,0.4771462857157121,0.7523246424587766,0.03295858702391522,1.0
NP_000290,0.4768018595695418,0.7525737563843835,0.03293557957031535,1.0
NP_006132,0.4767751621740083,0.7525930657856857,0.03293379615508307,1.0
NP_001035194,0.4764688015955483,0.7528146459839632,0.032913330462400726,1.0
NP_060789,0.47631865606544144,0.7529232404949386,0.032903300029656954,1.0
NP_004991,0.4761958990195012,0.7530120256367059,0.032895099122812695,1.0
NP_001234930,0.4761182084027783,0.753068215921549,0.03288990885183651,1.0
NP_003130,0.4760479317645785,0.7531190438892651,0.03288521383795597,1.0
NP_073608,0.47572905090360684,0.753349674954499,0.032863909598660986,1.0
NP_001171730,0.47557996532167024,0.753457500586483,0.03285394895824487,1.0
NP_004935,0.4755482938039271,0.7534804068399943,0.03285183290828985,1.0
NP_067653,0.47544001558349347,0.7535587183088802,0.03284459851110984,1.0
NP_000532,0.47483205370661036,0.7539984175341085,0.03280397671937194,1.0
NP_006768,0.4746240709724449,0.7541488358812061,0.032790079289469115,1.0
NP_000370,0.4743850129209312,0.7543217273510879,0.03277410490998128,1.0
NP_061981,0.47430982290274426,0.7543761059462709,0.03276908044017701,1.0
NP_001012241,0.47400529225781757,0.7545963457575899,0.032748730063776064,1.0
NP_005043,0.4739291620113774,0.7546514035797234,0.03274364249724694,1.0
NP_055458,0.47384724562824393,0.7547106457936452,0.0327381681999834,1.0
NP_001636,0.4738315983074143,0.7547219619698823,0.03273712251583917,1.0
NP_542381,0.4737443998341946,0.754785023971406,0.032731295147067956,1.0
NP_001193545,0.4737369791920467,0.7547903905757466,0.03273079923126334,1.0
NP_001172014,0.47368498438996826,0.7548279931454649,0.03272732444438599,1.0
NP_001258965,0.4736558195628386,0.7548490850757191,0.03272537536250086,1.0
NP_001139490,0.4736544854467141,0.7548500499046065,0.032725286203493006,1.0
NP_001243439,0.4734686581052607,0.7549844392080434,0.032712867197878956,1.0
NP_002809,0.47309726786693374,0.7552530236081829,0.0326880459041273,1.0
NP_002875,0.4728478946765415,0.7554333646480066,0.032671378716725555,1.0
NP_056381,0.4725151099991426,0.7556740240344538,0.032649135717445495,1.0
NP_002408,0.4725016661462494,0.7556837461326649,0.03264823712209443,1.0
NP_004676,0.4723112950375765,0.7558214148781837,0.0326355124215389,1.0
NP_006414,0.4722997930593758,0.7558297326102059,0.032634743600728995,1.0
NP_055049,0.4722499019018167,0.755865811683365,0.03263140873761154,1.0
NP_114160,0.4720827927253266,0.7559866570439193,0.032620238530049625,1.0
NP_001189398,0.471910215807228,0.7561114554528917,0.0326087025672516,1.0
NP_612466,0.4716410596096164,0.7563060928516753,0.032590710180476205,1.0
NP_060972,0.47160316898311977,0.7563334928519084,0.03258817723760579,1.0
NP_005497,0.4714877843023825,0.75641693113359,0.03258046382859253,1.0
NP_036433,0.4714360027137076,0.7564543758748531,0.03257700221493592,1.0
NP_004093,0.4713916884037212,0.7564864207401761,0.032574039771272226,1.0
NP_003117,0.4711102852988251,0.756689909255048,0.03255522734682114,1.0
NP_004108,0.47109484292970105,0.7567010758760812,0.03255419496886711,1.0
NP_006308,0.4710574041624671,0.7567281484044922,0.032551692043386656,1.0
NP_055447,0.47095005682512414,0.7568057725775201,0.03254451538950642,1.0
NP_001108072,0.47053868939585664,0.7571032334879302,0.032517012634828285,1.0
NP_001106965,0.4705249811317828,0.7571131458626532,0.032516096115745886,1.0
NP_787028,0.47052233162470997,0.7571150617066729,0.032515918972489566,1.0
NP_004277,0.47039702014932083,0.7572056734434467,0.03250754070495203,1.0
NP_005531,0.4702965871087044,0.7572782953493926,0.03250082569335049,1.0
NP_789791,0.47009510205479593,0.757423985561666,0.032487354004193184,1.0
NP_001177203,0.4697934885014428,0.7576420739180312,0.032467186824384785,1.0
NP_055719,0.4697714201631584,0.7576580307767566,0.03246571120733444,1.0
NP_004963,0.4696954712211504,0.7577129467032231,0.03246063278631745,1.0
NP_085072,0.46966878256506944,0.7577322442477192,0.0324588482032835,1.0
NP_005867,0.4696551453104859,0.7577421048128231,0.03245793632218648,1.0
NP_036606,0.469635309774374,0.7577564470993106,0.03245660997807809,1.0
NP_005545,0.4696321467555541,0.7577587341508242,0.032456398475952754,1.0
NP_004206,0.46953157923116967,0.7578314502653809,0.03244967376173471,1.0
NP_055970,0.46911864639652073,0.7581300201336846,0.032422060932740575,1.0
NP_073618,0.4690862191954162,0.758153466224466,0.0324198924582468,1.0
NP_001538,0.4690595985552204,0.7581727139192749,0.032418112273313,1.0
NP_937799,0.46887671880814014,0.7583049418395954,0.0324058824966451,1.0
NP_694570,0.4688311593022039,0.7583378826005291,0.03240283573291863,1.0
NP_001138679,0.46870530834238006,0.7584288757993889,0.03239441942826311,1.0
NP_001179,0.46869130287296634,0.7584390020401777,0.03239348280102576,1.0
NP_000209,0.46868454790648806,0.7584438860160263,0.03239303105646211,1.0
NP_006840,0.46849309631103014,0.7585823085187784,0.032380227380450564,1.0
NP_055444,0.4682289538476022,0.7587732849980202,0.032362561813281496,1.0
NP_001010891,0.46816880445951814,0.7588167729057395,0.03235853899597956,1.0
NP_064633,0.4681464887853987,0.7588329070595596,0.03235704650545734,1.0
NP_071358,0.46764527349919044,0.7591952779453615,0.03232352360447972,1.0
NP_008846,0.46759428636218997,0.759232140202826,0.032320113289530494,1.0
NP_002415,0.46737951266454014,0.759387414163333,0.03230574771715936,1.0
NP_060009,0.4669856090649767,0.7596721871124781,0.03227939957114249,1.0
NP_055214,0.46691215859409807,0.7597252873598952,0.0322744863226897,1.0
NP_000028,0.46671774471954414,0.759865835547053,0.032261481350176986,1.0
NP_116307,0.46670950649874865,0.7598717911865361,0.03226093026123826,1.0
NP_001136112,0.4666965553481116,0.7598811539275528,0.03226006390350264,1.0
NP_071938,0.46658929258387005,0.7599586967913128,0.03225288857983005,1.0
NP_612207,0.46647434927013676,0.7600417914698501,0.0322451993490502,1.0
NP_659407,0.46646339668406206,0.7600497092650578,0.03224446666010871,1.0
NP_000560,0.46636535806795953,0.7601205826379503,0.0322379081769745,1.0
NP_066011,0.46600689247183386,0.760379717823764,0.03221392716979457,1.0
NP_001136438,0.4659947159317906,0.7603885201416498,0.03221311254998443,1.0
NP_001230,0.46598579631671116,0.7603949680510997,0.03221251582006663,1.0
NP_005340,0.4653696686472123,0.7608403510275925,0.032171294568148656,1.0
NP_001124439,0.4652627436901827,0.760917642279612,0.032164140529914155,1.0
NP_976060,0.46522871907922725,0.760942237013162,0.03216186401986191,1.0
NP_695005,0.4647744030017958,0.7612706338632307,0.03213146572858709,1.0
NP_005498,0.4647030251026665,0.7613222274650456,0.032126689659386774,1.0
NP_066553,0.464635661623645,0.7613709190877519,0.03212218216158581,1.0
NP_001004060,0.46457568246151165,0.7614142729678648,0.032118168735832016,1.0
NP_004163,0.4640672822743826,0.7617817443405646,0.032084148477592736,1.0
NP_001922,0.46377244336380236,0.761994846857066,0.03206441785362768,1.0
NP_003339,0.4635630057564026,0.7621462202251539,0.03205040179739305,1.0
NP_065078,0.4629707945587331,0.7625742331345521,0.0320107674374142,1.0
NP_660296,0.4629559006056414,0.7625849972674607,0.03200977060202853,1.0
NP_004461,0.4626620755416304,0.7627973472019394,0.03199010480401504,1.0
NP_821158,0.46253371661378884,0.7628901116170886,0.03198151345240803,1.0
NP_660208,0.46205129199703987,0.7632387483078737,0.03194922232454869,1.0
NP_001073379,0.46192831982515686,0.7633276149419423,0.03194099082844446,1.0
NP_005718,0.4618588051334676,0.763377849745963,0.031936337600635634,1.0
NP_001119523,0.46183459871053856,0.7633953424473696,0.03193471724201004,1.0
NP_001012426,0.4617977765161333,0.7634219518257028,0.03193225238331199,1.0
NP_619541,0.4615345557512544,0.7636121644143574,0.03191463215552773,1.0
NP_001013269,0.4611246131766977,0.7639083941296814,0.031887188964302926,1.0
NP_055096,0.46111612478716796,0.7639145278279014,0.031886620701205,1.0
NP_996531,0.4608858627417462,0.7640809129787514,0.0318712053408299,1.0
NP_060613,0.4607845539293275,0.7641541166046145,0.031864422861076505,1.0
NP_060302,0.46075761777598623,0.7641735799856046,0.03186261950823356,1.0
NP_073623,0.46071683006331393,0.7642030520563436,0.031859888792338434,1.0
NP_005586,0.4606489959384168,0.7642520668594428,0.03185534729926714,1.0
NP_652766,0.46062431407296245,0.7642699011190338,0.03185369483838167,1.0
NP_000864,0.4605911428129771,0.7642938694537322,0.03185147400021019,1.0
NP_000549,0.4605866373139989,0.7642971249559734,0.031851172353236645,1.0
NP_056377,0.46040032661340446,0.7644317447403128,0.031838698529394686,1.0
NP_878256,0.45997753658739676,0.7647372248203917,0.03181039081309341,1.0
NP_004882,0.4597216835624439,0.7649220810618247,0.031793259484727665,1.0
NP_004830,0.4596554172047268,0.7649699583621419,0.031788822343429356,1.0
NP_788955,0.4596511255963061,0.7649730590289406,0.03178853497942539,1.0
NP_002878,0.459568999078281,0.7650323947912026,0.03178303579502101,1.0
NP_061161,0.4594351456048075,0.7651291018135438,0.03177407284436423,1.0
NP_055102,0.4594018403809705,0.7651531641077457,0.031771842670420325,1.0
NP_055710,0.45930760375484925,0.7652212475614082,0.031765532371382334,1.0
NP_057314,0.45914435329959047,0.7653391901128568,0.03175460055454895,1.0
NP_064519,0.45886411535857885,0.7655416472539537,0.0317358342742264,1.0
NP_071906,0.45877975631768053,0.7656025910574296,0.0317301849844707,1.0
NP_079368,0.4587556277256186,0.7656200222634101,0.03172856914781271,1.0
NP_002372,0.45859193657472636,0.7657382764070405,0.0317176069831989,1.0
NP_002379,0.4585310302314485,0.7657822759883541,0.03171352810826374,1.0
NP_055668,0.4584409555220803,0.7658473466782885,0.031707495775814526,1.0
NP_006625,0.4582974434180176,0.7659510196799805,0.031697884568466415,1.0
NP_113612,0.4579228546958582,0.7662216146720698,0.03167279693618833,1.0
NP_057575,0.45781334328337464,0.7663007213314011,0.03166546229454953,1.0
NP_056465,0.4578100873372057,0.7663030732820673,0.03166524422244113,1.0
NP_001167618,0.4574158476153905,0.7665878482977845,0.0316388386719081,1.0
NP_055598,0.4573728091970304,0.7666189359057427,0.03163595593980072,1.0
NP_004573,0.45727380545982327,0.7666904479438421,0.03162932456097863,1.0
NP_001124194,0.45698633982439557,0.7668980846332726,0.03161006928294204,1.0
NP_001026904,0.4567740357162865,0.7670514277528279,0.03159584804935045,1.0
NP_001035540,0.4567704750353855,0.76705399953166,0.0315956095328592,1.0
NP_001092903,0.4567503487922739,0.7670685361266157,0.031594261350057225,1.0
NP_001025056,0.4566357759924529,0.7671512880612794,0.031586586469223285,1.0
NP_065822,0.4565521787266077,0.7672116667625446,0.03158098646774455,1.0
NP_001245244,0.45636873805704725,0.7673441560104154,0.03156869794387825,1.0
NP_000026,0.4561413816120579,0.7675083593266672,0.03155346710929801,1.0
NP_037473,0.4561399904237816,0.7675093640691517,0.03155337391073576,1.0
NP_036356,0.45604726549744296,0.7675763313952275,0.03154716203687994,1.0
NP_000892,0.4558923402353509,0.767688219103118,0.03153678302974472,1.0
NP_056090,0.45586094335948474,0.7677108938160794,0.03153467961165545,1.0
NP_001254652,0.45586048833012155,0.7677112224360616,0.03153464912712232,1.0
NP_001258537,0.45579001677678527,0.7677621164334656,0.031529927886875385,1.0
NP_001002033,0.45563654861423997,0.7678729484497197,0.031519646131246894,1.0
NP_056305,0.45563273434531965,0.7678757030220408,0.03151939058764104,1.0
NP_071732,0.45557603985146683,0.767916646259684,0.031515592225140256,1.0
NP_001193727,0.45550952993021343,0.767964677580615,0.03151113622021266,1.0
NP_057068,0.4554656835868299,0.7679963417866355,0.03150819859812466,1.0
NP_001136235,0.4552847738466609,0.7681269863356953,0.03149607779919967,1.0
NP_001018148,0.45528344927649844,0.7681279428677584,0.0314959890530051,1.0
NP_055336,0.4552491346010968,0.768152722994452,0.03149368996424839,1.0
NP_113584,0.4551880410239431,0.7681968410811371,0.03148959665776162,1.0
NP_002855,0.4551076205963855,0.7682549153509118,0.03148420838790054,1.0
NP_057584,0.4547351326376154,0.7685238938621344,0.03145925044388122,1.0
NP_004773,0.454709170727672,0.7685426408429902,0.03145751086078623,1.0
NP_055772,0.4546218352014961,0.7686057049994117,0.031451658880092645,1.0
NP_004496,0.45457487490787335,0.7686396143001599,0.031448512242098756,1.0
NP_002371,0.454382948146301,0.7687781995794943,0.03143565171729266,1.0
NP_001164267,0.4542545867437832,0.7688708841224595,0.03142705035515197,1.0
NP_078983,0.4541166107750853,0.768970509281778,0.031417804560712914,1.0
NP_001184033,0.4539675985520081,0.7690781011834874,0.031407819026623957,1.0
NP_620152,0.4538748355863714,0.7691450781754272,0.03140160273623666,1.0
NP_000422,0.4538604534693455,0.7691554623233104,0.031400638945590885,1.0
NP_001138818,0.4538263223089665,0.7691801055603033,0.031398351702102714,1.0
NP_001124160,0.45368444166956795,0.7692825444686763,0.03138884368899105,1.0
NP_001120716,0.45364964430867133,0.769307668144773,0.03138651174427092,1.0
NP_001028675,0.45362416177303666,0.769326066450591,0.03138480402533105,1.0
NP_006188,0.45318549690776805,0.7696427715024137,0.031355405838022786,1.0
NP_036361,0.45299573194068277,0.7697797714386713,0.03134268772664036,1.0
NP_001258862,0.45284488684437446,0.7698886709111921,0.03133257779972261,1.0
NP_001012768,0.452654882031288,0.7700258378248994,0.03131984301334594,1.0
NP_001258898,0.45254207959726345,0.7701072697063207,0.031312282441724876,1.0
NP_060017,0.45213944630743264,0.7703979199094018,0.03128529502411879,1.0
NP_036379,0.4520599719049602,0.7704552884827441,0.03127996789272755,1.0
NP_996846,0.4520564129305486,0.7704578575128229,0.03127972933499517,1.0
NP_954650,0.4519379795039,0.7705433474511233,0.03127179068612457,1.0
NP_001327,0.45185205320764393,0.7706053715881902,0.03126603092420627,1.0
NP_758454,0.4517577698549421,0.7706734272535339,0.03125971089809352,1.0
NP_002145,0.4515073000775773,0.7708542171970408,0.0312429209425894,1.0
NP_000822,0.45138307057524607,0.7709438841474936,0.031234593143843564,1.0
NP_055599,0.45126570766791557,0.7710285934677223,0.031226725519860297,1.0
NP_056274,0.45122675542293866,0.7710567078198977,0.03122411426099948,1.0
NP_954994,0.4510837269771625,0.7711599393725044,0.031214525879127188,1.0
NP_112197,0.45105296794811467,0.7711821395962222,0.03121246382173903,1.0
NP_112496,0.4503248210371727,0.7717076487814707,0.031163646950107142,1.0
NP_477515,0.44954312148678316,0.7722717457224015,0.031111234293512244,1.0
NP_000250,0.44953431740012684,0.7722780986359894,0.031110643950566473,1.0
NP_775487,0.4494589012991864,0.7723325175662294,0.031105587023661802,1.0
NP_689506,0.44942681853634575,0.7723556677379299,0.031103435740426864,1.0
NP_003327,0.44927989250307115,0.7724616847148157,0.031093583614237932,1.0
NP_005042,0.44911183562347307,0.7725829461562206,0.031082314313341606,1.0
NP_060551,0.4490508154517222,0.7726269745037001,0.03107822245122912,1.0
NP_001203,0.44900395186624564,0.772660788067324,0.03107507987138809,1.0
NP_078941,0.4489919174429516,0.7726694712469439,0.03107427286334934,1.0
NP_066926,0.4486336122708836,0.7729279913948504,0.031050244909654964,1.0
NP_001034779,0.44832582813785293,0.7731500489098707,0.03102960394655183,1.0
NP_056417,0.4482863218661425,0.7731785508026343,0.031026954469174847,1.0
NP_001020471,0.44827457906209234,0.7731870226427735,0.031026166938418753,1.0
NP_001009185,0.448148276075785,0.7732781428971421,0.03101769635198574,1.0
NP_758869,0.4479064443997754,0.7734526053939155,0.031001477350608854,1.0
NP_006485,0.4478594165042966,0.7734865315507223,0.03099832325283363,1.0
NP_004412,0.44765112982140276,0.773636787590573,0.030984353497947214,1.0
NP_001186211,0.4476348789272104,0.773648510624911,0.030983263536104037,1.0
NP_060592,0.4476304021943364,0.7736517400353624,0.0309829632772409,1.0
NP_005226,0.4475608802854389,0.7737018912228815,0.030978300350764584,1.0
NP_057205,0.4474992067258113,0.7737463803670547,0.030974163785901784,1.0
NP_005021,0.4474955451795318,0.7737490216645597,0.03097391819780421,1.0
NP_004547,0.4473350880749998,0.7738647676930974,0.030963155858704707,1.0
NP_002515,0.44733089152851147,0.7738677948401026,0.030962874380541325,1.0
NP_056025,0.44726889555081484,0.7739125149333311,0.03095871605799184,1.0
NP_075526,0.4468860189115069,0.7741886888249336,0.030933034172659555,1.0
NP_660308,0.4467419704323558,0.7742925884630505,0.030923371604939524,1.0
NP_037367,0.4465102347682816,0.7744597302406897,0.030907826700850512,1.0
NP_077734,0.44622329323486476,0.7746666810791226,0.030888577877917097,1.0
NP_078800,0.4461232337429776,0.7747388446942454,0.03088186543369168,1.0
NP_006717,0.4460419869921138,0.7747974395516274,0.0308764149649953,1.0
NP_006375,0.4459641249373516,0.7748535926404703,0.030871191502373024,1.0
NP_057370,0.44586137091750105,0.7749276963781435,0.030864298048374737,1.0
NP_055759,0.4458511409450081,0.7749350739200738,0.030863611745333405,1.0
NP_001231934,0.4457568956575688,0.7750030401359665,0.03085728902108026,1.0
NP_036533,0.4455807517545342,0.7751300657405538,0.030845471664433764,1.0
NP_002481,0.4455552922297605,0.7751484254847562,0.030843763580997406,1.0
NP_079428,0.44555014242737606,0.7751521391759111,0.030843418079230564,1.0
NP_003406,0.44551262138040054,0.7751791967348807,0.03084090077364301,1.0
NP_006411,0.44527470686189863,0.7753507600986893,0.030824938666647938,1.0
NP_001240605,0.4452208904895497,0.7753895668546996,0.030821327957862847,1.0
NP_056520,0.4448132827198147,0.7756834795576595,0.030793979403800277,1.0
NP_061820,0.4447218008835284,0.7757494413231918,0.03078784119305962,1.0
NP_009199,0.44466760183769144,0.7757885203382053,0.030784204531028446,1.0
NP_060366,0.4443590881906996,0.7760109602782107,0.030763503280252503,1.0
NP_001128123,0.44420033731251335,0.776125415852026,0.03075285075941845,1.0
NP_055313,0.44376740593015573,0.7764375328558839,0.030723798954832147,1.0
NP_848659,0.44344355031704624,0.776670997343224,0.030702065526978316,1.0
NP_003977,0.4434414293021921,0.7766725263187961,0.030701923185879974,1.0
NP_653317,0.44336122023552205,0.7767303461893168,0.03069654033261744,1.0
NP_001264003,0.44336122023552205,0.7767303461893168,0.03069654033261744,1.0
NP_001120972,0.4432387184989977,0.7768186517475569,0.030688319090876378,1.0
NP_057157,0.44319483007855787,0.77685028830959,0.030685373651235835,1.0
NP_057092,0.44317782427827423,0.7768625467165872,0.03068423235316774,1.0
NP_057386,0.4431045890973869,0.776915336904126,0.030679317342330363,1.0
NP_001025030,0.4430064323729551,0.77698609022268,0.030672729701205995,1.0
NP_849194,0.44296715730448505,0.7770144001226006,0.03067009378889681,1.0
NP_005434,0.44296474518531753,0.7770161387980061,0.030669931901134317,1.0
NP_005756,0.4428166791830471,0.7771228645441812,0.030659994447017693,1.0
NP_006419,0.4427757914208404,0.7771523358763471,0.03065725022774736,1.0
NP_872579,0.44231243382798124,0.7774863022797138,0.030626150476565,1.0
NP_001231319,0.44226222865222653,0.7775224861140806,0.030622780673156293,1.0
NP_004450,0.4422030294171085,0.7775651517106068,0.030618807152647826,1.0
NP_060389,0.44213900364897274,0.7776112953235872,0.030614509633044056,1.0
NP_060783,0.44208852928494113,0.7776476720042909,0.03061112168011548,1.0
NP_665805,0.4420349381697246,0.7776862945443792,0.03060752449791157,1.0
NP_005409,0.4419964250408961,0.777714050305487,0.03060493937489978,1.0
NP_055675,0.44193549271645155,0.7777579627975826,0.03060084937641041,1.0
NP_071319,0.4418907721981651,0.7777901915067897,0.030597847551155938,1.0
NP_006528,0.4417054003969278,0.7779237804342883,0.030585404434630516,1.0
NP_001036065,0.4414945908121886,0.7780756955840751,0.030571253413969456,1.0
NP_009049,0.44142415358553344,0.7781264532371812,0.030566525080279988,1.0
NP_002216,0.4412963260782952,0.7782185650873134,0.030557944114850407,1.0
NP_065207,0.44120286263431496,0.778285912963079,0.0305516698872709,1.0
NP_002780,0.44099098347075505,0.7784385844087018,0.030537446078009206,1.0
NP_998760,0.44072807699006344,0.7786280154914701,0.030519796137725343,1.0
NP_071411,0.44068958745464115,0.7786557474223694,0.03051721213074827,1.0
NP_937756,0.4406039799145405,0.7787174274117246,0.03051146479242677,1.0
NP_079030,0.4403409411025558,0.7789069397708626,0.03049380502154091,1.0
NP_060611,0.44026830795444194,0.7789592682959235,0.030488928499473895,1.0
NP_000843,0.44020443324359426,0.7790052861993293,0.030484639970205347,1.0
NP_443730,0.44008522964634494,0.7790911637245809,0.030476636574334325,1.0
NP_001258967,0.4400633911839486,0.7791068965331149,0.03047517031349179,1.0
NP_653177,0.4399636302295144,0.7791787652096284,0.030468472185654773,1.0
NP_037438,0.43992227781720705,0.7792085554438757,0.030465695684042657,1.0
NP_008870,0.439919231186413,0.7792107502239634,0.03046549112520683,1.0
NP_001231612,0.43991616693003793,0.7792129577001287,0.030465285382855898,1.0
NP_001185773,0.43971186270860313,0.7793601345294766,0.030451567655181856,1.0
NP_055641,0.4396974478180463,0.7793705185163097,0.030450599772399552,1.0
NP_056315,0.4395769215386037,0.7794573403114855,0.030442507001913234,1.0
NP_031396,0.4392765155220581,0.7796737305056347,0.030422335568533587,1.0
NP_001257401,0.43899167562539315,0.7798788960883277,0.030403208581833277,1.0
NP_076936,0.43877374182676054,0.7800358623907997,0.030388573827132205,1.0
NP_076983,0.43850171344193295,0.7802317805227231,0.03037030587693856,1.0
NP_056018,0.4381743874644837,0.7804675103220967,0.030348323528001955,1.0
NP_149079,0.43814874031728446,0.7804859799204835,0.030346601091162877,1.0
NP_000542,0.43814280323493904,0.7804902554514659,0.030346202361758803,1.0
NP_001010938,0.43799923238998684,0.7805936449892871,0.030336560165994866,1.0
NP_002028,0.43788498616038524,0.7806759148430473,0.03032888726985464,1.0
NP_579899,0.43788007791393824,0.780679449277151,0.030328557624174805,1.0
NP_002567,0.43785445620325913,0.780697899443484,0.030326836825476787,1.0
NP_002505,0.43772596848639383,0.7807904218405333,0.03031820727459643,1.0
NP_079410,0.4377135370937908,0.7807993734005706,0.030317372343564287,1.0
NP_036535,0.4373676540038813,0.7810484266138092,0.030294141181795506,1.0
NP_065997,0.43731006016632124,0.7810898953323111,0.030290272796238846,1.0
NP_005460,0.4372219502067034,0.7811533353058516,0.030284354685039906,1.0
NP_001068566,0.4371399639127712,0.7812123651340659,0.030278847819266902,1.0
NP_001096127,0.43708263697893324,0.7812536397117128,0.030274997239358892,1.0
NP_689985,0.43701952747096057,0.7812990770861652,0.030270758215668696,1.0
NP_997245,0.43696114521395263,0.7813411104133413,0.030266836685282014,1.0
NP_113650,0.4366806899675086,0.781543021859003,0.03024799809217719,1.0
NP_001157940,0.4365756543175024,0.7816186383254269,0.03024094250404439,1.0
NP_937818,0.4365687900257638,0.7816235799554305,0.03024048140354442,1.0
NP_001034658,0.43656077509752755,0.7816293499239466,0.030239943009873704,1.0
NP_036592,0.43610227088875,0.7819594119185933,0.030209142516825743,1.0
NP_001243307,0.4360997646437532,0.7819612159923088,0.030208974151857096,1.0
NP_057131,0.4360370982796511,0.7820063248896064,0.030204764320785338,1.0
NP_036256,0.43599359361179646,0.7820376403361264,0.030201841721842555,1.0
NP_001035521,0.43596460364227335,0.7820585076773858,0.03019989419565887,1.0
NP_115570,0.4359332082781789,0.7820811063045048,0.030197785067902404,1.0
NP_004596,0.43568599663175245,0.7822590458113335,0.030181177169786754,1.0
NP_056255,0.43546306880726127,0.7824194979755408,0.030166200192651073,1.0
NP_065174,0.43516495651975917,0.7826340519072104,0.03014617136905065,1.0
NP_001185838,0.43509422824021565,0.7826849535885045,0.03014141933268544,1.0
NP_857597,0.4350020171895044,0.7827513147862195,0.030135223858749373,1.0
NP_006234,0.4348663336214822,0.7828489592404306,0.03012610741040239,1.0
NP_038479,0.43457214651771936,0.7830606604205049,0.030106340673392115,1.0
NP_000716,0.43457134242217776,0.7830612390400036,0.030106286644273488,1.0
NP_001138608,0.434067880160879,0.7834235052640787,0.030072456618933475,1.0
NP_004838,0.43404490838995796,0.7834400336228158,0.03007091298002435,1.0
NP_008982,0.4339912743803485,0.7834786233552371,0.030067308905102567,1.0
NP_001002274,0.4336291466298738,0.7837391624369856,0.0300429741006005,1.0
NP_699178,0.4328769163973423,0.784280298663345,0.0299924207006537,1.0
NP_932349,0.43282041626264467,0.7843209397075157,0.029988623413823568,1.0
NP_001120727,0.4326037530305236,0.7844767825367718,0.029974061536864865,1.0
NP_001161726,0.4324681165835684,0.7845743399329741,0.0299649452255947,1.0
NP_036399,0.432426533958167,0.784604247887797,0.02996215036610145,1.0
NP_060598,0.4322926342806149,0.7847005521310777,0.029953150565545116,1.0
NP_001186021,0.43189699380847446,0.784985089674557,0.029926557402243505,1.0
NP_036265,0.4318961616465541,0.7849856881225168,0.02992650146654594,1.0
NP_006236,0.4318664477029931,0.7850070567819026,0.02992450417054199,1.0
NP_008945,0.4318568832882289,0.7850139349591658,0.029923861273063873,1.0
NP_001005376,0.43166048928887063,0.7851551667838269,0.029910659941678054,1.0
NP_001035757,0.4314832505803808,0.7852826178978576,0.02989874589384488,1.0
NP_055048,0.4309177303218142,0.7856892433902066,0.029860729468118522,1.0
NP_114032,0.430793412612378,0.7857786240044732,0.029852371958694165,1.0
NP_000440,0.43035348627676584,0.7860948958465452,0.029822795864704977,1.0
NP_077307,0.42999255067370457,0.7863543542588389,0.029798528943358958,1.0
NP_004252,0.4299120505833644,0.7864122185726693,0.029793116484447612,1.0
NP_054783,0.4298174508893647,0.7864802163594381,0.02978675595531344,1.0
NP_001229768,0.42975463311541123,0.7865253685815414,0.029782532277378468,1.0
NP_036475,0.429618595120254,0.7866231476960626,0.029773385366231406,1.0
NP_003646,0.42949163356198095,0.7867144000182672,0.029764848580182374,1.0
NP_848602,0.4294662245755266,0.786732662121,0.0297631400837324,1.0
NP_001310,0.42930724141126636,0.7868469248470854,0.029752449942931407,1.0
NP_036347,0.42887053000334246,0.7871607700898768,0.02972308394559025,1.0
NP_004485,0.42883467798068614,0.7871865338254432,0.02972067305165781,1.0
NP_116019,0.4286657313582347,0.787307937948136,0.029709311958527322,1.0
NP_000378,0.42849120973144483,0.7874333427760941,0.029697575685699168,1.0
NP_001243370,0.42827255597572994,0.7875904514656358,0.02968287120403427,1.0
NP_002826,0.427897433776548,0.7878599665173489,0.029657643169462466,1.0
NP_001229696,0.42787502355374046,0.7878760668274555,0.02965613597672752,1.0
NP_001107648,0.427383494280852,0.7882291756657788,0.029623077147028817,1.0
NP_073572,0.42703827966444785,0.7884771467850643,0.029599857669080798,1.0
NP_056254,0.42686696623704257,0.7886001946116777,0.02958833454526422,1.0
NP_003621,0.42617845724558406,0.7890946679126957,0.02954202032843526,1.0
NP_006749,0.42586111280015915,0.78932254779378,0.029520671900985482,1.0
NP_064582,0.4256182953802158,0.7894968979213026,0.02950433642879067,1.0
NP_115763,0.4256049114699503,0.7895065076350961,0.029503436014079894,1.0
NP_631916,0.4255469713837238,0.7895481085030635,0.029499538022918003,1.0
NP_001245235,0.4251312954492887,0.7898465438600303,0.029471571990710783,1.0
NP_037364,0.42436102771248596,0.7903994695372856,0.02941974531122672,1.0
NP_001231931,0.4242345638763522,0.7904902385796917,0.02941123579193541,1.0
NP_037499,0.4239642092636892,0.7906842741112288,0.02939304362606511,1.0
NP_005493,0.4239025497467426,0.790728525563118,0.029388894460756446,1.0
NP_995315,0.4234132870515906,0.7910796297612395,0.029355969951419432,1.0
NP_003740,0.4233802560050174,0.7911033317280456,0.029353747075256346,1.0
NP_001139632,0.4231506575209216,0.7912680777610643,0.029338295603275166,1.0
NP_071373,0.42307285708677006,0.7913239002353236,0.029333059693925998,1.0
NP_004652,0.42302424419628093,0.7913587797731191,0.029329788055130174,1.0
NP_055542,0.42301525852501154,0.7913652269005254,0.02932918331865315,1.0
NP_068744,0.42301138854044507,0.7913680035698781,0.02932892286811486,1.0
NP_006200,0.42297238654528907,0.7913959868817838,0.029326298020224066,1.0
NP_006848,0.42291103311615924,0.791440006364629,0.029322168884292614,1.0
NP_006666,0.42278242708343144,0.7915322753391968,0.02931351347916896,1.0
NP_003780,0.42273684923109395,0.7915649745617263,0.029310445975004446,1.0
NP_001003408,0.42242137536239655,0.7917912953986067,0.0292892132581851,1.0
NP_057578,0.42234431291964547,0.7918465768549493,0.029284026490846313,1.0
NP_001244332,0.422294076935651,0.791882613443251,0.02928064527619013,1.0
NP_005139,0.42210020435721457,0.7920216822941574,0.02926759614592675,1.0
NP_001124195,0.4219924878388827,0.7920989462381973,0.029260345836036265,1.0
NP_001229825,0.42194956576599196,0.7921297331257957,0.029257456756581087,1.0
NP_001229826,0.42194956576599196,0.7921297331257957,0.029257456756581087,1.0
NP_006868,0.4216094922082913,0.7923736454910005,0.029234565839276028,1.0
NP_001122064,0.421463018254579,0.7924786941664267,0.029224706100975627,1.0
NP_612424,0.4213748431998344,0.7925419296753411,0.02921877059443656,1.0
NP_997080,0.4212206416300828,0.7926525127474204,0.02920839033653889,1.0
NP_001041666,0.4210179646970472,0.7927978514925146,0.0291947465655828,1.0
NP_001077430,0.42099825445051725,0.7928119851614353,0.029193419694131886,1.0
NP_002397,0.42097817042137725,0.792826386774922,0.029192067656328504,1.0
NP_003598,0.4208946405671481,0.7928862824396543,0.0291864444653203,1.0
NP_065156,0.42073217456163026,0.7930027755850877,0.029175507142682227,1.0
NP_002601,0.4205495920676189,0.7931336861774111,0.02916321527016922,1.0
NP_056485,0.420517135446573,0.793156956643384,0.029161030183370778,1.0
NP_005743,0.420295195440675,0.7933160752276587,0.029146088186430587,1.0
NP_003739,0.42023424570929824,0.7933597709342992,0.029141984696561898,1.0
NP_006017,0.42015121129016003,0.7934192981770238,0.02913639428144175,1.0
NP_940684,0.4199280067768498,0.7935793057882781,0.02912136638820242,1.0
NP_001116146,0.41976530185743743,0.7936959365594949,0.029110411512964545,1.0
NP_002659,0.41956464725076786,0.7938397626843607,0.029096901155803052,1.0
NP_940993,0.41951127915593533,0.793878014640564,0.029093307743540388,1.0
NP_660087,0.4193273843559697,0.7940098177831059,0.029080925425891406,1.0
NP_115646,0.41902013747831185,0.7942300147457334,0.029060236651531072,1.0
NP_001230209,0.4188571643342354,0.7943468055580194,0.029049262334763917,1.0
NP_671723,0.4186075916932365,0.7945256445065195,0.029032456083651396,1.0
NP_071936,0.4186037466753738,0.7945283996648291,0.029032197155143758,1.0
NP_001768,0.4185297945155693,0.7945813896562473,0.029027217093574056,1.0
NP_006859,0.4185154379710752,0.7945916766148325,0.029026250294043265,1.0
NP_848702,0.41848962322782673,0.794610173652747,0.029024511870761438,1.0
NP_036277,0.41844424820036574,0.7946426858635514,0.029021456198548866,1.0
NP_001035982,0.4180205699211265,0.7949462386633936,0.028992923674502236,1.0
NP_852118,0.4179721479768787,0.7949809289912793,0.02898966260213843,1.0
NP_005210,0.41796593708130303,0.7949853785476293,0.028989244315409578,1.0
NP_150600,0.41791119147980277,0.7950245985474316,0.028985557334183433,1.0
NP_005907,0.4178052159780515,0.7951005179777995,0.028978420065977374,1.0
NP_001093862,0.41769475594230704,0.7951796473904422,0.028970980660424413,1.0
NP_036249,0.41766267921252365,0.795202625439651,0.028968820293924096,1.0
NP_004324,0.4175244433756108,0.7953016475355825,0.02895951000571736,1.0
NP_006829,0.41743851362950735,0.7953631991862256,0.028953722482317677,1.0
NP_060382,0.417319289406393,0.7954485969802412,0.02894569240157096,1.0
NP_001186976,0.4172561662543314,0.7954938094616457,0.02894144082914888,1.0
NP_005063,0.4169131867932172,0.7957394555697608,0.028918339272177573,1.0
NP_659494,0.4168836129927534,0.7957606354382297,0.028916347262250917,1.0
NP_006361,0.4168641402094308,0.7957745811526269,0.02891503562461782,1.0
NP_004595,0.41685849339928976,0.7957786251809351,0.02891465526904818,1.0
NP_002745,0.41685513592577006,0.7957810296709351,0.02891442911755399,1.0
NP_004514,0.41678431230666335,0.7958317501527166,0.02890965858113601,1.0
NP_004854,0.4167314168539583,0.7958696305948689,0.028906095619342417,1.0
NP_061891,0.4166539805064452,0.795925084551717,0.028900879570934155,1.0
NP_001189788,0.41663279190831587,0.7959402579574684,0.028899452314701465,1.0
NP_067017,0.4166033043125766,0.7959613742027418,0.02889746603403827,1.0
NP_001185824,0.4165411156661666,0.7960059072155728,0.028893276988161878,1.0
NP_001020331,0.4165020449037838,0.7960338851616567,0.028890645151402515,1.0
NP_060697,0.4163309912238142,0.7961563698363026,0.028879122675336915,1.0
NP_001131022,0.4162873780019521,0.7961875984389304,0.028876184768428795,1.0
NP_002735,0.4162703396284204,0.7961997983955398,0.028875037011767763,1.0
NP_001124192,0.41609771182733274,0.7963234010064422,0.028863408125068105,1.0
NP_001171900,0.4159933101017248,0.7963981499749196,0.02885637507962948,1.0
NP_005347,0.4151305667032432,0.7970157553518536,0.028798252279596533,1.0
NP_003289,0.4149749084298836,0.7971271667050852,0.028787764881033958,1.0
NP_006454,0.4149064637654738,0.7971761537064099,0.028783153384201125,1.0
NP_001598,0.414699101446287,0.7973245596787291,0.02876918196680764,1.0
NP_079229,0.41464124172295563,0.7973659671672695,0.02876528348987161,1.0
NP_001026976,0.41460140398721457,0.7973944767048541,0.028762599281623672,1.0
NP_055141,0.41459862258098507,0.7973964671805983,0.028762411873994306,1.0
NP_008965,0.41440361555828936,0.7975360167489346,0.02874927236746721,1.0
NP_689967,0.41428753757651754,0.7976190793806701,0.028741450903939165,1.0
NP_612452,0.4140697378662416,0.7977749229961049,0.02872677497726174,1.0
NP_116764,0.41386886959409863,0.7979186415112662,0.02871323954300364,1.0
NP_055815,0.413847555949603,0.797933890567092,0.028711803308810457,1.0
NP_004672,0.4135326637232,0.7981591705878446,0.028690583590517165,1.0
NP_000010,0.4134273149245233,0.7982345338391152,0.028683484218665747,1.0
NP_060672,0.41327778504696194,0.7983414982582809,0.02867340734081436,1.0
NP_778230,0.41320552538204774,0.7983931864118847,0.028668537658356544,1.0
NP_076959,0.4131963922779805,0.7983997193342605,0.02866792216189842,1.0
NP_037416,0.41309282331759817,0.7984738009446196,0.02866094240712125,1.0
NP_000377,0.41305752481826263,0.7984990489347397,0.02865856353566943,1.0
NP_004610,0.4130493810210427,0.7985048739131226,0.028658014699161596,1.0
NP_004996,0.41296667182290875,0.7985640320482678,0.028652440626970376,1.0
NP_006259,0.4125582403160008,0.798856140128151,0.028624914011584596,1.0
NP_001012985,0.4125099452211783,0.7988906778325225,0.028621659016301752,1.0
NP_998814,0.41248440132189673,0.7989089450392788,0.028619937398444935,1.0
NP_001371,0.4118361172799809,0.7993724986303303,0.028576242050531234,1.0
NP_000910,0.41178293498877844,0.7994105218642555,0.028572657307310425,1.0
NP_071736,0.41160895972917544,0.7995349023880539,0.028560930349924678,1.0
NP_004260,0.4115203476942975,0.7995982510977739,0.028554957267928827,1.0
NP_113620,0.41150204816069247,0.7996113331838143,0.028553723739935328,1.0
NP_079414,0.4114659949542665,0.7996371068833984,0.02855129346995849,1.0
NP_001009921,0.4114110244997524,0.7996764035129392,0.028547588005112323,1.0
NP_001158275,0.41138697489516524,0.7996935955733315,0.02854596685328115,1.0
NP_001335,0.4109426026244341,0.8000112327638399,0.028516011336385153,1.0
NP_663781,0.41083609258197085,0.8000873587552918,0.02850883112836529,1.0
NP_005588,0.41082002167383896,0.8000988448779489,0.02850774772399951,1.0
NP_004628,0.41072529524590545,0.8001665459756078,0.028501361786516285,1.0
NP_997305,0.4107200960219469,0.8001702618020443,0.028501011280853715,1.0
NP_079114,0.41063125203785267,0.8002337565362309,0.028495021824931112,1.0
NP_057113,0.41036790311493504,0.8004219541754758,0.02847726760856884,1.0
NP_002650,0.4102972170970039,0.8004724656932196,0.028472502052921525,1.0
NP_001005373,0.41000377746297245,0.8006821411211341,0.028452718250095987,1.0
NP_000427,0.4098762519004345,0.800773256859401,0.028444120180864032,1.0
NP_149163,0.4097438887170913,0.8008678246315835,0.028435195787062054,1.0
NP_008979,0.4096245399447401,0.800953090321464,0.028427148730296538,1.0
NP_001008493,0.4095742907275577,0.8009889885011103,0.02842376065135495,1.0
NP_060244,0.40941818871812424,0.8011005040681319,0.028413235243507542,1.0
NP_005418,0.4091908036336968,0.8012629313376474,0.028397903061322997,1.0
NP_001177809,0.40915923754713196,0.8012854787853467,0.028395774576559056,1.0
NP_001258762,0.4091407422176072,0.8012986897576833,0.028394527441796588,1.0
NP_942595,0.4091163773621031,0.8013160931207097,0.028392884521694785,1.0
NP_001171914,0.4090761122585937,0.8013448533983656,0.02839016943706543,1.0
NP_056288,0.40895682941936573,0.8014300514489556,0.028382126080382274,1.0
NP_001124330,0.40880831103030385,0.8015361259005704,0.02837211115629535,1.0
NP_055316,0.4084818026689548,0.8017693037446332,0.028350093248081805,1.0
NP_001652,0.40835589007639933,0.8018592175181836,0.02834160213641377,1.0
NP_001139013,0.40811451645101493,0.8020315700257735,0.028325324315338737,1.0
NP_071801,0.40808438094512045,0.8020530871684433,0.02832329199048955,1.0
NP_001735,0.4079489361374593,0.8021497935700492,0.028314157549119125,1.0
NP_659453,0.40792693729193497,0.8021655000961911,0.028312673923692723,1.0
NP_003744,0.4078867885863179,0.8021941647576107,0.028309966240811873,1.0
NP_036586,0.4075873954169293,0.8024079067619235,0.02828977428563672,1.0
NP_057134,0.4075312765350628,0.8024479683699827,0.02828598936993402,1.0
NP_077274,0.4073533510155617,0.8025749786038209,0.02827398905898617,1.0
NP_001156787,0.4073354708334294,0.8025877417158745,0.028272783101222963,1.0
NP_078947,0.40728699911988825,0.8026223410424408,0.028269513833157386,1.0
NP_775829,0.4070230887208283,0.8028107104824722,0.028251713502110247,1.0
NP_065890,0.40673433380004526,0.8030167916861782,0.028232236700984632,1.0
NP_542781,0.40661767520121683,0.8031000432981095,0.02822436774324532,1.0
NP_001014972,0.40661030698676415,0.8031053013880067,0.028223870731727285,1.0
NP_001139345,0.40660762177802956,0.8031072175974567,0.028223689604995786,1.0
NP_005093,0.4065390934319549,0.8031561199041357,0.028219067105249383,1.0
NP_001243384,0.40633761907729565,0.8032998860815929,0.028205476632673906,1.0
NP_619520,0.40614764248722746,0.8034354377480571,0.02819266139473675,1.0
NP_004785,0.40609818348680343,0.8034707260190441,0.028189324986851706,1.0
NP_542411,0.40600376003805955,0.8035380939218795,0.028182955301199148,1.0
NP_001058,0.4058053985401765,0.8036796101810754,0.02816957381510229,1.0
NP_002019,0.4057543978775017,0.803715993651777,0.02816613324584267,1.0
NP_066959,0.4057212402317798,0.803739647674613,0.02816389637602427,1.0
NP_001020775,0.40570187264705615,0.8037534639960915,0.028162589801846855,1.0
NP_055799,0.40561445560740605,0.8038158237211017,0.028156692438032045,1.0
NP_004490,0.40552701926307777,0.8038781951294571,0.028150793700279543,1.0
NP_055779,0.40526720421352175,0.804063517961068,0.028133265316660126,1.0
NP_114428,0.40499990392250573,0.8042541605789975,0.028115231282453777,1.0
NP_742000,0.4049623339088627,0.8042809545051224,0.028112696480683836,1.0
NP_055215,0.40446541089062477,0.8046353099615168,0.028079168462914656,1.0
NP_005546,0.404374713415518,0.8046999788776648,0.028073048741151106,1.0
NP_071357,0.40435486513071606,0.8047141307533049,0.02807170948763257,1.0
NP_001258570,0.4040591552471169,0.8049249596200118,0.028051756167630424,1.0
NP_001171590,0.4038850306212365,0.8050490918185922,0.028040006551192036,1.0
NP_056326,0.4037855605232775,0.8051199995264333,0.028033294360472843,1.0
NP_055958,0.40368779566149715,0.8051896889426803,0.028026697147871486,1.0
NP_071353,0.40340020016812034,0.8053946791339752,0.0280072895678766,1.0
NP_060937,0.4033246837417079,0.8054485013080772,0.028002193423923554,1.0
NP_071748,0.40313404296216904,0.805584367899625,0.02798932800039814,1.0
NP_055095,0.4031322347156931,0.8055856565582915,0.02798920596896474,1.0
NP_006563,0.4027844647741181,0.8058334798224626,0.027965735775553387,1.0
NP_002980,0.4019012776033977,0.8064626898484338,0.027906126410434433,1.0
NP_006209,0.40167063606482983,0.8066269691097401,0.027890558409172456,1.0
NP_005757,0.4016298103578531,0.8066560464707369,0.02788780267556907,1.0
NP_005391,0.4016169994468575,0.8066651707076051,0.027886937936363876,1.0
NP_003194,0.4014682815556927,0.8067710876600388,0.027876899334622902,1.0
NP_002026,0.4012989090604795,0.8068917070082197,0.027865466274573668,1.0
NP_076990,0.40129829210490336,0.806892146360525,0.02786542462806314,1.0
NP_932068,0.40091242720869397,0.8071669104149685,0.02783937679193306,1.0
NP_001009880,0.4006535524910384,0.807351223752264,0.027821900654066707,1.0
NP_001020419,0.40039543813471556,0.807534976125319,0.027804475221173415,1.0
NP_612455,0.4001537836877262,0.8077069928343258,0.02778816043902352,1.0
NP_004699,0.40011773291529273,0.8077326533495963,0.027785726501438082,1.0
NP_001010989,0.3999840675089172,0.8078277914520603,0.02777670208756774,1.0
NP_066576,0.39978854655722135,0.8079669464997591,0.027763501197578692,1.0
NP_055483,0.39971273661439377,0.8080208984589148,0.027758382679262606,1.0
NP_777593,0.3995275012695001,0.8081527184196996,0.027745875775040302,1.0
NP_001120865,0.39911097067679646,0.8084490987234945,0.027717750872923358,1.0
NP_006178,0.39897439342253566,0.8085462682715272,0.027708528574423148,1.0
NP_115686,0.39890941674259,0.8085924947507732,0.027704141001036586,1.0
NP_006560,0.3988037648006005,0.8086676561915035,0.02769700673159518,1.0
NP_037528,0.3986882834094097,0.8087498065113629,0.027689208597479677,1.0
NP_001258975,0.39862940864249524,0.8087916868685584,0.027685232901627815,1.0
NP_001243725,0.3983868000703284,0.808964254550894,0.027668849684492607,1.0
NP_004993,0.39836335325248223,0.8089809313468928,0.02766726630513147,1.0
NP_065186,0.39820623627376867,0.8090926781441572,0.027656655956945362,1.0
NP_003178,0.39812655688397836,0.8091493458958928,0.02765127499824813,1.0
NP_001185832,0.3979562600801853,0.8092704540065168,0.027639774207646402,1.0
NP_060887,0.3978555593310198,0.809342064090701,0.02763297337520348,1.0
NP_694955,0.3977806625516203,0.8093953225058061,0.027627915154051576,1.0
NP_058626,0.3974927434711779,0.8096000431346537,0.027608469790785527,1.0
NP_004308,0.3972529867889161,0.8097704991702095,0.02759227660675547,1.0
NP_006637,0.39720413525028736,0.8098052282089993,0.027588977104087038,1.0
NP_008832,0.3970184324410829,0.8099372394391595,0.02757643426686692,1.0
NP_703151,0.3967102478152828,0.8101562962163518,0.027555617984010187,1.0
NP_002148,0.3963645583779826,0.8104019762064103,0.02753226738394296,1.0
NP_660309,0.39634807393015203,0.8104136907022678,0.02753115386588109,1.0
NP_055030,0.396228236978072,0.8104988489951457,0.027523058849561882,1.0
NP_000242,0.39591199059329923,0.8107235577873719,0.02750169567944008,1.0
NP_001243749,0.3957866704740123,0.8108125952884915,0.027493229757688534,1.0
NP_663768,0.3955839931320089,0.8109565831306571,0.027479537705503185,1.0
NP_005710,0.3954611528478063,0.811043846116238,0.027471238930721828,1.0
NP_542937,0.3954532628673902,0.8110494508187119,0.027470705899025012,1.0
NP_015561,0.39539046307998155,0.8110940603831212,0.027466463246970878,1.0
NP_060555,0.3953303203451096,0.8111367813524526,0.027462400066387074,1.0
NP_068750,0.3952561272854772,0.8111894810605356,0.02745738761370763,1.0
NP_612402,0.39499968534382673,0.8113716196368373,0.02744006210337005,1.0
NP_001080,0.39496727504471224,0.8113946376521634,0.02743787238262306,1.0
NP_001028774,0.3948961687680917,0.8114451366438098,0.027433068230452332,1.0
NP_005101,0.39469929033983464,0.8115849494017625,0.027419766288880657,1.0
NP_002589,0.39445849484230217,0.8117559329418864,0.027403496629181377,1.0
NP_060309,0.3941367396974768,0.8119843751404479,0.02738175597641019,1.0
NP_079437,0.3941234346032246,0.8119938208779769,0.027380856944422112,1.0
NP_078914,0.3940290397819375,0.8120608333264812,0.027374478590596663,1.0
NP_443080,0.3938389309107971,0.8121957860520674,0.027361632487426766,1.0
NP_057141,0.3937941793653885,0.8122275521690829,0.027358608470998056,1.0
NP_001036015,0.39377587001473696,0.8122405485611377,0.027357371239540747,1.0
NP_003721,0.39362056451183375,0.8123507835674307,0.02734687653795212,1.0
NP_001129673,0.39352979640157415,0.812415206665802,0.02734074281764837,1.0
NP_005629,0.39346099105318927,0.8124640398095906,0.02733609319521969,1.0
NP_997329,0.39339404537765144,0.8125115516151775,0.02733156920024625,1.0
NP_112243,0.3930907808322091,0.8127267622920362,0.027311074932960335,1.0
NP_055718,0.3926486196388989,0.8130404867332574,0.027281192643244738,1.0
NP_055054,0.39260668146977473,0.8130702395903904,0.02727835826815505,1.0
NP_001123492,0.39248461345954677,0.813156836938369,0.02727010825444992,1.0
NP_001217,0.3923462857751752,0.813254963284183,0.027260759155229238,1.0
NP_005424,0.39203070203036283,0.8134788072240733,0.027239429247121933,1.0
NP_001243063,0.39186407105944393,0.8135969854981309,0.027228166492167076,1.0
NP_996790,0.39162386329381216,0.8137673298179804,0.027211930148665044,1.0
NP_005014,0.39155838109786634,0.8138137634596322,0.027207503922031556,1.0
NP_001028174,0.39153990636265146,0.8138268636974035,0.02720625512698244,1.0
NP_689478,0.3914804237006971,0.8138690414468629,0.027202234389728592,1.0
NP_001073929,0.39140743104837517,0.8139207972003066,0.027197300397731976,1.0
NP_003189,0.39131473211209755,0.8139865232178295,0.02719103427284073,1.0
NP_950248,0.3912286764842165,0.8140475363846935,0.027185217140180563,1.0
NP_001656,0.39084207947361405,0.8143216018595221,0.027159083347255378,1.0
NP_851808,0.3901376897604194,0.8148208269558458,0.027111463293226834,1.0
NP_006496,0.38989786082755223,0.8149907636187077,0.02709524866670106,1.0
NP_003657,0.389853480284908,0.8150222083959289,0.027092248077371615,1.0
NP_066303,0.3894786609144886,0.8152877509691708,0.027066905625456213,1.0
NP_036567,0.3892714446621968,0.8154345337083662,0.027052894662474365,1.0
NP_003064,0.38919348459171177,0.8154897533318001,0.027047623274262692,1.0
NP_853553,0.38905360689692514,0.8155888243801565,0.027038165088942676,1.0
NP_037392,0.388948568360606,0.815663215507712,0.027031062520846895,1.0
NP_054779,0.388901879276405,0.8156962807587183,0.027027905432903145,1.0
NP_036363,0.38883016284320254,0.8157470689378767,0.0270230559706857,1.0
NP_005650,0.38877979115391886,0.8157827401256473,0.02701964981025958,1.0
NP_001240844,0.3886156567560248,0.8158989673741667,0.027008550789495458,1.0
NP_055179,0.3886065613109529,0.8159054077906378,0.027007935734087298,1.0
NP_055546,0.3884881537595843,0.8159892486787842,0.02699992866575602,1.0
NP_112576,0.38775550306040135,0.8165079087445255,0.026950381731043627,1.0
NP_057047,0.38768569729302443,0.8165573160698605,0.02694566071636981,1.0
NP_003392,0.3875794508349854,0.8166325122188502,0.02693847510343321,1.0
NP_775179,0.3874864236592354,0.8166983491467562,0.02693218344394338,1.0
NP_001177768,0.38742176974996406,0.8167441040397293,0.026927810691178295,1.0
NP_000568,0.3872932588377504,0.8168350455054805,0.02691911896630353,1.0
NP_003066,0.3872277234702226,0.8168814197398777,0.026914686478377543,1.0
NP_115506,0.38718382641746996,0.8169124813926457,0.02691171747639244,1.0
NP_065733,0.3871100703663368,0.8169646698117209,0.02690672890337315,1.0
NP_005521,0.3871023862693704,0.8169701068265285,0.02690620917793771,1.0
NP_055291,0.38689039920967727,0.8171200936991537,0.026891870895946406,1.0
NP_001746,0.3868017732777301,0.8171827943611797,0.02688587633119278,1.0
NP_115548,0.38678476942745943,0.8171948238484517,0.026884726200213524,1.0
NP_115707,0.386520232441983,0.8173819591124292,0.02686683271541714,1.0
NP_002803,0.38638239054452345,0.817479459568396,0.026857508722865166,1.0
NP_001185951,0.38604230679731105,0.817719983921145,0.02683450378947577,1.0
NP_001207417,0.38565006140861136,0.8179973483054996,0.02680796903597482,1.0
NP_001001683,0.3855319045931908,0.8180808884900408,0.02679997563872445,1.0
NP_001017921,0.38549542596900765,0.8181066788876751,0.026797507805890578,1.0
NP_006062,0.3852133254755263,0.8183061078412538,0.02677842286796901,1.0
NP_054885,0.38514282998678107,0.8183559396487248,0.026773653521460026,1.0
NP_653314,0.3849965880719301,0.8184593093172878,0.026763759429124213,1.0
NP_001070957,0.3849461032817739,0.8184949922018233,0.02676034380093734,1.0
NP_057717,0.3841399572686368,0.8190646545508731,0.026705799471488174,1.0
NP_006055,0.38362615919364734,0.8194276056447329,0.02667103239112226,1.0
NP_003370,0.38352592632042376,0.8194983996477467,0.026664249662081068,1.0
NP_954653,0.3828770045258445,0.8199566402759038,0.026620335027920005,1.0
NP_001536,0.38230411984418716,0.8203610568383299,0.02658156277732285,1.0
NP_114415,0.38201213822239055,0.820567128301195,0.026561800570807145,1.0
NP_000446,0.3819906824175126,0.820582269874217,0.0265603483448581,1.0
NP_005015,0.3818888612933628,0.8206541236886304,0.026553456571421427,1.0
NP_059110,0.38185980844634304,0.8206746251824291,0.02655149010853798,1.0
NP_002761,0.38171563691717203,0.8207763568732627,0.026541731637171734,1.0
NP_002189,0.3814593992140459,0.8209571464379162,0.026524387311825433,1.0
NP_057067,0.3811283395067566,0.8211906902369197,0.02650197748807716,1.0
NP_004641,0.38101488341226303,0.8212707175040741,0.02649429727325736,1.0
NP_076427,0.3808421382940198,0.8213925554211967,0.026482603357413592,1.0
NP_001026897,0.38059122707241144,0.8215695040110673,0.026465617516192468,1.0
NP_877423,0.38015916688994994,0.8218741468132308,0.026436367113742334,1.0
NP_056451,0.37987506778502916,0.8220744242170711,0.02641713269373642,1.0
NP_065843,0.3798683624032735,0.8220791508420358,0.026416678708718493,1.0
NP_062826,0.3796732757478416,0.8222166598804999,0.0264034702643893,1.0
NP_057710,0.37942402323118596,0.8223923269633306,0.026386593970536946,1.0
NP_001258028,0.3791682233996437,0.8225725834292921,0.026369273765266356,1.0
NP_002067,0.37902693547533456,0.8226721350086224,0.026359706896453124,1.0
NP_001124335,0.37898825408977077,0.8226993885893151,0.026357087674925728,1.0
NP_653337,0.3787219836623333,0.8228869778108777,0.026339057399722452,1.0
NP_001771,0.3785340865033954,0.8230193359145301,0.026326333701758332,1.0
NP_078975,0.3782881084287053,0.8231925863713104,0.026309676477198205,1.0
NP_001258763,0.37806707250045196,0.8233482490075408,0.0262947078069725,1.0
NP_001254507,0.3779065928199749,0.8234612533938019,0.026283839749570624,1.0
NP_079113,0.37789968485473285,0.82346611752259,0.026283371920643006,1.0
NP_001019831,0.37780186932033,0.823534990684535,0.026276747499664178,1.0
NP_000214,0.37744818614924697,0.823783991971687,0.0262527940467814,1.0
NP_001265367,0.37692899461639323,0.8241494252195647,0.026217629283523513,1.0
NP_001161067,0.3768924142940783,0.8241751682557925,0.02621515160810113,1.0
NP_954863,0.3767391782005142,0.8242830008236033,0.02620477241263196,1.0
NP_005479,0.37672632742981393,0.8242920435124754,0.026203901976700066,1.0
NP_067013,0.3767183993108005,0.8242976222510896,0.026203364971582085,1.0
NP_003908,0.37671459267104673,0.8243003008407273,0.026203107131520027,1.0
NP_542778,0.3764764535123822,0.824467858915013,0.026186976671909324,1.0
NP_940892,0.3759062954430308,0.8248689377413874,0.026148354595368243,1.0
NP_001013863,0.37574159381976147,0.8249847730570143,0.02613719726162132,1.0
NP_056369,0.37570443255053415,0.8250109072126626,0.026134679821312744,1.0
NP_113600,0.37563725031251816,0.8250581525959066,0.02613012861773151,1.0
NP_036453,0.37561393145497807,0.825074550973214,0.026128548891613253,1.0
NP_001167014,0.37554306268262383,0.8251243862349729,0.02612374788521857,1.0
NP_003230,0.37539612196136224,0.8252277091745152,0.026113793232303898,1.0
NP_001001924,0.37514014316988514,0.8254076824700837,0.026096451195164645,1.0
NP_775758,0.374849360567987,0.82561209324371,0.02607675052207821,1.0
NP_055192,0.3747656253133053,0.8256709500262409,0.02607107726705192,1.0
NP_001231191,0.3747145314538146,0.8257068620485964,0.026067615508738533,1.0
NP_001186326,0.37465767141232265,0.8257468256564926,0.02606376304580978,1.0
NP_001157632,0.37447892347203315,0.8258724485428566,0.026051652060969516,1.0
NP_003386,0.37438759906666136,0.825936625685329,0.02604546430144757,1.0
NP_001186049,0.37432153573551624,0.8259830487743158,0.02604098807758879,1.0
NP_005887,0.37411692953404946,0.826126815370187,0.02602712440479478,1.0
NP_536350,0.37399490413608905,0.8262125483440291,0.026018856040395052,1.0
NP_001035250,0.3739944206620146,0.826212888012506,0.02601882328021593,1.0
NP_814444,0.37382667818942417,0.8263307309738978,0.026007456925625925,1.0
NP_060103,0.3737347756552654,0.8263952897007484,0.026001229429129195,1.0
NP_037380,0.37372705782915033,0.8264007110792874,0.026000706450425248,1.0
NP_001138671,0.37370438946296625,0.8264166343059856,0.025999170383448303,1.0
NP_001034444,0.373296880340554,0.8267028497820191,0.02597155568748741,1.0
NP_997251,0.3732555488438468,0.8267318752566246,0.025968754787350234,1.0
NP_001092872,0.3731708552279389,0.8267913500129311,0.02596301532811779,1.0
NP_000880,0.3729773209426688,0.8269272452063872,0.02594989977471186,1.0
NP_443197,0.3717901261483719,0.8277605222507648,0.02586943748029887,1.0
NP_775846,0.371636902387804,0.8278680248466803,0.025859051749773716,1.0
NP_000234,0.37149016293627124,0.8279709687015112,0.025849105327597485,1.0
NP_003551,0.37146807882473093,0.8279864608382324,0.025847608385399477,1.0
NP_001486,0.37146194055938586,0.8279907668314636,0.02584719231041065,1.0
NP_003216,0.3714053301400499,0.8280304782880213,0.02584335502396067,1.0
NP_659475,0.37109971516030427,0.8282448396212647,0.02582263866479368,1.0
NP_003226,0.3708871245421614,0.828393929310081,0.025808227517755057,1.0
NP_112594,0.3708726991848772,0.8284040451071693,0.02580724963250933,1.0
NP_689616,0.3706946246605177,0.8285289127346236,0.025795177918845714,1.0
NP_001154970,0.370637440259757,0.8285690081291073,0.025791301311478772,1.0
NP_003305,0.3705637771175165,0.8286206556892983,0.025786307542615083,1.0
NP_005634,0.37050118020274253,0.8286645425403791,0.025782063934774738,1.0
NP_055660,0.3701995439672961,0.8288759968788006,0.025761614710681467,1.0
NP_835471,0.3700851128187384,0.8289562056657163,0.025753856703924917,1.0
NP_001189488,0.36988369945236566,0.829097369623476,0.02574020132580906,1.0
NP_005594,0.3697173770378091,0.8292139262979679,0.02572892474758073,1.0
NP_005603,0.3696203310364355,0.8292819294014471,0.025722344955635707,1.0
NP_036371,0.36941755043687646,0.8294240108103794,0.02570859599146695,1.0
NP_659489,0.3693895063512,0.829443658935826,0.025706694511129478,1.0
NP_060190,0.36880755800020504,0.8298513038807283,0.02566723484266178,1.0
NP_009192,0.3687492134416066,0.8298921651119178,0.025663278547352668,1.0
NP_004166,0.3685047225619437,0.8300633765161266,0.025646699477594518,1.0
NP_110448,0.36821889747055025,0.8302635001149863,0.025627316795359595,1.0
NP_001896,0.3675518804106193,0.8307303796137455,0.025582081308629667,1.0
NP_004658,0.36754768095021584,0.8307333184092742,0.02558179649805817,1.0
NP_001035530,0.3673898815340722,0.8308437412719699,0.025571094301983555,1.0
NP_057535,0.3669401791052008,0.8311583676541342,0.025540593510569948,1.0
NP_055635,0.3663319368362617,0.8315837701657114,0.02549933681380154,1.0
NP_057484,0.3656737445320166,0.8320439205522039,0.0254546881012944,1.0
NP_004152,0.3654514240652949,0.8321993033908623,0.025439605987813467,1.0
NP_075392,0.3653684367927157,0.8322572986054038,0.025433976051524775,1.0
NP_054745,0.36525038220348166,0.8323397950483484,0.025425967002703654,1.0
NP_872304,0.36521720753230874,0.8323629763412373,0.025423716345953293,1.0
NP_714913,0.36521067555289727,0.8323675405997388,0.02542327319810371,1.0
NP_004022,0.3650754102260064,0.8324620536753018,0.025414096327410984,1.0
NP_071742,0.3648601145245561,0.8326124686986334,0.025399489561032332,1.0
NP_612373,0.3646424962534981,0.8327644849038423,0.025384724774640367,1.0
NP_061138,0.36458993196045175,0.8328012001983164,0.02538115836841665,1.0
NP_001007562,0.364540939184606,0.8328354197097535,0.025377834260626144,1.0
NP_001257870,0.3644565560086712,0.8328943554389109,0.025372108898628558,1.0
NP_009151,0.3643054868621585,0.8329998584989471,0.02536185875435179,1.0
NP_001106279,0.36423559303882097,0.8330486671259544,0.02535711633797878,1.0
NP_001153803,0.3640258427854146,0.8331951275791922,0.02534288414471581,1.0
NP_006143,0.36394693115397725,0.833250223271565,0.025337529642678654,1.0
NP_001103132,0.3636644473238248,0.8334474285132936,0.025318361387339516,1.0
NP_003615,0.3636634808802273,0.8334481031356358,0.02531829580693724,1.0
NP_066363,0.3636021531138018,0.8334909118720687,0.02531413424277965,1.0
NP_001130033,0.3635946979678841,0.8334961156832403,0.025313628350939497,1.0
NP_113615,0.36356509487894906,0.8335167788597497,0.02531161953716986,1.0
NP_115510,0.3634765831688171,0.8335785582768962,0.025305613238144637,1.0
NP_001091949,0.36317328357094425,0.8337902278783801,0.025285031127930038,1.0
NP_659500,0.36290019454054534,0.8339807773334906,0.02526649838299973,1.0
NP_065141,0.3628991876495852,0.8339814798333569,0.025266430050670842,1.0
NP_001078880,0.3627849718665006,0.8340611642199115,0.02525867877136054,1.0
NP_000110,0.36270831906317536,0.8341146388123505,0.025253476642825356,1.0
NP_071922,0.36245907959790963,0.8342884945103323,0.025236561342951935,1.0
NP_055534,0.36236249526299885,0.8343558586107824,0.025230006232088452,1.0
NP_060340,0.36225948833351584,0.8344276974300834,0.025223015127096116,1.0
NP_937983,0.3621740662855868,0.8344872684785233,0.025217217436165916,1.0
NP_071741,0.36208261491668553,0.8345510404222054,0.02521101045196753,1.0
NP_079049,0.36187750800951757,0.8346940537044898,0.025197089155488274,1.0
NP_006850,0.3615275433494161,0.834938025114945,0.02517333495745258,1.0
NP_689943,0.361402819682979,0.8350249599583017,0.025164868935203137,1.0
NP_004538,0.3612288208495687,0.8351462282756871,0.02515305795595558,1.0
NP_001257502,0.3612092801806492,0.8351598462310418,0.025151731524387717,1.0
NP_002346,0.3608426546240392,0.8354153152040702,0.02512684410673155,1.0
NP_006821,0.36079650699149035,0.8354474668913777,0.025123711405271854,1.0
NP_001129294,0.36063599675966135,0.8355592886762228,0.025112815117731235,1.0
NP_002757,0.3605890521006172,0.8355919910361538,0.02510962821875831,1.0
NP_714922,0.36045464506471864,0.8356856152010148,0.025100503707840227,1.0
NP_055653,0.3601462772531223,0.8359003829522804,0.025079568849768908,1.0
NP_620162,0.3599671226980086,0.8360251371405312,0.025067405769267283,1.0
NP_005636,0.3598781317156377,0.8360871002468829,0.025061363920686797,1.0
NP_004540,0.3598044326409709,0.8361384129456234,0.025056360226125854,1.0
NP_003217,0.3597856692478906,0.8361514764695404,0.025055086303856704,1.0
NP_006835,0.35964481096276935,0.83624953997834,0.025045522761691228,1.0
NP_060762,0.35963099172122337,0.8362591602210718,0.025044584497231293,1.0
NP_001298,0.35923144207026175,0.8365372662646661,0.025017456088754914,1.0
NP_008921,0.3592117016419798,0.8365510045679005,0.025016115724577254,1.0
NP_149112,0.3592005866627834,0.8365587399278489,0.02501536102200694,1.0
NP_001703,0.3590493060860158,0.8366640162088456,0.025005089016153337,1.0
NP_778238,0.358904648073725,0.8367646734771106,0.024995266482382615,1.0
NP_060822,0.35840283265751977,0.8371137725385747,0.024961190797791903,1.0
NP_001539,0.35812109058383534,0.8373097189190031,0.024942058109448176,1.0
NP_000912,0.35802493793333623,0.8373765824264656,0.024935528353029143,1.0
NP_291028,0.3579107159530418,0.8374560052700426,0.024927771389145634,1.0
NP_060264,0.3577182012085797,0.8375898535524805,0.024914697182068138,1.0
NP_848701,0.35764203720231136,0.8376428025096285,0.024909524577616516,1.0
NP_004918,0.35729823943229316,0.837881774051825,0.02488617520328262,1.0
NP_741960,0.3572677447755033,0.8379029678746424,0.024884104073737163,1.0
NP_775889,0.3570385836098242,0.8380622204779552,0.024868539673454926,1.0
NP_005408,0.3570157402480229,0.8380780937567255,0.024866988147625668,1.0
NP_005964,0.35700798806415646,0.8380834804961004,0.024866461616581854,1.0
NP_065882,0.3569539368288145,0.8381210381082783,0.02486279042193953,1.0
NP_008950,0.356935753965315,0.8381336721836146,0.024861555423951177,1.0
NP_004492,0.3568532303342634,0.83819101036814,0.02485595029837573,1.0
NP_001017404,0.35677468763094355,0.838245579435146,0.024850615503377797,1.0
NP_076968,0.3567633740507523,0.8382534395126567,0.02484984705505331,1.0
NP_002936,0.35633281094383085,0.8385525247879776,0.02482060116857964,1.0
NP_057269,0.3560109202532475,0.8387760618693894,0.024798735681580784,1.0
NP_006412,0.35595358648112435,0.8388158718996552,0.02479484099310009,1.0
NP_110413,0.3558751593075511,0.8388703255927457,0.024789513377512305,1.0
NP_619579,0.35580525492842713,0.8389188591316987,0.02478476467255482,1.0
NP_056207,0.3556846619835569,0.8390025792160288,0.024776572511757248,1.0
NP_060394,0.35496774537982495,0.8395001385364598,0.02472786784868062,1.0
NP_001106853,0.35474879651015323,0.8396520432999305,0.024712992302338144,1.0
NP_001177655,0.3542139110969974,0.8400230399396031,0.024676649887679383,1.0
NP_536351,0.3541644868973709,0.8400573132455983,0.02467329165836548,1.0
NP_001229757,0.3540892219162058,0.8401095035039814,0.024668177579359962,1.0
NP_848638,0.3537910398445452,0.8403162406119149,0.024647916279571035,1.0
NP_004498,0.35367265344455656,0.8403983082897148,0.024639871758513527,1.0
NP_001119526,0.3534463615331718,0.8405551581541983,0.024624494538147853,1.0
NP_037459,0.35333635831910376,0.8406313952832924,0.02461701931163289,1.0
NP_061874,0.3529316166685211,0.8409118458049489,0.02458951426053267,1.0
NP_006852,0.35285453978088827,0.8409652437875204,0.02458427616631268,1.0
NP_055706,0.3525496897799351,0.8411764103453853,0.024563558210913303,1.0
NP_057501,0.35249546977244806,0.8412139629770229,0.02455987326488505,1.0
NP_006546,0.35236668026092144,0.8413031561510421,0.0245511202515149,1.0
NP_005860,0.3522418366702665,0.8413896083798298,0.02454263526763335,1.0
NP_653081,0.3518478304839781,0.8416623984467709,0.024515855703029204,1.0
NP_001294,0.3517411702938796,0.841736230714887,0.02450860603742877,1.0
NP_443141,0.3516176071884594,0.841821756100659,0.02450020735030876,1.0
NP_005712,0.3515719020001947,0.8418533893668467,0.024497100693980138,1.0
NP_060367,0.3515112434294305,0.841895370416311,0.024492977601251815,1.0
NP_001004301,0.3514601421939963,0.8419307354607513,0.024489504113988113,1.0
NP_057423,0.35141102889884474,0.8419647234485846,0.024486165729015966,1.0
NP_001092879,0.35130661994783635,0.8420369736279778,0.024479068648671467,1.0
NP_001123493,0.3510420868618904,0.8422200029142881,0.024461086849105033,1.0
NP_001138827,0.3509318935083783,0.8422962343894335,0.024453596192392325,1.0
NP_001813,0.35077711066656225,0.8424033019863745,0.024443074264308577,1.0
NP_009011,0.3507227750284972,0.8424408844716668,0.024439380547353708,1.0
NP_001307,0.3505819087851332,0.8425383105903208,0.02442980438099962,1.0
NP_006836,0.3502673531209052,0.8427558262790996,0.024408420031612085,1.0
NP_938204,0.35007394594623675,0.8428895416632021,0.02439527122054514,1.0
NP_004102,0.349964994853512,0.8429648581598289,0.02438786401075013,1.0
NP_001018121,0.349647250357024,0.8431844749071433,0.024366261013721052,1.0
NP_001131024,0.3496206189542139,0.8432028794054794,0.024364450339014892,1.0
NP_055385,0.349412554969015,0.8433466558062906,0.0243503037933088,1.0
NP_004137,0.34928809905199826,0.8434326463252582,0.024341841674715165,1.0
NP_005737,0.34925863191653467,0.8434530048890203,0.024339838097258305,1.0
NP_001003800,0.34922481209269635,0.8434763701126262,0.02433753855458379,1.0
NP_001009894,0.34919402895582313,0.8434976368385021,0.024335445478761385,1.0
NP_009052,0.3490367756031942,0.8436062684183364,0.024324753017334257,1.0
NP_001007596,0.3488386234416551,0.8437431343101485,0.02431127930254638,1.0
NP_079177,0.34877202487642267,0.8437891299541942,0.024306750729035043,1.0
NP_055284,0.3479873272054586,0.844330894169407,0.024253389640624654,1.0
NP_006807,0.347972588386353,0.8443410668429453,0.024252387314149988,1.0
NP_001186221,0.34764724519236745,0.8445655874811995,0.0242302615370515,1.0
NP_005025,0.34726215806064353,0.8448312634907903,0.024204071427351957,1.0
NP_001119527,0.3470607458201186,0.8449701879813376,0.024190372646274005,1.0
NP_001152849,0.34691436653277075,0.8450711395113125,0.024180416615716495,1.0
NP_001028693,0.34685428655692957,0.8451125707150411,0.0241763301995709,1.0
NP_787083,0.3468146104596951,0.84513993030554,0.024173631560475202,1.0
NP_009171,0.3467351471427073,0.8451947235271187,0.024168226679208128,1.0
NP_031376,0.34639041578524343,0.8454323899485056,0.024144778285422382,1.0
NP_699192,0.3463669350539701,0.8454485757830053,0.024143181100969583,1.0
NP_002271,0.34635120427712024,0.8454594192177471,0.02414211107378033,1.0
NP_443096,0.3463430623808435,0.8454650314823453,0.02414155725085291,1.0
NP_542194,0.3458733403002004,0.8457887524298195,0.024109605047786,1.0
NP_001018146,0.3458048227501311,0.845835962894192,0.02410494406014365,1.0
NP_001138610,0.3455539967969058,0.8460087667252493,0.024087880947230172,1.0
NP_001172112,0.3453167743268158,0.8461721665768427,0.024071742698970177,1.0
NP_001020374,0.3451765491642985,0.8462687396072828,0.024062202928022313,1.0
NP_001129735,0.34493024504834685,0.8464383427601663,0.024045445962862858,1.0
NP_899646,0.34439267596749473,0.8468083914734318,0.024008871183824197,1.0
NP_059995,0.34393365515682334,0.8471242417498461,0.023977638451581577,1.0
NP_620707,0.3438552316559804,0.8471781928112893,0.023972302153267247,1.0
NP_653176,0.34371562557322843,0.8472742255765694,0.0239628025642409,1.0
NP_113678,0.3433820002178902,0.8475036766232181,0.023940100055389577,1.0
NP_004517,0.34323616079110175,0.8476039580614385,0.02393017565515499,1.0
NP_001161707,0.3431819267794515,0.8476412471389685,0.023926484969050914,1.0
NP_004090,0.3428699363696631,0.8478557265970379,0.023905253125125054,1.0
NP_001135858,0.34275223294093404,0.8479366281114696,0.02389724282859301,1.0
NP_071895,0.34242592350415035,0.848160870383394,0.023875035180972264,1.0
NP_001239007,0.342238002892034,0.8482899833269886,0.02386224540570471,1.0
NP_065714,0.342225064524043,0.8482988720356788,0.0238613648150417,1.0
NP_002799,0.3421768287644877,0.8483320093467491,0.02385808185534445,1.0
NP_115726,0.34202465083278955,0.8484365448116209,0.02384772437362457,1.0
NP_203747,0.3418544533892125,0.8485534427262126,0.02383614019374089,1.0
NP_060624,0.3416143473787791,0.8487183282351264,0.023819797346678464,1.0
NP_004806,0.34154416602083665,0.8487665169078062,0.023815020340002938,1.0
NP_036329,0.34144192770435666,0.8488367118112475,0.023808061241371394,1.0
NP_056345,0.3411736737020449,0.8490208613917886,0.02378980141127975,1.0
NP_000042,0.3409654341395058,0.8491637840069494,0.02377562624394992,1.0
NP_775745,0.3408701980654817,0.8492291397563639,0.023769143249861055,1.0
NP_004223,0.34086635626981204,0.8492317760784822,0.02376888172594856,1.0
NP_001265389,0.34044714116893926,0.8495193991324212,0.023740343506554587,1.0
NP_056146,0.3403853839975535,0.8495617620620873,0.023736139223802865,1.0
NP_001001330,0.34025817274740244,0.8496490168756792,0.023727478867433364,1.0
NP_067045,0.3401755399202543,0.8497056900971014,0.023721853262763194,1.0
NP_001156806,0.3396839907170823,0.8500427339867279,0.023688387480294525,1.0
NP_689557,0.3396198518682871,0.8500867021152202,0.02368402059305908,1.0
NP_061846,0.3395977582161045,0.8501018470837003,0.023682516339869192,1.0
NP_981942,0.3394934463611962,0.8501733479200391,0.023675414172133553,1.0
NP_061881,0.33931768086524045,0.8502938124417776,0.02366344678436372,1.0
NP_001137325,0.3391930867315626,0.8503791946494008,0.023654963335797953,1.0
NP_001074007,0.3391705112716069,0.8503946642480283,0.023653426187030462,1.0
NP_005224,0.3389327111443965,0.8505575961313727,0.02363723423298957,1.0
NP_060021,0.33884794804881135,0.8506156646464009,0.02363146253286834,1.0
NP_000294,0.33877553492150075,0.8506652692404157,0.023626531714401055,1.0
NP_064601,0.33837792160535013,0.8509375880818517,0.023599456190611035,1.0
NP_005215,0.33827364743788374,0.8510089883000862,0.023592355380825783,1.0
NP_116229,0.3381710716630015,0.851079219293534,0.02358537012655261,1.0
NP_001073583,0.33787898849962994,0.8512791669754958,0.023565479159828432,1.0
NP_076957,0.33780885681238537,0.8513271686039974,0.023560703046468692,1.0
NP_005316,0.33717637689787816,0.8517599372293049,0.023517627741623207,1.0
NP_789762,0.3371255389266585,0.8517947122899723,0.023514165235655537,1.0
NP_006827,0.3367446937309401,0.8520551753700875,0.0234882255996502,1.0
NP_005473,0.33645457541384427,0.8522535312542667,0.023468464510803366,1.0
NP_065387,0.33623048064267014,0.8524067117485041,0.023453199995400572,1.0
NP_002932,0.3355923156225842,0.8528427649300205,0.02340972791594133,1.0
NP_001070254,0.3355525432572902,0.8528699329219993,0.023407018476948562,1.0
NP_001185772,0.33536345447297944,0.8529990839197334,0.023394136851712537,1.0
NP_064695,0.33507910777771654,0.8531932568782181,0.023374765165817202,1.0
NP_001974,0.3344684943886516,0.8536100623696593,0.023333163313280992,1.0
NP_008877,0.33445876307881517,0.8536167031301212,0.02333250027829993,1.0
NP_060108,0.3341818017892662,0.85380568045397,0.02331362936582483,1.0
NP_690876,0.3341678509611319,0.8538151981939747,0.023312678799050433,1.0
NP_037423,0.33405753225929696,0.8538904572398353,0.02330516195484,1.0
NP_060101,0.33404818628281135,0.8538968326900032,0.023304525137740496,1.0
NP_001243615,0.33390414380457534,0.8539950858991483,0.023294710251630626,1.0
NP_006254,0.33385012763233596,0.8540319277284341,0.023291029601931613,1.0
NP_001026873,0.3334617280261611,0.8542967834596675,0.02326456332416508,1.0
NP_001001925,0.3334203625542625,0.854324985734177,0.023261744518797187,1.0
NP_057090,0.3331239840192394,0.8545270206281853,0.02324154764799753,1.0
NP_001025067,0.33311220262908664,0.8545350506257763,0.02324074478172192,1.0
NP_000405,0.33295743007779066,0.8546405330081709,0.023230197375670527,1.0
NP_006692,0.33293825150584666,0.8546536027763411,0.023228890382672753,1.0
NP_078974,0.33234460664481924,0.8550580454284755,0.023188432581417017,1.0
NP_055839,0.3321850439440052,0.8551667160229641,0.023177557568890613,1.0
NP_703152,0.3319916265751805,0.8552984221039251,0.023164374863266248,1.0
NP_003341,0.3319720838449759,0.8553117282755976,0.023163042873853734,1.0
NP_055204,0.3317981804078074,0.8554301243834739,0.02315118983892683,1.0
NP_683723,0.33175388464281785,0.8554602785871043,0.02314817065050973,1.0
NP_004998,0.3316905400960867,0.8555033980517859,0.023143853069399502,1.0
NP_065173,0.33139582494010017,0.8557039814063235,0.02312376470429986,1.0
NP_569730,0.3312902307549587,0.8557758356017491,0.023116566995762165,1.0
NP_003895,0.3312731746481781,0.8557874411964669,0.023115404375530002,1.0
NP_849157,0.3312426664495812,0.8558081996263392,0.023113324793881476,1.0
NP_060378,0.33086589847137193,0.8560645122358036,0.023087641794670915,1.0
NP_001164982,0.3307693485066069,0.8561301800725816,0.02308106009263738,1.0
NP_060793,0.3306283410981082,0.8562260747600516,0.023071447617542026,1.0
NP_003681,0.3304526207762676,0.8563455589821669,0.023059468498376517,1.0
NP_003722,0.3301478242573287,0.8565527644502482,0.023038689363585746,1.0
NP_001070148,0.330134885496234,0.8565615591176592,0.023037807259607086,1.0
NP_004539,0.32971528168719183,0.8568467122600119,0.023009199778627483,1.0
NP_631917,0.3294541851537864,0.8570240907953215,0.022991398060026716,1.0
NP_003095,0.3294069994368526,0.8570561422331568,0.022988180840267724,1.0
NP_001245139,0.3293999230940237,0.8570609487970966,0.02298769835875298,1.0
NP_653219,0.32895965066594207,0.8573599381306118,0.02295767862328048,1.0
NP_116262,0.32886594292207594,0.8574235590718505,0.022951288973746264,1.0
NP_055418,0.3287431091345212,0.8575069459883458,0.022942913180218058,1.0
NP_005902,0.32859032386215375,0.8576106522093863,0.02293249485365878,1.0
NP_660358,0.3284100733539793,0.8577329816912818,0.022920203405171348,1.0
NP_001005741,0.32791225170428007,0.858070726139349,0.022886254880942303,1.0
NP_060140,0.32774157529715153,0.8581864836899575,0.02287461520538727,1.0
NP_001157413,0.3274567267067884,0.8583796338982845,0.022855188673953544,1.0
NP_663786,0.3274536152067883,0.8583817434536996,0.02285497646694437,1.0
NP_000375,0.3274105470842475,0.8584109424178824,0.02285203917402076,1.0
NP_741999,0.3271121424238898,0.8586132191077749,0.02283168716571157,1.0
NP_001104777,0.32692273606877137,0.8587415800207044,0.022818768698020995,1.0
NP_002341,0.32665618847325517,0.8589221799043444,0.022800588230495245,1.0
NP_115721,0.3266066671752332,0.8589557280384514,0.022797210446458778,1.0
NP_003013,0.3259323417389369,0.8594123885733927,0.02275121325188209,1.0
NP_056450,0.3257730009913142,0.8595202521322332,0.02274034364280176,1.0
NP_008855,0.325202052203463,0.8599066103543564,0.02270139374079134,1.0
NP_001116698,0.32465706313588827,0.8602752000099073,0.02266421190433832,1.0
NP_005957,0.32463972470066615,0.8602869231799287,0.02266302894451679,1.0
NP_001686,0.3244050794915406,0.8604455559342266,0.022647019383443434,1.0
NP_055681,0.32415701535483343,0.8606132206066248,0.02263009369468319,1.0
NP_892027,0.3240121622671972,0.8607111066673068,0.022620209938156936,1.0
NP_001003954,0.3239877518926517,0.8607276008610987,0.022618544326096807,1.0
NP_006421,0.32383230313422473,0.8608326288724703,0.022607937336949036,1.0
NP_005932,0.32382650585275774,0.8608365454569363,0.02260754175711647,1.0
NP_056017,0.32370252859526977,0.8609202978304991,0.022599082042442792,1.0
NP_002525,0.32367489355938056,0.8609389651684349,0.02259719631760982,1.0
NP_002218,0.32356928809766733,0.8610102964355546,0.022589990077860063,1.0
NP_055452,0.323476544980006,0.8610729336376216,0.022583661443099572,1.0
NP_001030013,0.32313252530018466,0.8613052283481554,0.02256018540144117,1.0
NP_002736,0.32298258847282973,0.8614064462038007,0.022549953299026353,1.0
NP_002952,0.32289288661446286,0.8614669939727412,0.022543831694519203,1.0
NP_057637,0.3226645536549529,0.8616210916352626,0.022528249017227275,1.0
NP_001123512,0.32251696458661083,0.8617206779473853,0.02251817647582863,1.0
NP_001129201,0.3223018915551336,0.8618657728564494,0.022503497970893408,1.0
NP_031398,0.32193168622408436,0.8621154511064272,0.02247823081950199,1.0
NP_009013,0.32180831248410074,0.862198637526858,0.022469810059082093,1.0
NP_115564,0.3217242378430125,0.8622553200421055,0.02246407153915897,1.0
NP_057179,0.3216489293294856,0.8623060883969055,0.02245893129462045,1.0
NP_775866,0.3213704657418727,0.8624937776755472,0.02243992406387521,1.0
NP_001139653,0.32124887697604426,0.8625757139484271,0.0224316244858023,1.0
NP_009168,0.3211642991414121,0.862632703303828,0.02242585116914459,1.0
NP_060827,0.3211245995466966,0.8626594515778601,0.022423141235490752,1.0
NP_982261,0.3210469212864828,0.8627117854897332,0.022417838797056507,1.0
NP_066275,0.3209288470115908,0.8627913273298656,0.022409778753880238,1.0
NP_828847,0.3208302382653244,0.8628577486863533,0.022403047374171405,1.0
NP_001185730,0.32078387045943996,0.8628889790239223,0.022399882112678567,1.0
NP_009186,0.3207071607773816,0.862940642424122,0.022394645542069186,1.0
NP_004757,0.32070648000503615,0.8629411009010828,0.022394599069034432,1.0
NP_981951,0.32034552358355234,0.8631841477202148,0.022369957698017078,1.0
NP_001131025,0.32023254467420836,0.8632602025789734,0.022362244724392067,1.0
NP_835365,0.32005190950900325,0.8633817837561321,0.022349912663129242,1.0
NP_055481,0.31987320107958217,0.8635020458461773,0.022337711835008912,1.0
NP_892113,0.3198386512983548,0.8635252936148881,0.022335353008279577,1.0
NP_003931,0.31981893313948867,0.8635385611479979,0.022334006779886784,1.0
NP_001159441,0.3197902584197271,0.8635578546986021,0.02233204904881183,1.0
NP_057178,0.3197336936217812,0.8635959121859839,0.022328187134108165,1.0
NP_006371,0.31968516172053885,0.8636285632706024,0.022324873634451323,1.0
NP_054907,0.3195176016166275,0.8637412810529629,0.022313433350614774,1.0
NP_055746,0.31948034315147117,0.8637663421902293,0.02231088946633932,1.0
NP_005606,0.31941986555416296,0.863807019139662,0.02230676022864153,1.0
NP_004242,0.3192286468802013,0.8639356151587816,0.02229370413396906,1.0
NP_001263347,0.3191019536732269,0.8640208032614785,0.022285053539364528,1.0
NP_004254,0.3190923598878661,0.8640272536353193,0.022284398470795597,1.0
NP_058132,0.31884458860918163,0.8641938201714932,0.02226748021714171,1.0
NP_963294,0.3186969014458171,0.8642930838029053,0.022257395602363568,1.0
NP_001027581,0.31852617870188665,0.8644078110833855,0.022245737775419844,1.0
NP_000161,0.31802315750760596,0.8647457270159946,0.022211387285042284,1.0
NP_003850,0.3177793240564163,0.8649094635724702,0.02219473543096803,1.0
NP_115893,0.3176733332613826,0.8649806243477847,0.02218749693942211,1.0
NP_061485,0.31760259155204984,0.865028114950404,0.0221826656747302,1.0
NP_689880,0.3174390423118597,0.8651378959197814,0.02217149598987238,1.0
NP_000285,0.3173367202539025,0.865206569060071,0.02216450771916154,1.0
NP_852615,0.3173259766173468,0.8652137791890342,0.02216377395720365,1.0
NP_001070818,0.31713306443745926,0.8653432299623298,0.022150598378190015,1.0
NP_003184,0.31709832473976074,0.8653665387006475,0.022148225677253237,1.0
NP_057712,0.31699987766386306,0.8654325875022517,0.02214150173727518,1.0
NP_001129204,0.3169009390369163,0.8654989591504112,0.022134744131171873,1.0
NP_699166,0.3168735026253019,0.8655173632657811,0.02213287018057374,1.0
NP_057036,0.3168339207239909,0.8655439135305592,0.022130166661035695,1.0
NP_037524,0.3168096385163938,0.8655602007017906,0.022128508132432202,1.0
NP_001035111,0.3165558540098232,0.8657304002837534,0.022111173751413207,1.0
NP_002625,0.3165113336049824,0.865760252985434,0.022108132786654466,1.0
NP_060022,0.31631518515361495,0.8658917614754756,0.02209473464803582,1.0
NP_001123992,0.3162071076941982,0.8659642106828658,0.022087352139817377,1.0
NP_071920,0.3158504768553334,0.866203217154002,0.022062990764396006,1.0
NP_001170787,0.31492931971380594,0.8668201344743899,0.02200006110264902,1.0
NP_689939,0.3148508785901422,0.8668726397926622,0.021994701953971848,1.0
NP_001128627,0.31469002768483995,0.8669802929685586,0.021983712331613493,1.0
NP_068810,0.31466358903167946,0.8669979858545309,0.02198190597177457,1.0
NP_056142,0.31448248561942577,0.8671191675956447,0.021969532320526446,1.0
NP_001182359,0.31438346229054853,0.8671854170265115,0.021962766550075494,1.0
NP_065937,0.31417781789088534,0.8673229762483298,0.021948715594283272,1.0
NP_001070819,0.31407674929966634,0.8673905715726545,0.021941809786302353,1.0
NP_001074930,0.3140507090965111,0.8674079862240758,0.021940030497232584,1.0
NP_056290,0.31394825506084,0.8674764986133718,0.021933029899688275,1.0
NP_003648,0.3138165507833959,0.8675645597987358,0.02192403051066214,1.0
NP_057714,0.3137879804307862,0.8675836610711898,0.021922078268854065,1.0
NP_077733,0.3137141567443013,0.8676330145950044,0.021917033783749713,1.0
NP_003375,0.3133238170421142,0.8678939031482185,0.021890360411538815,1.0
NP_001139130,0.31330615096375874,0.867905707862687,0.02188915318790011,1.0
NP_055148,0.3129837589972442,0.8681210944002953,0.02186712178727236,1.0
NP_002763,0.3128547864945425,0.8682072381578148,0.021858307875082254,1.0
NP_060727,0.312669478561314,0.8683309882668004,0.021845643751478787,1.0
NP_001137498,0.3125457790565287,0.868413581714093,0.021837189825018782,1.0
NP_036603,0.3124464412062622,0.8684799008639242,0.021830400727768883,1.0
NP_775969,0.3123402846760521,0.868550764204643,0.02182314551383808,1.0
NP_001867,0.3122412744882805,0.8686168496071147,0.021816378616035057,1.0
NP_065177,0.3122090000544367,0.8686383899567596,0.02181417278445621,1.0
NP_065789,0.31203366709103336,0.8687553958586993,0.021802189286943965,1.0
NP_002861,0.31195805833479506,0.8688058452459652,0.021797021558005576,1.0
NP_056056,0.3118902489429048,0.8688510869654003,0.021792386855813216,1.0
NP_006314,0.3118525256157717,0.8688762541019466,0.021789808486190658,1.0
NP_982278,0.311714443577535,0.8689683666081657,0.02178037053537069,1.0
NP_055020,0.31164715159125067,0.8690132509831558,0.021775771040903547,1.0
NP_872357,0.3114672014200894,0.8691332628930774,0.021763471001015437,1.0
NP_878912,0.3114628271030167,0.8691361799020313,0.021763172001758542,1.0
NP_003917,0.31140787744309706,0.8691728218161854,0.02175941599246306,1.0
NP_857596,0.3112274498439037,0.8692931200092993,0.0217470829063861,1.0
NP_066010,0.31121335070934997,0.8693025194375337,0.0217461191502623,1.0
NP_114157,0.3111530852607645,0.8693426947566727,0.021741999642308704,1.0
NP_001265387,0.3111109409586468,0.8693707881989796,0.02173911880371509,1.0
NP_004323,0.31093485255285774,0.8694881546168682,0.02172708182634147,1.0
NP_835225,0.3106672154704683,0.8696664957197955,0.021708786235670637,1.0
NP_112586,0.31007417932786474,0.8700614768316408,0.02166824402460426,1.0
NP_001191019,0.30995689346527544,0.870139561719879,0.021660225517997123,1.0
NP_003792,0.3097222921468858,0.8702957201430329,0.02164418608716536,1.0
NP_055922,0.3096043916639075,0.8703741829633588,0.021636125163898196,1.0
NP_001878,0.3093479252073413,0.870544825274528,0.021618589947232616,1.0
NP_005086,0.30922681332712976,0.8706253909011943,0.021610309023764044,1.0
NP_057108,0.3089535417342203,0.8708071349038332,0.021591623792271787,1.0
NP_065190,0.30892207754075374,0.870828057077909,0.02158947234925802,1.0
NP_001073331,0.3082275934512263,0.8712896640696355,0.02154198285134211,1.0
NP_002012,0.3079874003636488,0.8714492291880976,0.021525557141308434,1.0
NP_940873,0.3079603465176627,0.8714671988440927,0.021523707017584486,1.0
NP_001984,0.30771111353939323,0.8716327175918592,0.02150666246316689,1.0
NP_004047,0.3074871957331145,0.8717813836608421,0.021491348657283135,1.0
NP_002891,0.30701766963212146,0.8720929918542394,0.021459236070127514,1.0
NP_002895,0.30692748734955894,0.8721528232989424,0.021453067936560776,1.0
NP_057485,0.3067675374168799,0.872258926684879,0.021442127763282817,1.0
NP_004948,0.3067047416992995,0.8723005770658082,0.021437832627198696,1.0
NP_001231684,0.3065852418758153,0.8723798290505841,0.021429658908292876,1.0
NP_009041,0.30653879750723306,0.8724106278638571,0.02142648210345918,1.0
NP_000879,0.3062533834461268,0.8725998588504055,0.021406959267231702,1.0
NP_001138341,0.3056635559520389,0.8729907174439072,0.021366611535112174,1.0
NP_001073341,0.30557898485648716,0.873046737670633,0.02136082609309033,1.0
NP_114068,0.305073154877576,0.8733816850595298,0.021326221234566404,1.0
NP_002603,0.3050206913541752,0.8734164135998179,0.021322631958059793,1.0
NP_001175,0.30499276485657195,0.8734348988327562,0.021320721364211738,1.0
NP_777549,0.30495350595172116,0.8734608842321926,0.021318035450086724,1.0
NP_001015881,0.30456964023079613,0.873714900678476,0.02129177234205015,1.0
NP_001138732,0.30439561063364484,0.873830023656905,0.021279865219007373,1.0
NP_115678,0.3041037382615243,0.8740230478145001,0.021259894630663814,1.0
NP_443723,0.3040350410453617,0.8740684696438227,0.021255194088446693,1.0
NP_001995,0.303971461613514,0.8741105043381526,0.02125084368556377,1.0
NP_055429,0.3038460537049653,0.8741934067624914,0.021242262574985085,1.0
NP_000279,0.3037967231972111,0.8742260138946601,0.021238887064476276,1.0
NP_077718,0.30377009782812,0.8742436122854531,0.021237065175861883,1.0
NP_001186763,0.3037697739461685,0.8742438263560783,0.02123704301361691,1.0
NP_055850,0.30330652797856783,0.8745499251114255,0.02120534349070074,1.0
NP_036457,0.3030065481948901,0.8747480518945487,0.021184815036886837,1.0
NP_001507,0.30275654996766527,0.8749131129070069,0.02116770630262526,1.0
NP_001264242,0.302471824742709,0.8751010417902054,0.021148220283115304,1.0
NP_057111,0.3023611522467643,0.8751740721732759,0.021140645871557107,1.0
NP_064580,0.30215082128531395,0.8753128380652477,0.02112625052419635,1.0
NP_055277,0.3019347209823237,0.8754553734418403,0.021111459873981678,1.0
NP_612395,0.30193385637142417,0.8754559436465779,0.02111140069613135,1.0
NP_523353,0.30189285563992263,0.8754829826498784,0.021108594413841657,1.0
NP_037399,0.30189256012731597,0.8754831775284972,0.021108574187514977,1.0
NP_742076,0.3015987650728983,0.8756768888561747,0.021088465005007523,1.0
NP_001182484,0.3015840618298006,0.8756865814976091,0.02108745860080726,1.0
NP_003656,0.3014175425388867,0.8757963418782178,0.02107606058226989,1.0
NP_060062,0.3013360199009339,0.8758500690008758,0.0210704803720164,1.0
NP_002781,0.30126095760268434,0.8758995337379847,0.021065342314625143,1.0
NP_006036,0.3012279864260375,0.8759212597311297,0.02106308540161357,1.0
NP_001248755,0.3006884823139447,0.8762766355057007,0.021026154278223335,1.0
NP_054888,0.30020257079702145,0.8765965079894691,0.02099288938815988,1.0
NP_060110,0.3001308623110202,0.8766436970243823,0.020987980124156466,1.0
NP_055210,0.30005511056656337,0.8766935422615745,0.020982793999503344,1.0
NP_000199,0.29997376708901574,0.8767470617113103,0.020977224991796616,1.0
NP_001180458,0.2999591779513007,0.8767566599775264,0.020976226170896995,1.0
NP_001248370,0.2996964837376476,0.8769294581748583,0.020958240902418993,1.0
NP_653244,0.2994965775629595,0.8770609172265806,0.02094455395254216,1.0
NP_689540,0.29949517261521325,0.8770618410101672,0.02094445775881465,1.0
NP_006803,0.29922687929226505,0.8772382201425203,0.02092608794994343,1.0
NP_002695,0.29897598449138896,0.8774031080342547,0.02090890877889838,1.0
NP_775107,0.29895659409468645,0.8774158492442892,0.020907581062114145,1.0
NP_113673,0.2987685589257711,0.8775393890389229,0.020894705561149165,1.0
NP_004444,0.29872013055931274,0.8775712019567478,0.02089138942728771,1.0
NP_002784,0.29781701866162497,0.8781641087634047,0.020829544697131875,1.0
NP_937825,0.29772855170966916,0.8782221524996614,0.020823486096612717,1.0
NP_001027544,0.2976394920856517,0.8782805785542792,0.020817386831610045,1.0
NP_003878,0.2974986379243257,0.8783729701343086,0.020807740252914323,1.0
NP_001368,0.2973886892321716,0.8784450782250474,0.02080021014299938,1.0
NP_689956,0.2971636862111716,0.8785926116040486,0.020784799889908914,1.0
NP_115568,0.2970855950152238,0.8786438057934682,0.020779451381252464,1.0
NP_002624,0.2969524431346583,0.8787310843875519,0.020770331601491308,1.0
NP_056020,0.29675697489519004,0.8788591834804452,0.020756943369485057,1.0
NP_004809,0.29669249802351083,0.8789014310833699,0.02075252706627971,1.0
NP_001045,0.29648224131328155,0.8790391748826044,0.020738125386993548,1.0
NP_112211,0.2963130322036673,0.8791500006964064,0.020726534983963815,1.0
NP_057109,0.29620505671389336,0.8792207082091548,0.020719138788149044,1.0
NP_002988,0.2961074074488573,0.8792846452177698,0.020712449830544297,1.0
NP_001743,0.29600277264723934,0.8793531472289027,0.020705282263485964,1.0
NP_079174,0.2958492860203747,0.8794536148137165,0.02069476811774169,1.0
NP_001121371,0.29571820994332143,0.8795393975052183,0.02068578896145532,1.0
NP_061964,0.29570029283621807,0.8795511222291279,0.020684561565997413,1.0
NP_008830,0.2956888908912946,0.8795585833745379,0.0206837804843177,1.0
NP_001138303,0.29535372189992715,0.8797778606996083,0.02066081942746591,1.0
NP_004533,0.2953240604228579,0.8797972615506295,0.020658787389120744,1.0
NP_001116224,0.29510392112349787,0.8799412261487567,0.02064370589761369,1.0
NP_079047,0.2950907922641109,0.8799498107439467,0.020642806439802496,1.0
NP_000875,0.2944008671966648,0.8804007285727873,0.020595537366820814,1.0
NP_689668,0.29408998685152066,0.8806037804287521,0.02057423642372761,1.0
NP_003943,0.2939791263845844,0.8806761692113303,0.02056664024658762,1.0
NP_002610,0.2936832480423992,0.8808693182800187,0.020546366037782517,1.0
NP_001014841,0.29354604708513693,0.8809588576017877,0.02053696445361781,1.0
NP_004477,0.29344569801535814,0.8810243366801147,0.020530088000831254,1.0
NP_060707,0.29334387409278967,0.881090769328538,0.020523110384581607,1.0
NP_002611,0.29326186645629837,0.8811442668602263,0.020517490632738694,1.0
NP_055045,0.2920744197234667,0.8819182492241743,0.020436111032307233,1.0
NP_061989,0.29201607505803745,0.8819562472339701,0.020432112133406743,1.0
NP_055928,0.2919884745419731,0.8819742215414039,0.02043022040369583,1.0
NP_036229,0.2917488490355518,0.882130245406933,0.0204137962482625,1.0
NP_003361,0.2915925221831511,0.8822320054720466,0.02040308116331657,1.0
NP_005601,0.291497881587155,0.8822936009421467,0.020396594115072747,1.0
NP_036294,0.2911529219102094,0.8825180472458096,0.020372948459870855,1.0
NP_003829,0.29109167551874787,0.8825578861084766,0.020368750136660337,1.0
NP_775823,0.2910444437581397,0.8825886066656353,0.020365512465063948,1.0
NP_001265557,0.2904814886675641,0.8829546153053422,0.02032692102767268,1.0
NP_001153047,0.2902115261841058,0.8831300349592571,0.02030841360551927,1.0
NP_001096080,0.2898557957977669,0.883361088602142,0.020284025251185858,1.0
NP_079217,0.28968642938390843,0.8834710563240147,0.020272413311199455,1.0
NP_116738,0.2895311358790759,0.883571864527512,0.020261765982797192,1.0
NP_061185,0.28951636367724637,0.8835814527437093,0.020260753149992726,1.0
NP_079215,0.28927860807660527,0.8837357467355357,0.020244451522773092,1.0
NP_001185688,0.28906551874691944,0.8838739909873177,0.020229840668563825,1.0
NP_570857,0.2889842777087776,0.8839266865394181,0.020224270115518365,1.0
NP_071434,0.2885828425625407,0.8841869847151685,0.020196743493897513,1.0
NP_056070,0.2885176045941777,0.884229272788607,0.020192269945582784,1.0
NP_001069,0.2883538163660821,0.8843354257669149,0.02018103835277354,1.0
NP_001230301,0.28834912451138833,0.8843384662599548,0.02018071661034172,1.0
NP_085152,0.28829018382306887,0.8843766603134788,0.020176674753531083,1.0
NP_958802,0.2882900409935366,0.8843767528644529,0.020176664958957567,1.0
NP_060289,0.2880303615707636,0.8845449905260538,0.02015885704900609,1.0
NP_004385,0.28799094885936766,0.8845705194749389,0.020156154206015818,1.0
NP_733751,0.2878662064352881,0.8846513102656169,0.020147599527886993,1.0
NP_001123892,0.2878653520111915,0.8846518635949603,0.02014754093204489,1.0
NP_004392,0.28780794211421146,0.884689041044582,0.020143603783046353,1.0
NP_003286,0.28764836436640484,0.884792364841904,0.020132659835316494,1.0
NP_055099,0.2873574594562081,0.8849806622555614,0.020112708754691247,1.0
NP_001001671,0.28734487543930637,0.8849888059544387,0.02011184568892622,1.0
NP_003065,0.2872840824131545,0.8850281459384095,0.02010767622145801,1.0
NP_003212,0.2871547147357308,0.8851118505059481,0.0200988034685143,1.0
NP_001258867,0.28709283927664575,0.8851518803964293,0.02009455964948999,1.0
NP_054735,0.2870235986938111,0.8851966710391597,0.020089810639078956,1.0
NP_803880,0.2869234344294589,0.8852614581273065,0.020082940581736035,1.0
NP_997243,0.2869072749956187,0.8852719093429623,0.02008183223095123,1.0
NP_005337,0.2866043026025977,0.8854678152934694,0.020061051354966632,1.0
NP_001104567,0.2864627080832758,0.8855593439229338,0.02005133908488035,1.0
NP_005554,0.2863803742086379,0.8856125573763504,0.02004569154028991,1.0
NP_598001,0.28636870511422574,0.8856200987704455,0.020044891114402753,1.0
NP_065861,0.28608379783021626,0.8858041879726268,0.020025347875508547,1.0
NP_054896,0.28585390890126494,0.8859526744285326,0.020009578057014452,1.0
NP_689854,0.285226191042901,0.8863578773603391,0.019966515561492693,1.0
NP_001152862,0.2850919505986971,0.886444485592292,0.01995730595117022,1.0
NP_002633,0.28465752620552176,0.8867246519870132,0.019927500934713425,1.0
NP_055908,0.2846472247061363,0.8867312934843024,0.01992679414678315,1.0
NP_055768,0.28451780769955987,0.8868147219057575,0.019917914733264614,1.0
NP_001073930,0.28348940162993747,0.8874771378576672,0.019847349177686748,1.0
NP_001116295,0.283398685559226,0.8875355232845843,0.01984112407684503,1.0
NP_003989,0.28336463011681456,0.8875574396263844,0.019838787110379674,1.0
NP_001094284,0.2832815872173442,0.8876108773205412,0.019833088459928126,1.0
NP_004723,0.2831711153972943,0.8876819555551718,0.019825507452755728,1.0
NP_054905,0.2831511925317673,0.8876947728512632,0.01982414025553539,1.0
NP_057095,0.28308282341624474,0.8877387550695636,0.019819448428328626,1.0
NP_061940,0.28305434172804356,0.8877570762216539,0.019817493860616237,1.0
NP_057030,0.2827756333025795,0.8879363189428636,0.019798366967499155,1.0
NP_542408,0.28266315641719597,0.8880086346758539,0.01979064781697911,1.0
NP_004405,0.28244970722745183,0.8881458372525338,0.0197759987269216,1.0
NP_000089,0.28209753179929936,0.888372119184346,0.019751827851000527,1.0
NP_078852,0.28187174256891334,0.8885171341562432,0.019736330618959366,1.0
NP_001002901,0.28179606670207974,0.8885657270015144,0.01973113643311891,1.0
NP_149988,0.2817235987853785,0.8886122549729405,0.019726162380662392,1.0
NP_443077,0.28169781376174124,0.8886288090497034,0.01972439253618008,1.0
NP_001637,0.28166595308262804,0.8886492628644068,0.019722205659195646,1.0
NP_001245388,0.2812533608374113,0.8889140520778103,0.01969388496451403,1.0
NP_005785,0.28105545615824784,0.8890410049519033,0.019680300032519773,1.0
NP_061908,0.2803804013617261,0.8894737667212068,0.01963395886393825,1.0
NP_064621,0.2803544899365211,0.8894903694106321,0.019632180008842863,1.0
NP_006003,0.28015699854818055,0.8896168908571815,0.019618621740409653,1.0
NP_001095856,0.28005489369550607,0.8896822892162053,0.01961161184465386,1.0
NP_005566,0.27952461163637427,0.8900217779119557,0.019575204303971708,1.0
NP_660327,0.2790860520247255,0.8903023448209464,0.01954509210238648,1.0
NP_001155198,0.2787504252226013,0.8905169377220182,0.019522046182010762,1.0
NP_001017368,0.27862177329992294,0.8905991667631653,0.019513211969864434,1.0
NP_004309,0.27843429571405015,0.8907189665737499,0.01950033805860826,1.0
NP_689801,0.27826102969587213,0.8908296553090804,0.019488439741866734,1.0
NP_057287,0.278149699445972,0.8909007620846008,0.019480794451732425,1.0
NP_002654,0.27765793355738855,0.8912147119735401,0.019447022393273426,1.0
NP_001229658,0.27750977156059337,0.8913092552091816,0.01943684690122685,1.0
NP_002719,0.27722084164256033,0.8914935629235302,0.01941700312108269,1.0
NP_110417,0.27722042557518073,0.8914938282741578,0.019416974544890265,1.0
NP_057318,0.2771467135680254,0.8915408361299779,0.019411911856634764,1.0
NP_065068,0.27668104041356606,0.8918376859002298,0.019379927283543995,1.0
NP_004516,0.2765054169696299,0.8919495852298217,0.0193678641161698,1.0
NP_006268,0.27645822879724535,0.8919796463297873,0.019364622819376693,1.0
NP_002194,0.27636765574689237,0.892037339626284,0.01935840140931379,1.0
NP_110433,0.2763672605979029,0.8920375913112516,0.01935837426658697,1.0
NP_001122307,0.2761449162025123,0.8921791867198118,0.019343101223993988,1.0
NP_940983,0.27600138538152674,0.8922705659355651,0.019333241706192973,1.0
NP_001668,0.27558160577508906,0.8925377049456674,0.019304404779109267,1.0
NP_004350,0.27539942315225424,0.892653588932535,0.01929188914361328,1.0
NP_116119,0.2751523900077204,0.8928106719078946,0.01927491787760674,1.0
NP_036224,0.2750700684073333,0.892863005208092,0.019269262223524954,1.0
NP_002269,0.2750208877593766,0.8928942670647814,0.019265883386216476,1.0
NP_064577,0.2744417484953809,0.8932622213493064,0.019226093274317284,1.0
NP_064455,0.27438279932303966,0.8932996561215225,0.019222042954883646,1.0
NP_001229410,0.27425829968080356,0.89337870652927,0.01921348863968201,1.0
NP_079433,0.27411555707825835,0.893469321506947,0.019203680675145572,1.0
NP_059136,0.2739693693894227,0.8935621027432447,0.01919363579250429,1.0
NP_008844,0.273955145757724,0.8935711289637808,0.01919265844401538,1.0
NP_079152,0.27385226156106024,0.8936364126585428,0.01918558890360199,1.0
NP_060533,0.2738092388634996,0.8936637090096373,0.019182632630257893,1.0
NP_542414,0.27371923655097435,0.8937208063442287,0.01917644812923434,1.0
NP_056014,0.27336757631346026,0.8939438225986669,0.019152283079090008,1.0
NP_443079,0.2727137375866811,0.894358150154676,0.019107350052744297,1.0
NP_115645,0.2724663160492518,0.8945148269744039,0.019090345705904115,1.0
NP_001025055,0.2723532395083549,0.8945864111524588,0.0190825741864652,1.0
NP_001129467,0.27229289052343764,0.8946246104513126,0.019078426473733277,1.0
NP_055990,0.2719458828828871,0.8948441867334617,0.01905457637763653,1.0
NP_055299,0.2717755073642138,0.894951951476289,0.019042865915595283,1.0
NP_006199,0.2713990004023181,0.8951899942945396,0.019016986379167697,1.0
NP_004217,0.27130679557017434,0.8952482682920005,0.019010648390965033,1.0
NP_005855,0.27128432397626856,0.8952624691824334,0.019009103723096665,1.0
NP_001013716,0.27111112872936993,0.8953719026943662,0.01899719834593624,1.0
NP_036226,0.27099151414840195,0.8954474636843018,0.018988975915215027,1.0
NP_114402,0.2709396604562019,0.8954802154022456,0.018985411395646017,1.0
NP_066284,0.2708371035851175,0.895544984207597,0.018978361368659852,1.0
NP_001157207,0.2707649846054442,0.8955905239312691,0.01897340366108834,1.0
NP_001340,0.2706854707494508,0.8956407271131397,0.01896793754611672,1.0
NP_005708,0.2706693821509719,0.8956508843035855,0.018966831541168728,1.0
NP_005997,0.2706160213796994,0.8956845706154196,0.01896316325618128,1.0
NP_776297,0.27026865291830593,0.8959037920516267,0.018939282748754373,1.0
NP_001177779,0.27020247834852446,0.8959455405050154,0.01893473331990134,1.0
NP_001027536,0.270020102302952,0.8960605757045852,0.018922194949071946,1.0
NP_689490,0.2698693773619513,0.8961556213613241,0.018911832352865,1.0
NP_055661,0.2698240885929297,0.896184175525504,0.018908718630149254,1.0
NP_036514,0.2694216016095937,0.8964378487823491,0.018881045716611464,1.0
NP_003163,0.26931478410181015,0.8965051445037784,0.01887370123769837,1.0
NP_110394,0.26897645761082334,0.896718215936058,0.01885043811025114,1.0
NP_001888,0.26887160698980905,0.8967842251975939,0.018843228420255636,1.0
NP_001249,0.2683607751079925,0.8971056619071791,0.018808101318559586,1.0
NP_001229769,0.2679964130498044,0.8973347709102415,0.018783044604965663,1.0
NP_001186621,0.26788503918133477,0.897404775121469,0.018775385310835484,1.0
NP_001789,0.2678374426675027,0.8974346881053643,0.018772112013734014,1.0
NP_963293,0.2678185374824123,0.8974465688038947,0.018770811864395165,1.0
NP_009069,0.26734773693368863,0.897742318515087,0.018738432809176517,1.0
NP_689822,0.26732911288574507,0.8977540131752441,0.018737151906330025,1.0
NP_689613,0.2673222044763366,0.8977583511049547,0.018736676767029555,1.0
NP_061092,0.2671354202461071,0.8978756180791323,0.018723830143717746,1.0
NP_001138505,0.2670963250365174,0.897900158308398,0.01872114121552576,1.0
NP_852136,0.2667106947538564,0.8981421356454565,0.018694617172823943,1.0
NP_079204,0.2666231630258661,0.8981970391440652,0.01868859645195233,1.0
NP_113626,0.2665072379930894,0.8982697399021631,0.018680622632241392,1.0
NP_001139575,0.2661664012928521,0.8984834103051451,0.01865717767519739,1.0
NP_001279,0.2656976849737619,0.8987770516479086,0.018624934499602112,1.0
NP_002667,0.26549726685061326,0.8989025398755779,0.018611147013259857,1.0
NP_001188472,0.26536405850587885,0.8989859227632255,0.01860198291593216,1.0
NP_004890,0.2653244490956543,0.8990107130410111,0.018599257944846428,1.0
NP_002073,0.26525125335967287,0.8990565196336047,0.018594222327293557,1.0
NP_062539,0.26514980311925174,0.8991199989237987,0.0185872428105363,1.0
NP_001124427,0.264973223764012,0.8992304622609671,0.018575094366289673,1.0
NP_783865,0.26495382960508973,0.8992425927443353,0.0185737600534824,1.0
NP_073591,0.26489655699584,0.8992784128037046,0.01856981969251846,1.0
NP_055047,0.26484945872174603,0.8993078669494858,0.01856657930307235,1.0
NP_004751,0.2648215947743742,0.8993252913102548,0.018564662236742323,1.0
NP_001242970,0.2647275679571272,0.8993840837737966,0.018558193046166904,1.0
NP_060093,0.26457937772938844,0.8994767243843398,0.018547997155980902,1.0
NP_000261,0.2645571125491385,0.899490641397135,0.01854646523279692,1.0
NP_073587,0.2643370643904038,0.8996281561443475,0.018531324883670677,1.0
NP_002583,0.2641476013505154,0.8997465166100544,0.018518288560439893,1.0
NP_002558,0.26349181348014694,0.9001559057616896,0.01847316329870403,1.0
NP_001191732,0.26342386901483267,0.9001982955802253,0.018468487751183066,1.0
NP_065874,0.2631016190612604,0.9003992774123851,0.018446311755197103,1.0
NP_004228,0.2630018636373158,0.9004614709120591,0.018439446769464674,1.0
NP_057059,0.2625277511795662,0.9007569167829349,0.01840681790490147,1.0
NP_000437,0.262519200288956,0.9007622431287103,0.01840622940466488,1.0
NP_114105,0.26248374929706864,0.9007843247062369,0.018403789544019993,1.0
NP_001007528,0.26230923808504814,0.9008930041019616,0.018391778898230324,1.0
NP_002035,0.26184827726951765,0.901179918210006,0.01836005208994197,1.0
NP_003548,0.261520060510347,0.9013840707422829,0.018337460481122697,1.0
NP_056135,0.26148961742562943,0.9014030006634454,0.01833536498923116,1.0
NP_689953,0.2614639945739695,0.90141893253011,0.018333601281989586,1.0
NP_001159968,0.26088451289719555,0.9017790568368071,0.018293711912557582,1.0
NP_000062,0.26079389045598317,0.9018353424180878,0.018287473506683197,1.0
NP_000259,0.2605856042797433,0.9019646754535507,0.018273134884554745,1.0
NP_005111,0.2605058022392699,0.9020142152928675,0.01826764112380668,1.0
NP_001138467,0.2604210703817626,0.9020668079770624,0.018261807915521178,1.0
NP_003288,0.2600353393068824,0.9023061316856805,0.018235252095772266,1.0
NP_001035350,0.25950065698204605,0.9026376050613878,0.01819843928791319,1.0
NP_006818,0.25948166448079524,0.9026493736643418,0.018197131605922456,1.0
NP_002482,0.259242466447455,0.9027975579604711,0.018180661915067536,1.0
NP_056131,0.25920999621797963,0.9028176686309277,0.01817842617415206,1.0
NP_054894,0.25911560863035615,0.9028761217585526,0.018171927049495693,1.0
NP_054876,0.2590757791253206,0.9029007847995157,0.01816918453470852,1.0
NP_057367,0.25901663992296137,0.9029374015194903,0.01816511239616316,1.0
NP_056298,0.2589243607654382,0.902994529625694,0.018158758277580105,1.0
NP_055521,0.25892151507623423,0.9029962911853847,0.01815856232902828,1.0
NP_003316,0.25872217435161105,0.9031196666202944,0.018144835924848626,1.0
NP_005885,0.25845360076896234,0.9032858229832066,0.018126341607972406,1.0
NP_001001974,0.2575996697503144,0.9038135940180076,0.01806753420751823,1.0
NP_001258825,0.25753327529284487,0.9038545955451028,0.018062961546029092,1.0
NP_001138828,0.25737639630115605,0.9039514560504154,0.018052156942979236,1.0
NP_003020,0.2570731445608885,0.9041386135371658,0.01803127065101455,1.0
NP_115825,0.2565793448717052,0.9044431543412065,0.01799725857549416,1.0
NP_001129108,0.2565257988651165,0.9044761615568317,0.01799357027681576,1.0
NP_001137504,0.25613496537264896,0.9047169858609492,0.01796664846361138,1.0
NP_001073893,0.2561330548657828,0.904718162664054,0.017966516858396002,1.0
NP_001128728,0.2559869439971108,0.9048081496801775,0.017956451910535833,1.0
NP_001096654,0.2557761173975956,0.9049379521731977,0.017941928611340148,1.0
NP_003036,0.2555471700425117,0.9050788553736431,0.017926156533614814,1.0
NP_001096036,0.2554199718122167,0.9051571129608393,0.017917393687262,1.0
NP_006616,0.25541792828318055,0.905158370076971,0.017917252904695532,1.0
NP_060052,0.2553486683321624,0.9052009739150989,0.017912481432278957,1.0
NP_612435,0.25528890796937287,0.905237729980362,0.01790836437040954,1.0
NP_776169,0.2548678638360956,0.9054965834424699,0.017879356460587255,1.0
NP_689659,0.254854571876175,0.9055047519742148,0.01787844068076185,1.0
NP_065853,0.2548229216863063,0.9055242017026821,0.017876260062033893,1.0
NP_001138890,0.2544427255320649,0.9057577528744661,0.017850064743416157,1.0
NP_001240811,0.2543585830705342,0.9058094189670353,0.017844267182434145,1.0
NP_036246,0.2542566112795874,0.9058720221793086,0.01783724105811254,1.0
NP_004747,0.25404765782286504,0.9060002678310902,0.017822843301877084,1.0
NP_116023,0.2538248464193993,0.9061369647645399,0.017807490210823014,1.0
NP_055684,0.2533948142224809,0.9064006355719185,0.017777856961461256,1.0
NP_001127854,0.2533948142224809,0.9064006355719185,0.017777856961461256,1.0
NP_000300,0.2529647801258298,0.9066640988062913,0.01774822179302379,1.0
NP_061910,0.2511175392939207,0.9077934349587596,0.0176209015609847,1.0
NP_851853,0.2510558770377599,0.9078310658658592,0.017616650948809872,1.0
NP_000213,0.2508397226889177,0.9079629449459392,0.017601750322793472,1.0
NP_919224,0.25079763849641074,0.9079886149225768,0.01759884919135461,1.0
NP_775188,0.25072839727896035,0.9080308453685968,0.017594075915925433,1.0
NP_055259,0.2504841959730555,0.9081797405755548,0.017577241062716877,1.0
NP_861966,0.25028969317833477,0.9082982843731044,0.01756383193375706,1.0
NP_001219,0.2501807819017304,0.9083646436023394,0.017556323370961673,1.0
NP_872293,0.2501457099803706,0.9083860098817813,0.01755390541762503,1.0
NP_001034930,0.2501097615156345,0.9084079086914039,0.01755142702065987,1.0
NP_006344,0.24996817818484096,0.908494142841853,0.017541665711753324,1.0
NP_055059,0.24993213504152403,0.9085160919430898,0.017539180725424257,1.0
NP_079455,0.24991861983685376,0.9085243218762743,0.017538248919467522,1.0
NP_004784,0.24971816371904695,0.9086463626236587,0.017524428262367317,1.0
NP_597709,0.24932353406449265,0.9088864833879665,0.017497218971024037,1.0
NP_858061,0.24931248013606067,0.9088932067880767,0.017496456792817847,1.0
NP_079330,0.24913338081683292,0.9090021217443447,0.01748410757051608,1.0
NP_003898,0.24897844997334959,0.9090963091963075,0.01747342455794193,1.0
NP_808227,0.24868802044864133,0.9092727955176603,0.01745339782103047,1.0
NP_004484,0.24858633051979154,0.9093345665981974,0.017446385539829412,1.0
NP_001154,0.24841329741622206,0.9094396470799472,0.017434453383049227,1.0
NP_006056,0.24829287517974105,0.909512757151974,0.017426149037984933,1.0
NP_005179,0.24817415570498405,0.9095848168907307,0.017417961978350396,1.0
NP_037462,0.2481448486236379,0.9096026030206468,0.01741594090037684,1.0
NP_001373,0.24759543573445866,0.9099358495024801,0.017378050692923492,1.0
NP_899229,0.247530698540612,0.9099750925846942,0.017373585906080333,1.0
NP_659480,0.2474460612031925,0.9100263915361966,0.017367748587377056,1.0
NP_002453,0.247425800694406,0.9100386702467025,0.01736635123815467,1.0
NP_112177,0.24722294344988704,0.9101615836073795,0.017352360135807866,1.0
NP_002479,0.24718491840691698,0.9101846180067287,0.017349737497094023,1.0
NP_000412,0.2470602203370999,0.910260144330979,0.017341136804098822,1.0
NP_065973,0.24693357922489645,0.9103368287883622,0.017332401941213434,1.0
NP_076982,0.24690838268641074,0.9103520836908825,0.017330664032799335,1.0
NP_057049,0.24678544508228148,0.9104265038750365,0.017322184434767855,1.0
NP_004554,0.24667568726148784,0.9104929306436174,0.01731461378615154,1.0
NP_115759,0.24636779753836008,0.910679193419849,0.01729337618118565,1.0
NP_078940,0.24635063532316243,0.9106895726815938,0.017292192339583973,1.0
NP_004688,0.246228668803864,0.9107633248371684,0.017283779063791884,1.0
NP_056161,0.246115036994356,0.9108320212362968,0.017275940588381018,1.0
NP_001244953,0.24604412783120125,0.9108748818105238,0.017271049115348956,1.0
NP_001035889,0.24600990808179118,0.9108955635825065,0.017268688542904167,1.0
NP_060501,0.24577740930660336,0.9110360447377425,0.017252649837560967,1.0
NP_775323,0.2455045027104135,0.9112008594567884,0.017233822969464,1.0
NP_037486,0.24533403711014665,0.9113037627697711,0.01722206278006773,1.0
NP_000867,0.24530296573765187,0.9113225156014325,0.017219919178107113,1.0
NP_000296,0.24523662869387836,0.911362548851082,0.01721534257984199,1.0
NP_444513,0.2451538016089873,0.911412526202817,0.0172096282724092,1.0
NP_056504,0.2446943178889299,0.9116896274036594,0.017177926912874165,1.0
NP_001073918,0.24445447412443908,0.9118341700838771,0.017161378455629824,1.0
NP_062547,0.2440536045316476,0.9120756019247593,0.01713371848404191,1.0
NP_848594,0.24382049458137264,0.9122159085647144,0.01711763319919166,1.0
NP_068778,0.2435963323903286,0.9123507681021783,0.017102164839955747,1.0
NP_055177,0.24298934950341533,0.9127156351281587,0.017060277413735975,1.0
NP_006449,0.24263568253426768,0.9129280250197302,0.017035869479678646,1.0
NP_443066,0.24262204158495823,0.9129362138781044,0.01703492804039603,1.0
NP_006538,0.2423976924399655,0.9130708615903143,0.01701944417467243,1.0
NP_001128727,0.2418332821044582,0.9134093340913922,0.016980488207816148,1.0
NP_005073,0.24177668710944691,0.9134432523279244,0.01697658181428195,1.0
NP_079431,0.2415276666249299,0.9135924477697782,0.016959393140874263,1.0
NP_001159439,0.24137424664484927,0.9136843285588987,0.016948803006262905,1.0
NP_002201,0.2413295234417596,0.9137111071732446,0.016945715850793436,1.0
NP_001248357,0.24132668512475763,0.9137128065710844,0.016945519926653073,1.0
NP_076999,0.2411466249824534,0.9138205946681817,0.0169330905251283,1.0
NP_001912,0.24082152927066008,0.9140151040558676,0.016910648643104913,1.0
NP_004126,0.240592820845333,0.9141518660818149,0.016894859917148536,1.0
NP_000707,0.24032608308914627,0.9143112877363181,0.016876445222314216,1.0
NP_001136151,0.24013241833727803,0.9144269809967693,0.016863074814392545,1.0
NP_703150,0.24007791378163648,0.9144595331285691,0.01685931181242258,1.0
NP_060665,0.23987128658759718,0.9145829053354754,0.016845045981105877,1.0
NP_066272,0.23966471708126486,0.9147061905633883,0.016830783718788954,1.0
NP_002637,0.23953680515677564,0.9147825048518006,0.01682195203639128,1.0
NP_000173,0.23952207382043633,0.9147912925055658,0.016820934900673455,1.0
NP_001026907,0.23946315318989403,0.914826437630961,0.01681686666229759,1.0
NP_446464,0.2394030187928509,0.9148623023289719,0.01681271458339174,1.0
NP_031367,0.23937071931633871,0.9148815641858306,0.01681048439813577,1.0
NP_000364,0.23906812897834692,0.9150619519306868,0.01678959092075782,1.0
NP_079103,0.23904425269357768,0.9150761808415079,0.01678794225591075,1.0
NP_002907,0.23896203665891144,0.9151251715353625,0.016782265170992936,1.0
NP_443731,0.23887439009895706,0.9151773889415478,0.016776213031632556,1.0
NP_060453,0.23852429643892076,0.9153858701308025,0.01675203774442946,1.0
NP_940986,0.2384732642255524,0.9154162471757414,0.016748513678409693,1.0
NP_065897,0.23813562848494726,0.9156171441119023,0.016725197364220276,1.0
NP_078867,0.23806114122680658,0.9156614457492214,0.016720053303991796,1.0
NP_004630,0.23786885168829544,0.9157757788885824,0.016706773616620964,1.0
NP_001070675,0.2378062309458083,0.9158130025124613,0.016702448894755827,1.0
NP_001092268,0.23779003656917672,0.9158226281337681,0.016701330470418715,1.0
NP_443168,0.23747164166562365,0.91601180937447,0.016679340801681986,1.0
NP_005379,0.23710142326782127,0.9162316233580954,0.01665377075142026,1.0
NP_001013679,0.2369945746639044,0.9162950318894527,0.016646390740757817,1.0
NP_443082,0.23697181092594058,0.9163085390164116,0.01664481843983706,1.0
NP_001136148,0.2369176961279925,0.9163406460492957,0.016641080687881393,1.0
NP_006105,0.23687605651196572,0.916365348890114,0.01663820458727801,1.0
NP_079357,0.23643826762735118,0.9166249368602024,0.016607964940570496,1.0
NP_001002255,0.2361266360208235,0.9168095727373796,0.016586438295889152,1.0
NP_000607,0.2358368209801755,0.9169811728816439,0.016566417833099163,1.0
NP_002376,0.2355823744902969,0.9171317438152848,0.016548839962631432,1.0
NP_945193,0.2352613424850903,0.9173216004884401,0.01652666128320059,1.0
NP_004634,0.23519627669676688,0.9173600641539393,0.016522166054133498,1.0
NP_003861,0.23514732083771508,0.917389000891066,0.01651878379182639,1.0
NP_878907,0.23508734821760435,0.9174244452530564,0.016514640371844296,1.0
NP_658988,0.23498125013224486,0.9174871390076373,0.016507310125895798,1.0
NP_065845,0.23496857138345037,0.9174946299721142,0.016506434152289418,1.0
NP_061004,0.23494728876769586,0.9175072038865477,0.016504963734785633,1.0
NP_001167448,0.23494294276851005,0.9175097714617887,0.016504663468838367,1.0
NP_852127,0.23480364401496565,0.9175920551439332,0.016495039193160137,1.0
NP_115627,0.23475596300294602,0.9176202146234251,0.016491744826050543,1.0
NP_001010906,0.2345623643489352,0.9177345205338123,0.016478368519176036,1.0
NP_060337,0.23423837254337204,0.9179257073800766,0.01645598214760811,1.0
NP_001265280,0.23420190458327536,0.917947218666819,0.016453462312338327,1.0
NP_055289,0.23375170177313223,0.9182126391109257,0.01642235347859927,1.0
NP_110396,0.2337282058685134,0.9182264841867491,0.01642072986697527,1.0
NP_005134,0.2335958607508059,0.9183044559958311,0.016411584467909992,1.0
NP_001805,0.23354653662482455,0.9183335098245712,0.016408175996325155,1.0
NP_001029031,0.2330744855932076,0.9186114085224053,0.01637555440527813,1.0
NP_000009,0.23301257012518783,0.9186478372420701,0.016371275510166882,1.0
NP_060644,0.23300261604178235,0.9186536933887497,0.016370587593314223,1.0
NP_665906,0.23289305981099956,0.9187181386605747,0.016363016207057227,1.0
NP_001248349,0.2328736363634122,0.9187295626839963,0.016361673848381948,1.0
NP_001034463,0.23280479161911755,0.918770050247845,0.016356915943665784,1.0
NP_001138912,0.23269219331900698,0.9188362561162245,0.016349134103260905,1.0
NP_000128,0.23246260522667522,0.9189711993945776,0.016333266538238196,1.0
NP_758455,0.2323205334229474,0.919054669847997,0.016323447246523824,1.0
NP_003333,0.23124065394897886,0.9196882709233026,0.016248804975749792,1.0
NP_078851,0.23093805168071604,0.9198655464388229,0.016227886794394523,1.0
NP_619525,0.23072967474400302,0.9199875520290949,0.01621348167083032,1.0
NP_056189,0.23061353956929567,0.9200555251232678,0.016205453048672658,1.0
NP_001432,0.23055503056734641,0.9200897633659831,0.01620140817221201,1.0
NP_848697,0.23054314086519173,0.9200967204248495,0.016200586202725586,1.0
NP_004831,0.23035355523279727,0.9202076283399898,0.01618747941424768,1.0
NP_001777,0.23034547242851977,0.9202123557512052,0.01618692061094491,1.0
NP_005056,0.22997937047464997,0.9204263892478549,0.016161609548909623,1.0
NP_060899,0.22994118502785235,0.9204487034362644,0.016158969460097743,1.0
NP_061168,0.22984740631104297,0.9205034962101124,0.016152485669600637,1.0
NP_057039,0.22981261586255516,0.9205238205491856,0.016150080262221693,1.0
NP_597677,0.2296364415625702,0.9206267159972612,0.016137899411951085,1.0
NP_991330,0.2295301921593389,0.9206887517940203,0.01613055308641273,1.0
NP_078886,0.22948087872558903,0.9207175393747,0.016127143406101663,1.0
NP_008872,0.22941426331126877,0.9207564222193625,0.016122537376874618,1.0
NP_015556,0.2293811413295351,0.9207757530658199,0.016120247187932365,1.0
NP_115682,0.22895183773891484,0.9210261752436646,0.016090562421588538,1.0
NP_001248760,0.22871247199355327,0.9211656971406236,0.01607401038173548,1.0
NP_065728,0.22866217495543378,0.9211950047541367,0.016070532292059993,1.0
NP_991111,0.22865602856765616,0.9211985859679019,0.016070107261611424,1.0
NP_060458,0.22864964936202414,0.9212023027810599,0.016069666131126936,1.0
NP_004622,0.2285905983089394,0.9212367060403368,0.01606558265413213,1.0
NP_004472,0.22836273462832984,0.921369416696626,0.016049825189833767,1.0
NP_003676,0.22829689721715574,0.921407748450318,0.016045272239280244,1.0
NP_000851,0.22829146788090696,0.9214109092540638,0.016044896774588452,1.0
NP_001029366,0.22799701776082199,0.9215822712356705,0.016024533704653805,1.0
NP_543151,0.22795038570076742,0.9216093992975171,0.01602130872833657,1.0
NP_004704,0.2278405165203635,0.9216733039693231,0.016013710320678057,1.0
NP_008940,0.22757585180451398,0.9218271786715624,0.015995405976039833,1.0
NP_055762,0.22716544188935542,0.9220656048043698,0.015967020473418223,1.0
NP_057517,0.22706229175761475,0.9221254942429639,0.015959885962484488,1.0
NP_055679,0.2266682225351454,0.9223541620085206,0.01593262870754947,1.0
NP_219499,0.22612923151368466,0.9226665880075846,0.01589534495530687,1.0
NP_061985,0.22612126203735458,0.9226712045946442,0.015894793659657812,1.0
NP_068741,0.22610066689167801,0.9226831346308559,0.01589336896918498,1.0
NP_110424,0.2259355372900259,0.9227787677825623,0.0158819458093134,1.0
NP_002820,0.22569676194623425,0.9229169874169066,0.015865427593674944,1.0
NP_004960,0.22551876539100207,0.9230199742635515,0.01585311362701672,1.0
NP_001302,0.22543315367646813,0.9230694930831332,0.0158471908195081,1.0
NP_001239053,0.2252149846347293,0.9231956400052724,0.01583209708099271,1.0
NP_036576,0.22518101197916005,0.9232152774714629,0.01582974668579141,1.0
NP_001073594,0.22486238500044203,0.9233993800284107,0.015807701959742734,1.0
NP_004218,0.22475186193392152,0.9234632082033656,0.015800055010827124,1.0
NP_001177757,0.22472162782867666,0.9234806658260667,0.015797963131246116,1.0
NP_060760,0.22437356192066793,0.9236815552205859,0.01577388001966756,1.0
NP_056981,0.22432086351116945,0.9237119562906604,0.015770233648666268,1.0
NP_839943,0.22425760454498245,0.9237484446476111,0.015765856523389094,1.0
NP_653333,0.22416002415348835,0.9238047192827428,0.01575910449354134,1.0
NP_078945,0.22414846535670627,0.9238113843882945,0.015758304681832147,1.0
NP_001025160,0.22406940263504793,0.9238569691687628,0.01575283389671443,1.0
NP_006006,0.22361147549340382,0.9241208268577501,0.015721146199660727,1.0
NP_001366,0.22348419924378712,0.9241941128098188,0.015712338560172828,1.0
NP_000194,0.2234562723353118,0.9242101902361484,0.015710405970026795,1.0
NP_000333,0.2233325611386867,0.9242813975739153,0.01570184485096557,1.0
NP_536724,0.2232871537520246,0.9243075285293815,0.015698702510771056,1.0
NP_114408,0.22319921594058936,0.9243581268173581,0.015692616868534046,1.0
NP_001164100,0.22301372852667464,0.9244648192951557,0.015679780163565662,1.0
NP_001212,0.22294626259140515,0.9245036140934824,0.015675111082841454,1.0
NP_000866,0.22284756665585517,0.9245603558113833,0.015668280603548104,1.0
NP_005249,0.22270360676194434,0.924643096552935,0.015658317357894157,1.0
NP_852664,0.22254239831811776,0.9247357172171401,0.0156471601269007,1.0
NP_714543,0.22244358417252502,0.9247924722824349,0.015640321078163485,1.0
NP_116257,0.22234530923604956,0.9248489043753754,0.015633519254497193,1.0
NP_005993,0.2221443626331738,0.9249642520496528,0.015619611007242278,1.0
NP_071331,0.22200400866216297,0.9250447853718438,0.015609896363898333,1.0
NP_065095,0.22181182156481674,0.9251550159714471,0.0155965937637059,1.0
NP_149351,0.22168154095355033,0.9252297106700891,0.01558757593574177,1.0
NP_055750,0.22128547231855442,0.9254566479112549,0.015560159645854946,1.0
NP_001129476,0.22106128644274198,0.9255850047995009,0.015544640585543681,1.0
NP_777550,0.22087461400712538,0.9256918305051954,0.015531717985163205,1.0
NP_004031,0.22012931092593918,0.9261178588153508,0.015480120195306825,1.0
NP_003607,0.21995469923191482,0.9262175584487593,0.01546803093850893,1.0
NP_060445,0.21986969221161168,0.9262660803368814,0.01546214536213625,1.0
NP_001171826,0.2197822278940643,0.9263159943497817,0.015456089578005712,1.0
NP_001957,0.2197209699595663,0.9263509465986135,0.015451848206005352,1.0
NP_079481,0.21968041251110776,0.9263740847907844,0.015449040072505646,1.0
NP_000876,0.21957075838545145,0.9264366314470418,0.015441447714303754,1.0
NP_004282,0.21946736272741266,0.9264955929208478,0.015434288579802113,1.0
NP_005472,0.21897018005307145,0.92677890337714,0.015399862105361994,1.0
NP_660323,0.21875305118926666,0.9269025218436043,0.015384826672333977,1.0
NP_060831,0.21871947852580922,0.9269216299500671,0.015382501838940988,1.0
NP_005500,0.21802557867498065,0.927316213552694,0.015334448335920006,1.0
NP_116120,0.21800169114568274,0.9273297850612694,0.01533279400869985,1.0
NP_001093136,0.21756977300739372,0.9275750372527246,0.01530288062453954,1.0
NP_004919,0.21747484609944198,0.9276289034868472,0.015296306021537,1.0
NP_055476,0.2173905757191323,0.9276767120197309,0.01529046941218581,1.0
NP_150597,0.2171052982587547,0.927838482029033,0.015270710436768366,1.0
NP_008971,0.2171003341116336,0.9278412959895764,0.015270366601460666,1.0
NP_000304,0.21664599902164913,0.9280986911666743,0.015238896645281733,1.0
NP_001161419,0.2166229268087222,0.9281117544972021,0.015237298472637243,1.0
NP_003433,0.21628413490938156,0.9283034891428997,0.015213830341099917,1.0
NP_036253,0.21601069517682892,0.9284581196310671,0.015194888341643998,1.0
NP_835227,0.21597885301974737,0.928476119489842,0.015192682491495774,1.0
NP_001257365,0.2153641647444532,0.9288233095240959,0.01515009831957581,1.0
NP_653181,0.21529035709823377,0.928864961492302,0.015144984850114654,1.0
NP_862821,0.21499508449373067,0.929031515115346,0.01512452752996416,1.0
NP_003323,0.21441135120432567,0.9293604122192345,0.015084082337757829,1.0
NP_653302,0.21418420402161345,0.929488263109586,0.015068343068258142,1.0
NP_003472,0.21383014845652823,0.9296873968468928,0.01504380917903032,1.0
NP_073738,0.2137232092831394,0.9297475077901152,0.015036398706818378,1.0
NP_003320,0.2134200771247941,0.9299178098562537,0.01501539221149696,1.0
NP_006671,0.21336822369080222,0.929946928227113,0.015011798775125004,1.0
NP_079150,0.21307591682845198,0.9301110007755887,0.01499154145628446,1.0
NP_006865,0.2130662711588481,0.930116412804327,0.014990872982222146,1.0
NP_060719,0.21295220114664115,0.9301804054108329,0.014982967516731746,1.0
NP_036373,0.21274590179831598,0.9302960902064211,0.014968669901528144,1.0
NP_065851,0.21273345777906394,0.9303030663619803,0.014967807453155915,1.0
NP_005018,0.21260111038385313,0.9303772468052852,0.014958634857381933,1.0
NP_065756,0.21170089259172076,0.9308811406904559,0.014896238964758704,1.0
NP_002832,0.21163842731916888,0.9309160615686102,0.014891909078712158,1.0
NP_000312,0.21140711185646754,0.931045327579218,0.014875874724614161,1.0
NP_001272,0.2104490310557323,0.9315798969276196,0.014809456801527796,1.0
NP_001137414,0.21003187605090526,0.9318122304732344,0.01478053517986021,1.0
NP_060666,0.2098367440809244,0.9319208207051698,0.014767005973402995,1.0
NP_002838,0.2093361581576293,0.9321991376421059,0.01473229683833249,1.0
NP_071760,0.2090251900522569,0.9323718435970634,0.014710734005777926,1.0
NP_001026895,0.20851985781234286,0.9326521896596891,0.014675691760932546,1.0
NP_001244904,0.2083924091540037,0.9327228351178112,0.014666853444992363,1.0
NP_001207423,0.20829047821682803,0.9327793185601077,0.014659784619139424,1.0
NP_001127948,0.20818097803795663,0.9328399791296635,0.014652190759658013,1.0
NP_631908,0.2080320899433889,0.9329224310101231,0.014641865152503172,1.0
NP_036231,0.2077779820066882,0.9330630755507141,0.01462424189551854,1.0
NP_056538,0.20777047106417676,0.9330672312654167,0.014623720976301399,1.0
NP_567823,0.207445580576243,0.9332469085303896,0.014601187764523477,1.0
NP_065142,0.20701655608372513,0.933483933778355,0.014571430621376771,1.0
NP_055508,0.2069887288729363,0.9334992980776302,0.014569500463688833,1.0
NP_997001,0.20692227517399045,0.9335359846010091,0.014564891055649589,1.0
NP_005262,0.2067175320370493,0.9336489736749229,0.014550689247596294,1.0
NP_061039,0.20631101372483487,0.9338731270113174,0.014522490287979474,1.0
NP_620134,0.2062751739217892,0.9338928770621223,0.014520004110609162,1.0
NP_001738,0.20623282594356923,0.9339162110424801,0.014517066450364293,1.0
NP_001091738,0.20618281112084033,0.9339437660150286,0.01451359692199913,1.0
NP_000088,0.2059586333082586,0.9340672272913608,0.014498045406478522,1.0
NP_001389,0.2058695050181011,0.9341162917625482,0.014491862321090556,1.0
NP_078922,0.20575975989235334,0.9341766891580853,0.014484248880041071,1.0
NP_001129580,0.205569189450148,0.9342815248717515,0.014471027996739142,1.0
NP_006800,0.2054250465342099,0.9343607835764235,0.01446102780179244,1.0
NP_000272,0.20517605741876904,0.934497619045206,0.014443753219912689,1.0
NP_742126,0.20514391030913148,0.9345152790874175,0.014441522845836989,1.0
NP_001127870,0.205075290652663,0.9345529701072016,0.014436761964057191,1.0
NP_001258558,0.2044223713285806,0.9349112439405528,0.014391459644371322,1.0
NP_006408,0.20438783786730774,0.9349301752817525,0.014389063449987803,1.0
NP_001165347,0.2043810105809868,0.934933917804232,0.014388589719519717,1.0
NP_001186036,0.20424128893629737,0.9350104935908776,0.01437889464010874,1.0
NP_079081,0.20424114498786367,0.9350105724678427,0.014378884651640304,1.0
NP_060667,0.20358855902897757,0.9353678335278511,0.01433360014498306,1.0
NP_005611,0.20346977666624205,0.9354327913741025,0.014325357103973747,1.0
NP_079416,0.2033530889090686,0.9354965827030974,0.014317259286320246,1.0
NP_009141,0.2029043353835342,0.9357417144021891,0.014286115754370108,1.0
NP_892118,0.20266158589434582,0.9358741873748477,0.014269268099411966,1.0
NP_006685,0.20256803758598643,0.9359252142405199,0.014262775369208303,1.0
NP_065691,0.20249763898006157,0.9359636049794867,0.014257889290140649,1.0
NP_056526,0.20232444257360432,0.9360580223201106,0.014245868230351535,1.0
NP_002602,0.20198166882944252,0.9362447476310578,0.01422207643548453,1.0
NP_057303,0.20173282877255302,0.9363801890085587,0.014204803822519789,1.0
NP_001171986,0.20162041070762526,0.9364413457172622,0.014197000403954543,1.0
NP_003840,0.20130635865526172,0.9366120898577658,0.014175200053519844,1.0
NP_001018000,0.20110025088388916,0.9367240635883124,0.014160892278143914,1.0
NP_002899,0.2007031377519586,0.9369396201256539,0.014133323949178118,1.0
NP_003362,0.20061919867665304,0.9369851515868857,0.014127496545738558,1.0
NP_003670,0.19928837445349948,0.9377055668397878,0.014035095928613368,1.0
NP_005688,0.1992444223096554,0.9377293121553228,0.014032043986552233,1.0
NP_002954,0.19921285128765068,0.9377463666503149,0.014029851751224719,1.0
NP_067066,0.19900398820515935,0.9378591539149128,0.014015348426584582,1.0
NP_000685,0.1988643483490144,0.9379345219908818,0.014005651682427506,1.0
NP_671494,0.19878608580572701,0.9379767493627471,0.01400021696252259,1.0
NP_006732,0.19857357674018547,0.9380913622015211,0.013985459572184398,1.0
NP_005130,0.19856927278015787,0.9380936827278232,0.013985160685227045,1.0
NP_003644,0.19825098517615508,0.9382652099507469,0.013963056814754246,1.0
NP_001121113,0.19812174999955398,0.9383348099711498,0.0139540816375631,1.0
NP_060786,0.19783907802199532,0.938486951861268,0.013934449949376222,1.0
NP_114143,0.1975570673156542,0.9386386118251251,0.013914863407765585,1.0
NP_004402,0.19728668734473878,0.938783898629671,0.013896083927120906,1.0
NP_001136336,0.1970226093138254,0.9389256870970778,0.013877741462817032,1.0
NP_066960,0.19653659221114655,0.9391863488905952,0.013843981659510911,1.0
NP_036531,0.1964531578162918,0.9392310587675111,0.01383818589280017,1.0
NP_068801,0.19639956942041203,0.9392597692530967,0.01383446334121676,1.0
NP_073607,0.19548322429058937,0.9397499995087026,0.013770804501821282,1.0
NP_001138599,0.19505012992948173,0.9399812299261632,0.013740714414120253,1.0
NP_000483,0.19490514774721254,0.9400585690200096,0.013730641079919071,1.0
NP_859067,0.19482921586231583,0.9400990605244477,0.013725365265021978,1.0
NP_065871,0.19466349383092438,0.9401874013613052,0.01371385055486,1.0
NP_001009996,0.19428800525191303,0.9403873978887574,0.013687759835507502,1.0
NP_109587,0.19403624838432654,0.9405213637102142,0.013670265806627994,1.0
NP_003349,0.1938536967748291,0.9406184396702395,0.013657580310192806,1.0
NP_060142,0.19377382174019736,0.940660898069619,0.013652029697936979,1.0
NP_002935,0.19345170821985172,0.9408320159384715,0.013629645007903047,1.0
NP_004116,0.19335555221096695,0.9408830647311351,0.013622962624990196,1.0
NP_001073905,0.19324643281463966,0.9409409775466254,0.01361537923894958,1.0
NP_001001992,0.1932209096186543,0.9409545206534016,0.013613605456370345,1.0
NP_002386,0.1930452029660857,0.9410477253102303,0.013601394218468553,1.0
NP_001243194,0.1928359323720282,0.9411586686532434,0.013586849963663305,1.0
NP_001271,0.19257225475575684,0.9412983539727436,0.013568523823525249,1.0
NP_067646,0.19234127411666962,0.9414206246658517,0.013552469631452057,1.0
NP_055703,0.19216775381657503,0.9415124211668582,0.013540408847330387,1.0
NP_004638,0.19201539009856786,0.9415929847460204,0.013529818339439824,1.0
NP_006614,0.19187406138749627,0.941667679529498,0.01351999465028633,1.0
NP_689876,0.19175765320230395,0.9417291788088463,0.013511903027672882,1.0
NP_945173,0.19158343529700922,0.9418211779059421,0.013499792758890237,1.0
NP_061722,0.19145316755415281,0.9418899357648081,0.013490737368028756,1.0
NP_001250,0.1911902085669552,0.9420286458016396,0.013472457613283011,1.0
NP_569055,0.1911573269873276,0.9420459827422953,0.013470171782522885,1.0
NP_006423,0.19064757096246332,0.9423145260747333,0.013434733687035884,1.0
NP_858058,0.1905909711156338,0.9423443169072558,0.013430798724561486,1.0
NP_000909,0.19042268935128254,0.942432859332852,0.013419099171314943,1.0
NP_777588,0.1903163092383021,0.942488807738749,0.013411703100261458,1.0
NP_001046,0.1902579838497142,0.9425194748318265,0.013407647984007877,1.0
NP_689969,0.1895384287595923,0.9428973491493041,0.013357617635781067,1.0
NP_005914,0.18933655171284094,0.943003210764384,0.013343580302208372,1.0
NP_055063,0.1891167849774215,0.9431183765615927,0.01332829857159587,1.0
NP_001166038,0.18896869416720694,0.943195936280536,0.013318000641222658,1.0
NP_055486,0.18878903419493026,0.9432899807539493,0.013305507167662396,1.0
NP_055121,0.18865342144328712,0.9433609327509327,0.013296076508442691,1.0
NP_072047,0.18846154628045664,0.9434612686232748,0.013282732991573872,1.0
NP_644812,0.1884453133569031,0.9434697543696202,0.013281604093684738,1.0
NP_115899,0.1881988055373466,0.9435985620519793,0.013264460705462954,1.0
NP_001258796,0.18779745346650958,0.9438080631657674,0.013236547398033587,1.0
NP_658985,0.1874596869866798,0.9439841643199443,0.01321305512914517,1.0
NP_001004456,0.186541093430737,0.9444621217752915,0.013149159629694186,1.0
NP_004100,0.1864416301789436,0.9445137886819172,0.013142240671707604,1.0
NP_057479,0.18642836427961892,0.944520678487904,0.013141317849179839,1.0
NP_115827,0.18635293468620276,0.9445598481180245,0.013136070669055635,1.0
NP_004060,0.18627935596100934,0.9445980473610581,0.013130952188865187,1.0
NP_612393,0.18625894417161923,0.9446086427567741,0.013129532239938646,1.0
NP_071440,0.18563925329824407,0.9449299778546126,0.01308642141418349,1.0
NP_005661,0.18535096588238384,0.9450792449903751,0.013066364471924389,1.0
NP_065098,0.1844902730200541,0.9455240472976364,0.01300647887016203,1.0
NP_001103224,0.18426187124496488,0.9456418724274748,0.012990585827980914,1.0
NP_077310,0.18373511490962127,0.9459132691984716,0.012953930218034246,1.0
NP_001678,0.18358834918505365,0.9459888016158928,0.012943716686165804,1.0
NP_001135452,0.18350358170317446,0.9460324100544686,0.012937817560105225,1.0
NP_000220,0.183444091151009,0.9460630074747741,0.012933677460290406,1.0
NP_077741,0.1833679856318322,0.946102141519006,0.01292838103175419,1.0
NP_001076581,0.18316538699354848,0.946206270830079,0.012914281262031783,1.0
NP_001193723,0.18272044842780552,0.9464347075755256,0.012883314529975149,1.0
NP_001035267,0.1826628240315832,0.9464642677005732,0.012879303858375107,1.0
NP_005689,0.1824351477408061,0.9465810049549758,0.012863457215939888,1.0
NP_001185707,0.1818454197645773,0.9468829621227974,0.01282240881790658,1.0
NP_659410,0.18168178557129394,0.9469666407886094,0.012811018348764549,1.0
NP_060515,0.18158616747729067,0.9470155161558127,0.012804362314119926,1.0
NP_973728,0.1814717142623418,0.9470739982918085,0.012796395037042255,1.0
NP_055847,0.18131544965113958,0.9471538080991313,0.012785516992050263,1.0
NP_003322,0.18128943373749876,0.9471670912218937,0.012783705923539538,1.0
NP_079105,0.1806790429572288,0.9474784050356161,0.012741212350262043,1.0
NP_006653,0.18046604530961977,0.9475868862550241,0.012726383232609722,1.0
NP_060139,0.18022203809472126,0.947711063620339,0.012709394649150099,1.0
NP_065116,0.18016675837582394,0.9477391815019618,0.012705545812386476,1.0
NP_060888,0.1796578354896471,0.9479977927602181,0.012670110772348066,1.0
NP_001093859,0.17948372419746053,0.9480861640270659,0.012657987250351676,1.0
NP_001091868,0.1792758756538807,0.9481915892364468,0.01264351418408476,1.0
NP_006784,0.179255921220131,0.9482017065617915,0.012642124679607725,1.0
NP_056094,0.17909748063335326,0.9482820145147508,0.012631091709326012,1.0
NP_005958,0.17882110630234538,0.9484219933230963,0.012611845862337684,1.0
NP_055070,0.17845617014958598,0.9486066211886386,0.012586431696653688,1.0
NP_060506,0.17759259899814733,0.9490425813655864,0.012526287362122171,1.0
NP_075559,0.1772408780528293,0.9492197637922042,0.012501789281665386,1.0
NP_061026,0.17692155784910546,0.949380433894372,0.012479546926120372,1.0
NP_005909,0.17685424724406787,0.9494142789702289,0.012474858255557485,1.0
NP_001926,0.1765614311621748,0.9495614187362136,0.012454460979096582,1.0
NP_006210,0.17616978406018224,0.949757982127891,0.012427177915029572,1.0
NP_002285,0.17601376975035724,0.9498362077532464,0.012416309169080111,1.0
NP_705898,0.17594375957657377,0.9498712967400031,0.01241143182849572,1.0
NP_001655,0.17580091185991095,0.9499428646035523,0.012401480025924354,1.0
NP_858059,0.17579912667628922,0.9499437587640983,0.012401355655884457,1.0
NP_056249,0.17544442972985114,0.9501213057430639,0.012376644033953197,1.0
NP_003336,0.17518012856011916,0.9502534576310353,0.0123582294525603,1.0
NP_001240628,0.174949066865823,0.9503688868857978,0.012342130193241353,1.0
NP_036216,0.17482518702096736,0.9504307328320358,0.012333498629742829,1.0
NP_057212,0.17443081176733985,0.9506274373823002,0.012306018780135484,1.0
NP_006575,0.1744170637566521,0.9506342894941378,0.012305060798770253,1.0
NP_001027582,0.17431045922403524,0.9506874104282728,0.012297632376931707,1.0
NP_060137,0.1742481064100074,0.9507184712742732,0.012293287453548057,1.0
NP_060238,0.17412047820749987,0.9507820269600497,0.01228439383418586,1.0
NP_001243548,0.17384626542712187,0.9509184786343599,0.012265285101276153,1.0
NP_001137474,0.1737411095455343,0.9509707694460691,0.012257957034965556,1.0
NP_620164,0.17348388164575507,0.9510985966840416,0.012240030968702877,1.0
NP_060377,0.17316740373924186,0.9512557032168851,0.012217974910361664,1.0
NP_055513,0.172760415227216,0.9514574739517494,0.012189609516125176,1.0
NP_061878,0.17270295931053256,0.9514859343413675,0.012185604948213354,1.0
NP_001243193,0.1726797217414796,0.951497443204182,0.012183985324707628,1.0
NP_001258968,0.17247695009572553,0.9515978281369031,0.012169852221531437,1.0
NP_997244,0.17243597760137155,0.9516181030481432,0.012166996405832816,1.0
NP_000706,0.17195238855784625,0.951857171926891,0.012133288614254535,1.0
NP_005309,0.17149052322543668,0.9520851025336166,0.01210109289099715,1.0
NP_056330,0.1713226926083759,0.9521678302427716,0.0120893932291681,1.0
NP_001007469,0.17104971057428708,0.9523022792774252,0.012070362751367069,1.0
NP_003330,0.17091417092071975,0.9523689844170764,0.01206091356275677,1.0
NP_001137291,0.17084224173352514,0.9524043702882808,0.01205589892394611,1.0
NP_004543,0.17074743872303477,0.9524509945088254,0.012049289528401988,1.0
NP_055665,0.1706613639252361,0.9524933118712567,0.012043288562359897,1.0
NP_000178,0.17051279572073666,0.9525663210954457,0.012032930507089964,1.0
NP_059142,0.17031103024618094,0.952665407387388,0.012018863233323268,1.0
NP_054701,0.1702217680302377,0.9527092198021874,0.012012639662018473,1.0
NP_056156,0.17010424730929313,0.9527668798816844,0.0120044457218156,1.0
NP_036397,0.16956430311258983,0.9530314690205555,0.011966797248334729,1.0
NP_938052,0.1694882675002248,0.95306868549112,0.011961495313064391,1.0
NP_659419,0.16927981206982792,0.9531706613968681,0.011946959500766595,1.0
NP_001159403,0.16925917893787076,0.953180750697608,0.011945520707918787,1.0
NP_037415,0.168799643461337,0.9534052521838143,0.01191347522083391,1.0
NP_001196,0.16879665083469378,0.9534067129168262,0.01191326652463108,1.0
NP_689522,0.1687829494670147,0.9534134004881331,0.011912311033980777,1.0
NP_079355,0.1687249271976803,0.9534417170100952,0.011908264721393754,1.0
NP_002785,0.16824182873742297,0.9536772396745797,0.011874573484211592,1.0
NP_006504,0.1679433700412372,0.9538225285046056,0.01185375785707621,1.0
NP_942583,0.1679158516578538,0.9538359160054334,0.011851838577810664,1.0
NP_067036,0.16759988561776012,0.9539895299062287,0.011829800881651038,1.0
NP_003357,0.16754237001826858,0.9540174723136097,0.011825789233058956,1.0
NP_004362,0.1675356646097458,0.9540207295532639,0.011825321536210909,1.0
NP_004861,0.16659892717513036,0.9544749339274918,0.011759980502839775,1.0
NP_006746,0.16654083503590955,0.9545030473438533,0.01175592806848303,1.0
NP_110390,0.1665088616320958,0.9545185180136211,0.011753697629982823,1.0
NP_005947,0.16615486771928492,0.9546896731301594,0.011729002631328388,1.0
NP_060952,0.16594917853486807,0.9547890148487418,0.01171465296418856,1.0
NP_005154,0.16539522979823088,0.9550561582803411,0.011676005301306842,1.0
NP_002804,0.16508505532672804,0.955205487349827,0.011654363858877676,1.0
NP_715638,0.16494133889105642,0.9552746157701132,0.011644336177954785,1.0
NP_001257903,0.16442606112329308,0.9555221450138027,0.011608381477212737,1.0
NP_787116,0.16417869207805325,0.9556407968656198,0.011591119799263581,1.0
NP_001092690,0.1638924587397894,0.9557779447119301,0.01157114537668352,1.0
NP_000233,0.16385443422508347,0.9557961522893053,0.011568491824453572,1.0
NP_006500,0.16380450350033957,0.9558200568211542,0.011565007372126465,1.0
NP_001661,0.1632988377423583,0.9560618779935292,0.01152971773123925,1.0
NP_055428,0.16289242749845081,0.956255878254267,0.01150135315454217,1.0
NP_066957,0.16272021071645726,0.9563379905627128,0.011489333143313274,1.0
NP_057444,0.16240256553472715,0.9564892932006815,0.011467162071070219,1.0
NP_113611,0.16235849765582888,0.9565102685572952,0.011464086132454752,1.0
NP_006860,0.16211535990935202,0.9566259296891517,0.011447114769893366,1.0
NP_665858,0.1620926472446488,0.9566367283394117,0.011445529363641415,1.0
NP_060281,0.16202874122947292,0.9566671068810139,0.011441068521331534,1.0
NP_056509,0.16186954930016514,0.9567427465829712,0.011429956245301269,1.0
NP_055717,0.1617371967091487,0.9568055964312567,0.01142071727942618,1.0
NP_002801,0.16070595443101116,0.9572941395941432,0.011348724770372399,1.0
NP_060482,0.16065054243176222,0.9573203322950016,0.011344856082026743,1.0
NP_055912,0.16037891657010567,0.9574486409063886,0.01132589159619411,1.0
NP_001078868,0.16033196097619684,0.957470806910968,0.011322613157519762,1.0
NP_116196,0.16029704868937858,0.9574872849362323,0.01132017556822475,1.0
NP_620153,0.15989024700771326,0.957679113835916,0.011291771632304944,1.0
NP_001129479,0.15988122463370485,0.9576833647185108,0.011291141648530373,1.0
NP_542161,0.1598592280449983,0.9576937277247337,0.011289605741869333,1.0
NP_006262,0.15975590237818751,0.957742393768039,0.011282390987499705,1.0
NP_006182,0.15973283913521813,0.9577532536367568,0.011280780573327081,1.0
NP_116130,0.1588736111467943,0.9581571009955266,0.011220780374910515,1.0
NP_004353,0.15796152342716807,0.9585842104107308,0.011157080994025119,1.0
NP_996816,0.15766790466887365,0.9587213571712869,0.011136573179321315,1.0
NP_076436,0.1575676924299779,0.9587681265424597,0.01112957365651369,1.0
NP_001129584,0.15701671015301114,0.9590249175732222,0.0110910874351376,1.0
NP_060209,0.15647188560060799,0.9592782481984825,0.011053028386243958,1.0
NP_079426,0.15640872668552497,0.9593075775516713,0.01104861619251547,1.0
NP_001186793,0.15603493319169293,0.9594809953410304,0.011022502694298764,1.0
NP_001132989,0.15595488494438275,0.9595180968304768,0.011016910283477179,1.0
NP_009193,0.1555282932008924,0.9597156023419825,0.01098710623718613,1.0
NP_009178,0.15551647366795662,0.95972106944455,0.010986280434009439,1.0
NP_005972,0.15541609570781825,0.9597674878501063,0.010979267204652731,1.0
NP_001166951,0.15518108252940743,0.9598760878163495,0.010962846863254539,1.0
NP_777358,0.15516483939969078,0.9598835897181968,0.010961711937666934,1.0
NP_001156907,0.15515091126371042,0.9598900220186946,0.01096073876119907,1.0
NP_036244,0.15503456094171322,0.9599437398537238,0.010952609142297919,1.0
NP_059988,0.15468393890285773,0.9601054549938983,0.010928109703511156,1.0
NP_001166184,0.15468343848872113,0.9601056856208489,0.010928074736600143,1.0
NP_872433,0.15466467228796038,0.9601143340785098,0.010926763428791295,1.0
NP_000381,0.1545005066477246,0.9601899602048808,0.01091529203557291,1.0
NP_075050,0.1541129898300772,0.9603682630782944,0.010888212489246726,1.0
NP_115818,0.15398292604926714,0.9604280399877488,0.010879123343145617,1.0
NP_056327,0.15372178341096235,0.9605479576368463,0.010860873610722915,1.0
NP_612815,0.1536482598115354,0.9605816951862272,0.010855735354665462,1.0
NP_002069,0.15329803641503043,0.9607422516430156,0.010831258977279346,1.0
NP_003338,0.15282162006179348,0.9609602627095544,0.01079796129452851,1.0
NP_001241658,0.15280137977858038,0.960969514631931,0.01079654661139397,1.0
NP_872353,0.1527975240517077,0.9609712770076745,0.010796277117088611,1.0
NP_001034679,0.1527731493994934,0.9609824174784962,0.010794573458274895,1.0
NP_002146,0.15272722201540884,0.9610034053916093,0.010791363361955603,1.0
NP_619727,0.15247138630418008,0.9611202391624973,0.010773481333566363,1.0
NP_006549,0.15194980045225268,0.9613580234317375,0.010737022289847069,1.0
NP_001186346,0.15154648473651583,0.9615415110497257,0.010708828529798488,1.0
NP_055892,0.15124314053658308,0.961679298686495,0.010687622213439569,1.0
NP_071415,0.1509934025335019,0.9617925960471927,0.010670162739703419,1.0
NP_005439,0.1504705598493439,0.9620293788699138,0.010633608204966012,1.0
NP_116242,0.15033232872570124,0.9620918869325188,0.010623943327502012,1.0
NP_000174,0.1502060163589915,0.9621489711103863,0.010615111623487246,1.0
NP_061746,0.14979081208544223,0.9623363832425007,0.010586079615926537,1.0
NP_057321,0.1488321563028903,0.9627677407124559,0.010519041759682607,1.0
NP_009172,0.14855859871208763,0.9628904833200026,0.010499910480323456,1.0
NP_004283,0.1484332255847334,0.9629466853198334,0.010491142250035175,1.0
NP_001013455,0.14823971896584584,0.9630333662167729,0.010477608657360322,1.0
NP_112583,0.14816701572020635,0.9630659134505584,0.010472523794465817,1.0
NP_060678,0.1480982882941877,0.9630966707507117,0.010467716952229604,1.0
NP_001032405,0.14794554961039122,0.9631649902024774,0.010457034139099111,1.0
NP_000682,0.14787427774479991,0.9631968532904508,0.010452049180095716,1.0
NP_000762,0.1478323820697775,0.9632155784214189,0.010449118852802681,1.0
NP_003747,0.14712383135720394,0.9635317103682703,0.010399557755414773,1.0
NP_741995,0.14701838466340356,0.9635786679001042,0.010392181636151979,1.0
NP_963922,0.14700903281931216,0.9635828313456498,0.010391527458437994,1.0
NP_000035,0.14641029063102357,0.9638490118440508,0.010349642603536602,1.0
NP_059965,0.14636280798526302,0.9638700889743975,0.010346320815598265,1.0
NP_057238,0.1463347052357659,0.963882561317653,0.010344354794716204,1.0
NP_001008781,0.1462851566713861,0.963904547551585,0.010340888441825171,1.0
NP_056197,0.14605657017830234,0.9640059119392684,0.01032489651470844,1.0
NP_871615,0.14586381223640613,0.9640913034640729,0.010311410753879273,1.0
NP_005824,0.1455020414845584,0.964251357085232,0.010286099500593482,1.0
NP_005126,0.145428677050974,0.9642837812646269,0.010280966407678558,1.0
NP_036411,0.1453770497616556,0.9643065917058985,0.010277354166681983,1.0
NP_064516,0.1453499590438946,0.9643185589335806,0.010275458681809737,1.0
NP_001095868,0.145273633735378,0.964352267068399,0.010270118309264204,1.0
NP_001160165,0.14518202151733067,0.9643927103010347,0.010263708257446467,1.0
NP_570924,0.14501323956329182,0.9644671747305074,0.010251898468196054,1.0
NP_001229344,0.1446111584016135,0.9646443259962592,0.010223763437690363,1.0
NP_060554,0.14383535324229352,0.9649851699822429,0.010169473106127551,1.0
NP_055740,0.14382997936984723,0.9649875265103525,0.01016909702532039,1.0
NP_055855,0.1437957254039463,0.965002545978432,0.010166699816349297,1.0
NP_004562,0.14376910094717568,0.9650142183889864,0.010164836538341666,1.0
NP_057529,0.143644434500954,0.9650688533336472,0.010156111825786464,1.0
NP_620634,0.14304142475801668,0.9653326560833588,0.010113908349841664,1.0
NP_057016,0.1427230013938284,0.9654716469759911,0.010091621067581009,1.0
NP_065988,0.14267296539705646,0.9654934679134501,0.010088118826344573,1.0
NP_115971,0.14259239928815506,0.9655285919651708,0.010082479595136477,1.0
NP_002582,0.14231108535701487,0.9656511265920453,0.01006278850027307,1.0
NP_006527,0.14227102840192227,0.965668560848695,0.010059984575051587,1.0
NP_001186048,0.1420152547740264,0.9657798020860052,0.01004208044013283,1.0
NP_001185722,0.14113226194098305,0.9661627575940794,0.009980266030098744,1.0
NP_001170854,0.1399379314932983,0.9666780744499492,0.009896643971938549,1.0
NP_001161076,0.13982141570667897,0.9667281826717462,0.009888485264132376,1.0
NP_003001,0.13981964324181076,0.9667289447028373,0.009888361150959812,1.0
NP_653180,0.13978188209736855,0.9667451776365238,0.009885716997823634,1.0
NP_001138535,0.13954176432382034,0.9668483283741849,0.009868902871796389,1.0
NP_060932,0.13944972001289815,0.9668878360319478,0.009862457363918607,1.0
NP_001094896,0.13889579201005023,0.9671252074411414,0.009823666151393585,1.0
NP_001003789,0.13850838279009103,0.967290825464375,0.009796534333048062,1.0
NP_001263248,0.13845001993420944,0.9673157473668987,0.009792446819771951,1.0
NP_001129069,0.13799704926049347,0.9675089209323895,0.00976072132280659,1.0
NP_057263,0.13711289995069573,0.9678846833743308,0.009698790758838319,1.0
NP_001451,0.13710558487043967,0.9678877851360796,0.009698278339037818,1.0
NP_002841,0.13626137084156262,0.96824496194047,0.009639137765422532,1.0
NP_835361,0.1360424672099647,0.968337321451328,0.009623801536075567,1.0
NP_004417,0.13557043981148292,0.968536118910985,0.009590730023152211,1.0
NP_036605,0.13538078822228047,0.9686158533336545,0.009577441899200971,1.0
NP_001025168,0.13481117247086452,0.9688548558287412,0.00953752907102322,1.0
NP_932076,0.13430047303101558,0.9690685259604789,0.00950174175844556,1.0
NP_001677,0.13418400231844083,0.9691171746373326,0.009493579699856071,1.0
NP_003122,0.13399064148942855,0.969197872888479,0.009480029022808856,1.0
NP_002694,0.1339662253673984,0.969208056923429,0.009478317920907305,1.0
NP_000019,0.13395712700601048,0.9692118515365338,0.0094776802987506,1.0
NP_620448,0.13391662439817173,0.9692287415407413,0.009474841826008993,1.0
NP_001177344,0.13376318292489514,0.9692926950472426,0.009464088310641527,1.0
NP_064574,0.1336576183010836,0.9693366632754924,0.00945668997443493,1.0
NP_004154,0.13302846054723072,0.9695981946120564,0.009412594117289414,1.0
NP_443149,0.1324358706656601,0.969843714913943,0.009371057606605091,1.0
NP_001078956,0.13178126806639193,0.9701140115080251,0.009325170377790824,1.0
NP_001138536,0.13169610547375282,0.9701491057028667,0.009319200221319632,1.0
NP_775815,0.13162071861816532,0.9701801578282563,0.009313915313673638,1.0
NP_006322,0.13110653056348082,0.9703916118021501,0.009277867255470532,1.0
NP_003631,0.1309757790076064,0.9704452866423454,0.009268700269246697,1.0
NP_001024,0.13092122206471293,0.970467671388514,0.009264875234056653,1.0
NP_079467,0.13089681087923266,0.9704776851318127,0.009263163734835041,1.0
NP_004387,0.13088409881568455,0.970482899229577,0.009262272473571134,1.0
NP_057393,0.13043949826451806,0.9706650304896391,0.009231099873470918,1.0
NP_006232,0.13041765479658038,0.9706739671519045,0.00922956829604467,1.0
NP_789793,0.1301765355620702,0.9707725426077263,0.009212661656027367,1.0
NP_005817,0.12964061085571696,0.9709911686640075,0.009175081973147621,1.0
NP_612450,0.12818998486553546,0.9715796534167254,0.009073348036999487,1.0
NP_008878,0.12791828298754962,0.9716893408122321,0.009054290973751255,1.0
NP_004708,0.12754937348821227,0.9718379999478697,0.009028414632729695,1.0
NP_002618,0.12750081888250422,0.9718575426447073,0.009025008776647142,1.0
NP_065826,0.12749022454150777,0.9718618060297461,0.009024265634956077,1.0
NP_004321,0.12720303885611964,0.971977277102257,0.009004120525928205,1.0
NP_060495,0.12712715438494698,0.9720077568414106,0.008998797348935005,1.0
NP_001035546,0.12698323699663835,0.9720655261881149,0.008988701612109705,1.0
NP_976224,0.12568435474329026,0.9725847391772978,0.008897576328830148,1.0
NP_775937,0.12557865335387977,0.9726268199881244,0.00889015993154116,1.0
NP_955374,0.12459647558196271,0.9730165916771797,0.008821241427842573,1.0
NP_059347,0.12458873147671215,0.9730196559443444,0.00882069799307258,1.0
NP_004168,0.12404538306988239,0.9732343036514215,0.008782567579297948,1.0
NP_001350,0.12388390598566967,0.9732979613743713,0.008771235080257768,1.0
NP_001138304,0.1238076296904666,0.9733280098740972,0.008765881902143976,1.0
NP_006636,0.12376628350616933,0.9733442922061756,0.008762980144375827,1.0
NP_476429,0.1232113283814853,0.9735624479330192,0.008724030641238391,1.0
NP_005619,0.12266496785935618,0.9737765175991169,0.008685681359610205,1.0
NP_113676,0.12211224778612027,0.9739923627806263,0.008646882678989004,1.0
NP_055730,0.1219224840028498,0.9740663018104243,0.008633561339892789,1.0
NP_055309,0.1218701780557385,0.9740866671736669,0.008629889421099128,1.0
NP_060329,0.12174271840331033,0.974136266569291,0.008620941538940264,1.0
NP_077748,0.12172234756563159,0.9741441900704417,0.008619511456873718,1.0
NP_001263236,0.12159358267214969,0.9741942520925424,0.008610471754501605,1.0
NP_004453,0.12129053145884958,0.9743119190891988,0.008589195951222971,1.0
NP_001295,0.12084963491641175,0.9744827184345262,0.008558241043625923,1.0
NP_002944,0.12076587089276818,0.9745151156101223,0.00855235983635305,1.0
NP_006725,0.12052715261605927,0.9746073523615325,0.00853559865813718,1.0
NP_116759,0.1204347277700147,0.9746430273169685,0.008529109060159542,1.0
NP_003356,0.11947781262367668,0.9750111871040368,0.008461914400039374,1.0
NP_060521,0.11894408954719109,0.9752155773629315,0.008424432364970548,1.0
NP_001265477,0.11870973858445578,0.9753051064453887,0.008407973588410752,1.0
NP_112506,0.11861718069421168,0.9753404299583686,0.008401472975441868,1.0
NP_004214,0.11848493277728572,0.9753908648888915,0.00839218466722394,1.0
NP_079137,0.11814829881653002,0.9755190557653496,0.008368540711987987,1.0
NP_000206,0.11786261725372527,0.9756276295373547,0.008348474584933482,1.0
NP_612480,0.11761299312678096,0.9757223382928845,0.008330940448930102,1.0
NP_579917,0.11751097687521289,0.9757610004603371,0.008323774429338031,1.0
NP_001123500,0.1173655221868746,0.9758160814082998,0.008313556945339608,1.0
NP_004375,0.11698609270795786,0.9759595230588503,0.008286902879955826,1.0
NP_067067,0.11695441224771742,0.9759714839338129,0.008284677334244914,1.0
NP_009121,0.1164774724385798,0.9761512568962397,0.00825117120513909,1.0
NP_060828,0.11638090972102028,0.9761875870103272,0.008244387174397969,1.0
NP_000432,0.11533803224109034,0.9765785048090061,0.008171113718824499,1.0
NP_001243549,0.11508385182753399,0.9766733806453711,0.008153253146465275,1.0
NP_000291,0.1147348004763744,0.9768034104112194,0.008128725200880283,1.0
NP_059986,0.11464181403597186,0.9768379996516521,0.008122190810536124,1.0
NP_291022,0.1139780458460435,0.9770842924270324,0.008075543654369579,1.0
NP_001027455,0.11388720857809592,0.9771179135332843,0.008069159608196241,1.0
NP_003842,0.11366987625147909,0.9771982710920823,0.008053885151639193,1.0
NP_001138600,0.11362701519504222,0.9772141050153111,0.008050872753878849,1.0
NP_006282,0.11303340414549352,0.9774329332728092,0.00800915018824314,1.0
NP_060739,0.11278068098939512,0.9775258326129467,0.00799138621500128,1.0
NP_443125,0.1127633474828092,0.9775321985013777,0.007990167815215424,1.0
NP_001034636,0.11272062956151167,0.9775478838716823,0.007987165091711582,1.0
NP_006805,0.11259694112357953,0.9775932748923688,0.007978470694892178,1.0
NP_001129575,0.11226867849653187,0.9777135563968488,0.00795539548276887,1.0
NP_036336,0.1121156751056843,0.9777695283143887,0.00794463974692757,1.0
NP_003867,0.11158326873822956,0.9779638404735065,0.007907211162153786,1.0
NP_000179,0.11126480262826245,0.978079733634235,0.007884821395140925,1.0
NP_778236,0.11099593921752278,0.978177378929671,0.00786591816025125,1.0
NP_057562,0.1105016130722688,0.9783564360516901,0.007831161223205407,1.0
NP_001818,0.10836397860794493,0.9791236782475938,0.007680832361020296,1.0
NP_817124,0.10836320669813002,0.9791239532216257,0.007680778068336309,1.0
NP_001003795,0.10812296910410184,0.9792094587339822,0.0076638805417903084,1.0
NP_001026864,0.10733568562068631,0.979488643789354,0.007608501563487387,1.0
NP_006591,0.10729317801288571,0.9795036729745101,0.007605511323753379,1.0
NP_001193973,0.10716418047057723,0.9795492538035611,0.007596436753669546,1.0
NP_001186018,0.10679245522881035,0.9796803647017325,0.007570286127604215,1.0
NP_057455,0.10659680566333872,0.9797492306447161,0.007556521755874067,1.0
NP_036368,0.10650766133752715,0.9797805758303809,0.007550250132386665,1.0
NP_004779,0.10639872475808061,0.9798188528824556,0.007542585945152719,1.0
NP_775808,0.10603091542501836,0.9799478660401107,0.007516707999631062,1.0
NP_060734,0.10581726261802538,0.980022648211064,0.007501675418584414,1.0
NP_071356,0.10568522327215946,0.9800688058132553,0.0074923849213504095,1.0
NP_000686,0.10547976359092662,0.9801405404280195,0.0074779281072871445,1.0
NP_079055,0.10529501912708496,0.9802049500201839,0.0074649285239552,1.0
NP_872346,0.10518039148463859,0.9802448699223069,0.007456862554422665,1.0
NP_065947,0.10440355199817732,0.9805145192759116,0.007402195464223392,1.0
NP_037518,0.10415222361791014,0.980601425136549,0.007384507907076016,1.0
NP_003453,0.10377178982561205,0.980732663495738,0.007357733191661007,1.0
NP_001138430,0.10340541878461741,0.9808586967416151,0.007331946839370407,1.0
NP_001073885,0.10266120773361082,0.9811136370392839,0.007279562787576116,1.0
NP_068761,0.10254909237915913,0.9811519190621003,0.00727167065382353,1.0
NP_001091953,0.10254111879650538,0.9811546404129817,0.007271109364810426,1.0
NP_003933,0.10235159722639073,0.9812192746281915,0.007257768076532779,1.0
NP_001261,0.10140871564482604,0.9815394416532834,0.007191389008696558,1.0
NP_258257,0.10101873379723768,0.9816711853588983,0.007163931606949549,1.0
NP_115677,0.1008207712791496,0.9817379085665433,0.007149993104266915,1.0
NP_001534,0.10079441664058084,0.9817467836356141,0.007148137449733449,1.0
NP_001027454,0.10017893252262387,0.9819535324467519,0.007104798669721644,1.0
NP_078889,0.09969503509521911,0.98211537967572,0.007070722795569022,1.0
NP_078801,0.09846748441308886,0.9825231790251588,0.006984268646358334,1.0
NP_001258837,0.09838016899929444,0.9825520336425635,0.006978118607953351,1.0
NP_067038,0.09526396325594384,0.9835685118114489,0.006758579584198034,1.0
NP_008990,0.09524877335831589,0.9835734028435644,0.006757509206814948,1.0
NP_078856,0.09429045560095248,0.9838807148749658,0.006689975341290221,1.0
NP_002493,0.09373927162181134,0.9840563422280485,0.00665112854830218,1.0
NP_689494,0.09371220114112955,0.9840649466436674,0.0066492205746575325,1.0
NP_001034201,0.09342231907387849,0.9841569615640863,0.006628788732701341,1.0
NP_000938,0.09337582719379543,0.9841716978558097,0.006625511753800151,1.0
NP_056477,0.09297950796870058,0.984297078379101,0.0065975763262925684,1.0
NP_005489,0.0925903864722828,0.9844197654848996,0.006570146717750479,1.0
NP_001245299,0.09258928739702221,0.9844201114301874,0.006570069240563525,1.0
NP_848604,0.09126114914661908,0.9848357422638828,0.006476435869059594,1.0
NP_057158,0.0907288830038478,0.9850009526785743,0.006438906301950384,1.0
NP_001096645,0.09036955267190366,0.985112044445258,0.006413568667172907,1.0
NP_115756,0.09036084222099454,0.9851147329783443,0.006412954446860808,1.0
NP_116185,0.09010987071561931,0.9851921069181597,0.006395256782411645,1.0
NP_057698,0.0899412425816509,0.9852439968894849,0.006383365340789119,1.0
NP_005863,0.08984628122822545,0.9852731836514586,0.006376668661596885,1.0
NP_001688,0.08920111112853878,0.9854708185284217,0.0063311688452003315,1.0
NP_001070962,0.08918208862769335,0.9854766281833695,0.0063298272438169455,1.0
NP_001001551,0.0874277183022704,0.986008102680961,0.006206081056847945,1.0
NP_001186904,0.08709486465970491,0.9861079689419416,0.0061825994285166445,1.0
NP_064571,0.08635483603970036,0.9863288872502448,0.006130389092482814,1.0
NP_073728,0.0861958930619367,0.9863761353056181,0.006119174666908607,1.0
NP_000593,0.0853362513706258,0.9866304428647622,0.006058517159100256,1.0
NP_005208,0.08505479171000882,0.9867132537619862,0.006038655366826773,1.0
NP_005926,0.08392194655649403,0.9870442897267101,0.005958705740840382,1.0
NP_001185748,0.08347065913044044,0.9871751478901107,0.005926852915075,1.0
NP_705902,0.08333749152700738,0.9872136511647609,0.005917453272503478,1.0
NP_149034,0.08279404880235526,0.9873702542914715,0.005879092495100172,1.0
NP_149080,0.08261265541353259,0.9874223383279526,0.005866287558635309,1.0
NP_665910,0.08198000388574635,0.9876032561498368,0.005821624790201736,1.0
NP_004645,0.08196487562975195,0.9876075682918365,0.005820556744293572,1.0
NP_000113,0.08165181750506381,0.9876966545382292,0.005798454511107955,1.0
NP_004266,0.08120094185078043,0.9878244640854084,0.005766620488274038,1.0
NP_002664,0.08091770443955275,0.9879044539023883,0.005746621501384127,1.0
NP_003812,0.0803236674609668,0.988071465530975,0.005704674790011492,1.0
NP_001001937,0.07971966697444198,0.9882402318965259,0.005662020896725193,1.0
NP_004541,0.07968688873588294,0.9882493603614261,0.005659706026533482,1.0
NP_055223,0.07956376750012133,0.9882836207493604,0.005651010841953681,1.0
NP_000280,0.07922994816785438,0.9883762896925493,0.0056274347716129625,1.0
NP_077005,0.07913926819981727,0.9884014067087943,0.005621030284043507,1.0
NP_060230,0.078600388878047,0.9885501746589366,0.005582968953372703,1.0
NP_443157,0.07836622275565669,0.9886145569201128,0.005566428768487989,1.0
NP_003076,0.07786869095664112,0.9887508181220397,0.005531284079007107,1.0
NP_068817,0.07783180458488484,0.9887608915371674,0.005528678397730002,1.0
NP_056651,0.07752338890361031,0.9888449618623698,0.005506891145690931,1.0
NP_005524,0.07704322067701609,0.9889752948635447,0.005472968965801813,1.0
NP_000457,0.07687791224336274,0.9890200082382048,0.005461289976557811,1.0
NP_786886,0.07639373388733206,0.9891505086122063,0.005427081348500704,1.0
NP_006577,0.07567567040124396,0.9893427758892667,0.005376343713316514,1.0
NP_004674,0.07549206320502845,0.9893916937254125,0.005363369384603859,1.0
NP_057406,0.07548480786903294,0.9893936246919757,0.005362856690153396,1.0
NP_004291,0.07517194491505648,0.9894767431760032,0.005340747893471658,1.0
NP_056110,0.07422743512374971,0.9897259106403593,0.005273997131700966,1.0
NP_945327,0.07413415396492658,0.9897503749331211,0.00526740424341072,1.0
NP_000192,0.0737474137853019,0.9898515265077573,0.005240069443982347,1.0
NP_057132,0.07295476838610301,0.9900574473353119,0.005184040564813779,1.0
NP_060909,0.07284716591914657,0.9900852564773668,0.005176434097540958,1.0
NP_055100,0.07238116578086308,0.9902052906203005,0.005143490993327331,1.0
NP_055702,0.07218295301829702,0.9902561495458174,0.0051294780105750944,1.0
NP_037389,0.07183013430002849,0.9903463863355446,0.0051045339244781525,1.0
NP_573441,0.07154138960301575,0.990419956888694,0.005084118905116909,1.0
NP_004107,0.07118053759197802,0.99051154679578,0.0050586045287255785,1.0
NP_997191,0.07049618506936003,0.9906841662397275,0.00501021315397291,1.0
NP_060307,0.06973727182073057,0.9908739343395231,0.004956543997477649,1.0
NP_055764,0.06962151119611516,0.990902726893493,0.004948357078455362,1.0
NP_001243624,0.06904068320417542,0.9910465778616556,0.004907277245036129,1.0
NP_958928,0.06758872775318701,0.9914016724654438,0.004804570922651785,1.0
NP_001123556,0.06710746349446775,0.9915179464851634,0.004770523269877496,1.0
NP_004430,0.06689492667798864,0.9915690689717573,0.004755486340565597,1.0
NP_476502,0.06460418577289297,0.9921112167692275,0.004593388119535109,1.0
NP_036587,0.0644569551033353,0.9921455051956277,0.004582967924683848,1.0
NP_060715,0.06356431184246729,0.9923519455557811,0.0045197867647920435,1.0
NP_065176,0.06317028834903676,0.992442279003253,0.004491895287748289,1.0
NP_004270,0.06281930120837867,0.9925223365500664,0.004467048879948332,1.0
NP_003745,0.06252725602467699,0.9925886553698522,0.0044463740326539805,1.0
NP_006691,0.0620945901869643,0.992686414362854,0.004415742604255852,1.0
NP_667339,0.06175911842961202,0.9927618073315729,0.004391990924426328,1.0
NP_057117,0.06157490813973795,0.9928030553895876,0.004378948200467533,1.0
NP_000267,0.06152870061848437,0.9928133853094115,0.0043756764949587695,1.0
NP_037469,0.06114413420716988,0.9928990955361943,0.004348446586108295,1.0
NP_060200,0.06083870040134199,0.9929668360447482,0.004326818740876775,1.0
NP_037452,0.060348039812504264,0.993075038611851,0.004292072972989441,1.0
NP_055589,0.05911698582738407,0.9933431500441572,0.00420488611674391,1.0
NP_005709,0.0589976965296499,0.9933688735593579,0.0041964368871198416,1.0
NP_003934,0.058325234916891434,0.9935130325336414,0.0041488039252377045,1.0
NP_061332,0.058294693047221534,0.9935195456071769,0.004146640422614859,1.0
NP_001094827,0.05784907232022482,0.9936142345527469,0.004115072798308037,1.0
NP_001123573,0.0576662847698134,0.9936528904485938,0.0041021236101108395,1.0
NP_001161362,0.05725936193211757,0.9937385609947571,0.004073294833499283,1.0
NP_005994,0.056712143966102385,0.9938529281046234,0.004034524103877754,1.0
NP_001071640,0.056510419007451594,0.9938948445594223,0.00402023100491835,1.0
NP_055462,0.05642704826701521,0.9939121298147391,0.004014323702122579,1.0
NP_037530,0.056073746636255986,0.9939851306035842,0.00398928944504684,1.0
NP_055180,0.0548617557065259,0.9942324851770015,0.0039034005926277477,1.0
NP_079092,0.05365837275898346,0.9944733557128064,0.0038181070960848595,1.0
NP_077315,0.0535274060467369,0.9944992848488193,0.003808823543027778,1.0
NP_055704,0.05000180756017457,0.9951760894867313,0.0035588470553270003,1.0
NP_001158508,0.04990227149964959,0.995194600467704,0.003551787801462278,1.0
NP_006639,0.04981383105305545,0.9952110203163217,0.0035455153820583975,1.0
NP_001014433,0.049799370061039794,0.9952137026674774,0.0035444897645412784,1.0
NP_004570,0.048543864785562475,0.9954439264534751,0.0034554374640380866,1.0
NP_001268,0.04613808063584877,0.9958703117124003,0.0032847520344012025,1.0
NP_059509,0.045554584823726096,0.9959707838046361,0.0032433453979060314,1.0
NP_116098,0.04405933214599002,0.9962229716697478,0.0031372220170802685,1.0
NP_005538,0.043955568768097024,0.9962401895540227,0.003129856723973724,1.0
NP_060372,0.04329377540786552,0.9963491373499994,0.003082878995501762,1.0
NP_694566,0.043082858522462436,0.9963835443645199,0.003067906025799479,1.0
NP_000278,0.04288243279121338,0.9964160985478864,0.003053677405365128,1.0
NP_056994,0.042818369907901124,0.9964264748908225,0.003049129368478896,1.0
NP_064505,0.041108806539694696,0.9966981553711235,0.00292774645550415,1.0
NP_000420,0.040702983817289845,0.9967611653208417,0.002898927771935807,1.0
NP_001157787,0.03965000795345958,0.9969219899074032,0.0028241450414360656,1.0
NP_919255,0.039448436615178294,0.9969523366977724,0.002809828092127604,1.0
NP_110517,0.03878321664123747,0.9970514804317718,0.0027625767876566934,1.0
NP_001035897,0.03834976693168499,0.9971152489931332,0.0027317859697455716,1.0
NP_002532,0.034603032365221734,0.9976388908521582,0.0024655512012291057,1.0
NP_001167587,0.034018685905317696,0.9977160716992404,0.0024240160047302355,1.0
NP_937872,0.030063737940233547,0.9982062214126881,0.0021428083650778373,1.0
NP_997255,0.029614150205468693,0.9982583598318974,0.002110831409075851,1.0
NP_680544,0.02450351321760412,0.9987989324745138,0.0017471929180601915,1.0
NP_000534,0.023710509476315644,0.998874146903229,0.0016907443618644023,1.0
NP_076972,0.023343646331122455,0.998908148158442,0.0016646277036240047,1.0
NP_612213,0.021701194352421575,0.9990541826467381,0.0015476862651417943,1.0
NP_001240841,0.020755618368346357,0.999133646523313,0.0014803494856692895,1.0
NP_000914,0.014716039624120677,0.9995607241591127,0.001050041940379933,1.0
NP_009030,0.014047729604059861,0.999599335421826,0.0010024034365449359,1.0
NP_006812,0.013271375142510292,0.9996420019500483,0.0009470575989880394,1.0
NP_981961,0.012244490821078893,0.9996948133842377,0.0008738422191462481,1.0
NP_001032238,0.012114948942685189,0.999701181595248,0.0008646053066813687,1.0
NP_004235,0.01150860746683466,0.9997301111909715,0.0008213681901962818,1.0
NP_000144,0.002673069596956355,0.9999852554140377,0.00019089709398130593,1.0
NP_001091896,0.002128900689427327,0.999990640335539,0.00015204121491286293,1.0
